序號,縣市及鄉鎮市區,村里,避難收容處所地址,經度,緯度,避難收容處所名稱,預計收容村里,預計收容人數,適用災害類別,管理人姓名,管理人電話,室內,室外,適合避難弱者安置,is_indoor,nearest_station,aqi_value,distance_m,distance_km
1,新竹縣,,,121.073,24.386,五峰活動中心,大隘村、花園村、桃山村、竹林村,110,"水災,震災,土石流",張兒,03-5851001,是,否,是,True,三義,31,31796.16072479372,31.796160724793722
3,新竹縣北埔鄉,南坑村,9鄰大南坑1-5號,121.0561,24.6725,南坑村集會所暨南外社區活動中心,南坑村、外坪村,20,"水災,震災,土石流",葉貴霖,03-5805355,否,否,否,True,竹東,34,8274.476846618958,8.274476846618958
6,桃園市復興區,霞雲里,6鄰22-1號,121.406238,24.814018,霞雲社區活動中心,霞雲里,36,"水災,震災,土石流,海嘯",呂品秀,03-3821500#124,是,否,否,True,新北（樹林）,38,15129.006963977015,15.129006963977016
8,桃園市復興區,奎輝里,3鄰羅馬路3段355號,121.334302,24.797047,奎輝里活動中心,奎輝里,50,"水災,震災,土石流,海嘯",呂品秀,03-3821500#124,是,否,否,True,龍潭,36,14031.383095853622,14.031383095853622
10,連江縣莒光鄉,大坪村,57-1號,119.977206,25.956666,東莒老人活動中心,大坪村,0,,曹以樹,0836-8914621,否,否,否,True,馬祖,61,21970.894018429066,21.970894018429068
12,連江縣莒光鄉,西坵村,莒光指揮部國軍文康中心,119.932125,25.97828,莒光指揮部國軍文康中心,西坵村,0,,朱永元指揮官,0836-89217,否,否,否,True,馬祖,61,19548.315203397822,19.548315203397824
13,連江縣莒光鄉,田沃村,52號,119.944922,25.972438,田沃老人活動中心,田沃村,0,,曹以樹,0836-89146,否,否,否,True,馬祖,61,20101.718101539765,20.101718101539767
14,連江縣莒光鄉,青帆村,1號,119.933712,25.969995,青帆老人活動中心,青帆村,150,,曹以樹,0836-89416,否,否,否,True,馬祖,61,20445.952261366663,20.445952261366664
15,連江縣莒光鄉,青帆村,18號,119.933934,25.970819,敬恆國中小禮堂,青帆村,200,,陳玉嬌,0836-88254,否,否,否,True,馬祖,61,20352.992133004984,20.352992133004985
16,連江縣莒光鄉,大坪村,4號,119.97711,25.957484,東莒國小綜合教室,大坪村,200,,林湘官,0836-89043203,否,否,否,True,馬祖,61,21879.76027820848,21.87976027820848
18,桃園市觀音區,上大里,8鄰大湖路一段510號,121.147333,24.978234,上大社區活動中心,上大村、富源村、崙坪村,0,,魏秀有,919103049,否,否,否,True,平鎮,45,6376.929336718861,6.376929336718861
19,桃園市觀音區,武威里,4鄰武威一路10號,121.073317,25.028242,武威社區活動中心,武威村、三和村、保生村,0,,廖介文,972196113,否,否,否,True,觀音,53,1257.0267233657703,1.2570267233657704
20,桃園市觀音區,塔腳里,4鄰塔腳路116號,121.154708,25.049298,塔腳社區活動中心,塔腳村、廣福村、保障村,0,,莊林乾,932948680,否,否,否,True,大園,42,4994.690430210468,4.9946904302104675
21,桃園市觀音區,廣福里,福山路二段403巷6號,121.153383,25.019018,廣福社區活動中心,廣福村、新坡村、草漯村,0,,陳秀鳳,4983945,否,否,否,True,大園,42,6797.505283647587,6.797505283647587
22,桃園市觀音區,草新里,新生路1462號,121.142939,25.045941,草漯國民小學,草漯村、樹林村、保障村,100,,羅淑貞,4830160#51,否,否,否,True,觀音,53,6173.188888934638,6.1731888889346385
23,桃園市觀音區,上大里,8鄰大湖路一段540號,121.146755,24.979129,上大國民小學,上大村、富源村、崙坪村,100,,張秀琪,4901174#510,否,否,否,True,平鎮,45,6473.385032018571,6.473385032018571
24,桃園市觀音區,崙坪里,崙坪里297之1號,121.162676,24.999596,崙坪國民小學,崙坪村、大同村、上大村,100,,吳曉芬,4981286#51,否,否,否,True,平鎮,45,6654.0313166248725,6.654031316624873
25,桃園市觀音區,富林里,大觀路三段466號,121.1285,25.062195,富林國民小學,富林村、廣興村、草漯村,100,,王文昌,4839049#51,否,否,否,True,觀音,53,5471.0525364220775,5.471052536422078
26,桃園市觀音區,樹林里,觀音鄉樹林村新村路二段十二號,121.128468,25.062176,樹林國民小學,樹林村、草漯村、富林村,100,,張麗君,4830414#51,否,否,否,True,觀音,53,5467.198865861006,5.467198865861006
27,桃園市觀音區,觀音里,觀新路56號,121.083597,25.028281,觀音區公所綠資源中心,觀音村、三和村、武威村,0,,許誌峰,925629102,否,否,否,True,觀音,53,810.7609501237766,0.8107609501237767
29,高雄市前鎮區,竹中里,廣西路57號,120.32,22.615,高雄市前鎮區光華國民小學,全區綜合調度,300,"水災,震災,土石流,海嘯",總務組,7222846,否,否,是,True,復興,73,1076.3720037833766,1.0763720037833766
30,臺東縣大武鄉,大武村,民族街2巷49號,120.905497,22.365009,大武國小,收容大鳥村1-6鄰，15-16鄰,350,"水災,震災,土石流,海嘯",陳佩瑜,089-791826,是,否,是,True,屏東（枋山）,54,28597.08434369139,28.59708434369139
31,苗栗縣頭份市,尖下里,尖豐路305號,120.894048,24.64686,尖山國小操場,尖山里、尖下里、廣興里,200,"水災,震災,土石流,海嘯",李鴻明,037-624474#29,否,是,是,True,頭份,35,5562.935060801006,5.562935060801006
32,高雄市小港區,鳳源里,鳳林路207號,120.343,22.527,高雄市小港區鳳林國民小學,鳳林、鳳源,300,"水災,震災,土石流,海嘯",陳宜亨,8712367＊710,否,否,否,True,小港,99,4334.045757232097,4.334045757232096
45,屏東縣霧臺鄉,大武村,2鄰小山巷7號,120.754782,22.757534,大武社區活動中心,大武村,30,"水災,土石流",歐光夫,932451102,是,否,是,True,美濃,97,26919.255620170075,26.919255620170077
46,花蓮縣秀林鄉,和平村,和平112號,121.748879,24.308073,和平國小,和中部落,250,"水災,土石流",蔡金郎,03-868113,是,否,否,True,冬山,40,36178.04659963392,36.178046599633916
47,屏東縣瑪家鄉,佳義村,泰平巷11號,120.630874,22.653475,佳義社區活動中心,佳義村,0,"水災,土石流",葉明仁,08-7990209,是,否,是,True,屏東,99,14839.06976083111,14.839069760831109
48,彰化縣員林市,中東里,山腳路五段185巷20號,120.599689,23.971414,中東社區活動中心,崙雅里 振興里 林厝里 出水里 湖水里 大峰里 鎮興里 浮圳里 西東里 南東里 中東里 東北里 共12里,30,"水災,土石流,海嘯",黃勝裕,8347171,否,否,否,True,員林,54,3870.500728734453,3.870500728734453
49,彰化縣員林市,三和里,育英路103號,120.574848,23.961057,崇實高工體育館,中正里 和平里 忠孝里 仁愛里 三橋里 三愛里 三信里 三多里 共8里,80,"水災,震災,土石流,海嘯",張文福,8347171,否,否,否,True,員林,54,1188.0494602584781,1.1880494602584781
50,彰化縣彰化市,東芳里,彰馬路45號,120.516345,24.062538,東芳國小,東芳里南安里刺桐里磚?里,145,"水災,震災,土石流,海嘯",楊娣雅,72221411710,否,否,否,True,彰化,57,2588.595473494374,2.5885954734943737
51,彰化縣員林市,三義里,員鹿路245巷112號,120.563531,23.95268,三義社區活動中心,三義里 新生里 南平里 南興里 源潭里 大埔里 共6里,200,"水災,土石流,海嘯",?淑娟,8347171,否,否,否,True,員林,54,987.8863123302322,0.9878863123302322
52,彰化縣員林市,三和里,大同路一段345號,120.579502,23.963213,大同國中,中正里 和平里 忠孝里 仁愛里 三橋里 三愛里 三信里 三多里 共8里,200,"水災,震災,土石流,海嘯",張文福,8347171,否,否,否,True,員林,54,1669.8494322405083,1.6698494322405084
53,彰化縣員林市,萬年里,員水路二段313號,120.581692,23.955187,員林農工體育館,崙雅里 振興里 林厝里 出水里 湖水里 大峰里 鎮興里 浮圳里 西東里 南東里 中東里 東北里 共12里,200,"水災,震災,土石流,海嘯",陳宗虎,8347171,否,否,否,True,員林,54,2012.4104210676528,2.0124104210676528
54,彰化縣員林市,南東里,員東路二段12號,120.587309,23.961879,員林市員東國小,崙雅里 振興里 林厝里 出水里 湖水里 大峰里 鎮興里 浮圳里 西東里 南東里 中東里 東北里 共12里,200,"水災,震災,土石流,海嘯",盧佳玉,8347171,否,否,否,True,員林,54,2454.960743582874,2.4549607435828738
55,彰化縣員林市,南興里,南潭路2號,120.557085,23.979184,員林市員林國中活動中心,三義里 新生里 南平里 南興里 源潭里 大埔里 共6里,200,"水災,震災,土石流,海嘯",盧佳玉,8347171,否,否,否,True,員林,54,2044.6818747954392,2.0446818747954394
56,彰化縣員林市,中正里,三民東街221號,120.57921,23.960059,員林市員林國小,中正里 和平里 忠孝里 仁愛里 三橋里 三愛里 三信里 三多里 共8里,300,"水災,震災,土石流,海嘯",陳淑莉,8347171,否,否,否,True,員林,54,1639.3470946827765,1.6393470946827766
58,屏東縣屏東市,北勢里,信義路262號,120.49197,22.68523,屏東市信義國小,北勢里,965,"水災,震災",朱健華,08-7383628#14,是,是,是,True,屏東,99,1404.7976848005678,1.4047976848005679
60,彰化縣彰化市,福田里,彰南路五段8號,120.613159,24.068651,大快官藝文館,福田里、台鳳里、竹巷里、快官里,45,"水災,震災,土石流,海嘯",楊娣雅,04-72221411710,否,否,否,True,彰化,57,7291.0515925966365,7.291051592596636
61,彰化縣彰化市,香山里,彰南路二段512巷97號,120.589342,24.08054,彰德國中勤學樓、育英樓穿堂,香山里,45,"水災,震災,土石流,海嘯",楊娣雅,4.72E+11,否,否,否,True,彰化,57,5122.633875467681,5.122633875467681
62,彰化縣彰化市,介壽里,介壽新村21號,120.551727,24.070873,介壽社區活動中心,介壽里,45,"水災,震災,土石流,海嘯",楊娣雅,04-72221411710,否,否,否,True,彰化,57,1169.967683757001,1.169967683757001
63,彰化縣彰化市,國聖里,中山路三段608號,120.568089,24.092292,國聖國小,國聖里文化里龍山里中山里中正里中庄里三村里古夷里,54,"水災,震災,土石流,海嘯",楊娣雅,04-72221411710,否,否,否,True,彰化,57,3972.1637649218997,3.9721637649218997
64,彰化縣彰化市,石牌里,田坑路一段9號,120.614942,24.058558,石牌國小,石牌里,63,"水災,震災,土石流,海嘯",楊娣雅,04-72221411710,否,否,否,True,彰化,57,7512.095693478374,7.512095693478375
65,彰化縣彰化市,茄苳里,茄苳路二段292號,120.547944,24.10378,茄苳社區活動中心,茄苳里、寶?里、茄南里,64,"水災,土石流,海嘯",楊娣雅,04-72221411710,否,否,否,True,彰化,57,4234.875276480922,4.234875276480922
66,彰化縣彰化市,田中里,田中路125號,120.604547,24.085743,三民國小,田中里,77,"水災,震災,土石流,海嘯",楊娣雅,04-72221411710,否,否,否,True,彰化,57,6771.683994216526,6.771683994216526
67,彰化縣彰化市,崙平里,平和七街66號,120.529851,24.068206,南北管戲曲音樂館,崙平里,77,"水災,震災,土石流,海嘯",施政興,04-7639509,否,否,否,True,彰化,57,1211.4295571214082,1.2114295571214082
68,彰化縣彰化市,牛埔里,彰南路三段226號,120.597531,24.081368,牛埔社區活動中心,牛埔里,78,"水災,震災,土石流,海嘯",楊娣雅,4.72E+11,否,否,否,True,彰化,57,5944.504758778929,5.944504758778929
69,彰化縣彰化市,桃源里,公園路二段102之1號,120.559047,24.072547,桃源社區活動中心,桃源里卦山里東興里華陽里復興里,90,"水災,震災,土石流,海嘯",楊娣雅,04-72221411710,否,否,否,True,彰化,57,1924.2559292916662,1.9242559292916663
70,彰化縣彰化市,南興里,中山路一段189巷49號,120.533189,24.056604,南興社區活動中心,南興里,93,"水災,震災,土石流,海嘯",楊娣雅,04-72221411718,否,否,否,True,彰化,57,1341.8310945228081,1.3418310945228082
71,彰化縣彰化市,快官里,彰南路四段566號之1,120.612013,24.068422,快官社區活動中心,台鳳里、竹巷里、快官里,115,"水災,震災,土石流,海嘯",楊娣雅,04-72221411710,否,否,否,True,彰化,57,7173.623541965601,7.173623541965601
72,彰化縣彰化市,福山里,福山街168號,120.571394,24.082668,福山社區活動中心,福山里安溪里,177,"水災,震災,土石流,海嘯",楊娣雅,04-72221411710,否,否,否,True,彰化,57,3554.755914731261,3.554755914731261
73,彰化縣彰化市,延和里,埔西街111號,120.538252,24.059306,延和社區活動中心,延和里延平里建寶里,184,"水災,震災,土石流,海嘯",楊娣雅,04-72221411710,否,否,否,True,彰化,57,812.4085250469817,0.8124085250469817
74,彰化縣彰化市,阿夷里,泰和路二段145巷1號,120.55168,24.092496,泰和國小,阿夷里、下?里、興北里、信義里、民生里、陽明里、萬安里、新興里、新華里、光復里、和調里,203,"水災,震災,土石流,海嘯",楊娣雅,04-72221411710,否,否,否,True,彰化,57,3111.0380176894796,3.1110380176894794
75,彰化縣彰化市,延和里,埔西街107號,120.538251,24.059274,彰興國中,延和里延平里建寶里,242,"水災,震災,土石流,海嘯",楊娣雅,04-72221411710,否,否,否,True,彰化,57,815.6853825349023,0.8156853825349023
76,彰化縣彰化市,向陽里,向陽街168號,120.52814,24.062723,信義國中小,向陽里南美里平和里,399,"水災,震災,土石流,海嘯",楊娣雅,04-7221411710,否,否,否,True,彰化,57,1408.135103183597,1.4081351031835971
77,彰化縣和美鎮,雅溝里,南軒路359巷7號,120.492521,24.099707,雅溝社區活動中心,雅溝,150,"水災,土石流,海嘯",張敬堂,7552354,否,否,否,True,線西,62,4268.5299578089125,4.268529957808912
79,新竹縣湖口鄉,信勢村,成功路360號,121.0376,21.9002,湖口鄉信勢國小禮堂,信勢村、德盛村、波羅村,385,"震災,土石流,海嘯",林志華,03-5993911,是,否,是,True,恆春,40,26475.584899082805,26.475584899082804
80,屏東縣滿州鄉,港口村,港口路42號,120.8271,21.9912,港口社區活動中心,港口村,50,"水災,土石流",楊秀蘭,08-8801356,是,否,是,True,恆春,40,5384.771204748069,5.384771204748069
81,屏東縣恆春鎮,城南里,文化路79號,120.7475,22.0031,恆春國中收容所,城南里,1400,"水災,震災,土石流,海嘯",郭君毓,08-8892039,是,否,是,True,恆春,40,6569.686849757017,6.569686849757017
83,屏東縣滿州鄉,永靖村,庄內路33巷8-1號,120.8092,22.0052,永靖社區活動中心,永靖村,30,"水災,土石流,海嘯",潘一福,08-8802248,是,否,否,True,恆春,40,5622.563605946444,5.6225636059464446
84,屏東縣滿州鄉,永靖村,新庄路25號,120.817377,22.005679,永港國民小學,永靖村,100,"水災,土石流,海嘯",王嚲駿,08-8801125#14,是,是,是,True,恆春,40,6034.721406102025,6.034721406102025
85,屏東縣恆春鎮,城北里,北門路39巷26號,120.7466,22.0064,恒春國小收容所,城北里,200,"水災,震災,土石流,海嘯",蔡迪偉,08-8892035,是,否,是,True,恆春,40,6909.493560008453,6.909493560008452
86,屏東縣恆春鎮,城西里,西門路146號,120.7442,22.0087,僑勇國小收容所,城西里,430,"水災,震災,土石流,海嘯",周淑琴,08-8893034,是,否,是,True,恆春,40,7263.543825525084,7.263543825525084
87,屏東縣滿州鄉,滿州村,中山路39號,120.838101,22.020382,滿州國民小學,滿州村,100,"水災,震災,土石流,海嘯",徐培祥,08-8801162#14,是,是,是,True,恆春,40,8566.329949334775,8.566329949334776
89,臺東縣蘭嶼鄉,紅頭村,臺東縣蘭嶼鄉紅頭村1-1號,121.5546,22.0211,舊蘭嶼國小,紅頭村,100,"水災,土石流,海嘯",周孋珠,（089）731633,是,否,否,True,恆春,40,79370.9348784004,79.37093487840039
90,屏東縣滿州鄉,滿州村,中山路107號,120.8371,22.0233,滿州社區活動中心,滿州村,30,"水災,土石流,海嘯",潘啟元,08-8801375,是,否,是,True,恆春,40,8769.54610258819,8.76954610258819
91,屏東縣滿州鄉,滿州村,中山路152號,120.8377,22.0243,屏東縣滿州鄉圖書館,滿州村、永靖村,100,"水災,土石流,海嘯",王淑娟,08-8801105#302,是,否,是,True,恆春,40,8895.87152958624,8.895871529586241
92,屏東縣滿州鄉,滿州村,文化路32號,120.839695,22.024499,滿州國民中學,滿州村 里德村,100,"水災,震災,土石流,海嘯",簡亞藍,08-8801106#14,是,是,是,True,恆春,40,9032.023380452494,9.032023380452495
93,臺東縣蘭嶼鄉,紅頭村,臺東縣蘭嶼鄉紅頭村漁人147號,121.539,22.026,蘭恩活動中心,紅頭村漁人部落,500,"水災,震災,土石流",希瑪拉歐斯執行長,（089）732073,是,否,否,True,恆春,40,77815.6366995136,77.8156366995136
94,臺東縣蘭嶼鄉,紅頭村,1號 之1,121.5266,22.0302,蘭嶼國民小學,蘭嶼國小附近住戶,100,"水災,震災,土石流,海嘯",許淑貞,（089）731576,是,否,是,True,恆春,40,76587.27165568895,76.58727165568895
95,屏東縣滿州鄉,,福德路64巷3號,120.8335,22.0377,響林活動中心,響林村,50,"水災,土石流,海嘯",王登興,08-8801348,是,否,是,True,恆春,40,9945.605468020212,9.945605468020212
96,臺東縣蘭嶼鄉,椰油村,1號,121.5176,22.0453,椰油國民小學,椰油國小附近住戶,100,"水災,震災,土石流",蔡美英,（089）732017,是,否,是,True,恆春,40,75853.80202006733,75.85380202006733
97,臺東縣蘭嶼鄉,椰油村,臺東縣蘭嶼鄉椰油村34號,121.5126,22.0494,蘭嶼完全高級中學,椰油村,500,"水災,震災,土石流",鍾蘭芬,（089）732016#203,是,否,否,True,恆春,40,75400.2352035443,75.4002352035443
98,屏東縣車城鄉,保力村,保力路30號,120.7275,22.0561,屏東縣立車城國小保力分校,保力村、統埔村,63,"水災,震災,海嘯",王菀珊,08-8821009,是,否,是,True,恆春,40,12571.159979601109,12.57115997960111
99,屏東縣車城鄉,埔墘村,埔墘路38號,120.7118,22.0567,屏東縣立車城國小射寮分校,後灣村、射寮村、埔墘村、新街村,63,"水災,震災",董倫賢,08-8821010,是,否,是,True,恆春,40,13515.532492501105,13.515532492501105
100,屏東縣車城鄉,福興村,新興路42號,120.7165,22.0729,屏東縣立車城國中,福興村、福安村、統埔村,350,"水災,震災,海嘯",陳忠能,08-8821045,是,否,是,True,恆春,40,14750.016450849795,14.750016450849795
101,屏東縣牡丹鄉,四林村,四林路80號,120.8139,22.0731,高士國小牡林分校,四林村,304,"水災,震災,土石流,海嘯,核子事故",曾村長蘭妹,08-8811160,是,是,是,True,恆春,40,12994.55101242033,12.994551012420331
103,屏東縣車城鄉,福興村,中山路66號,120.7146,22.0749,屏東縣立車城國小,福興村、福安村、田中村、海口村,250,"水災,震災,海嘯",徐志明,08-8821006,是,否,是,True,恆春,40,15040.417863989522,15.040417863989521
104,屏東縣滿州鄉,長樂村,大公路35號,120.8286,22.0755,長樂國小,分水嶺社區,120,"水災,土石流,海嘯",楊惠芳,08-8811045#14,是,是,否,True,恆春,40,13631.799780781294,13.631799780781293
105,屏東縣車城鄉,福安村,福安路5之1號,120.7119,22.0766,車城福安宮香客大樓,福興村、福安村、田中村、海口村,100,"水災,震災,海嘯",陳泰崇,08-8821345,是,否,是,True,恆春,40,15345.171169951058,15.345171169951058
106,臺東縣蘭嶼鄉,朗島村,臺東縣蘭嶼鄉朗島村17號,121.5286,22.0792,朗島國小,朗島村,100,"水災,震災,土石流",陳客宏,89732019,是,否,是,True,恆春,40,77531.92086424254,77.53192086424254
107,屏東縣車城鄉,溫泉村,文化路23號,120.7487,22.096,屏東縣立車城國小溫泉分校,溫泉村,63,"水災,震災,海嘯",邱麗文,08-8821005,是,否,是,True,恆春,40,15826.34195660135,15.82634195660135
108,屏東縣滿州鄉,九棚村,九棚路大愛巷6號,120.87378,22.111079,九棚永久屋大愛基地活動中心,九棚村,100,"水災,震災,土石流",羅美娟,08-8801105#703,是,是,否,True,恆春,40,19071.64321153404,19.071643211534038
109,屏東縣牡丹鄉,高士村,高士路29號,120.847,22.1248,高士國小,高士村,350,"水災,震災,土石流,海嘯",李村長德福,08-8810497,是,是,是,True,恆春,40,19409.323459924937,19.409323459924938
110,屏東縣牡丹鄉,石門村,石門路18號,120.774,22.1254,石門村活動中心,石門村,100,"水災,震災,土石流,海嘯",林村長一江,08-8831045,是,否,是,True,恆春,40,18590.93379852296,18.59093379852296
111,屏東縣滿州鄉,港仔村,港仔路67號,120.8815,22.1334,港仔活動中心,港仔村,50,"水災,土石流",鍾登讚,08-8810429,是,否,是,True,恆春,40,21636.868667983203,21.6368686679832
112,屏東縣獅子鄉,竹坑村,竹坑一巷1鄰8號,120.7012,22.1454,竹坑活動中心,竹坑村,40,"水災,震災,土石流",蔡錫金,08-8770106,是,否,是,True,屏東（枋山）,54,13777.988716378308,13.777988716378308
113,屏東縣牡丹鄉,牡丹村,牡丹路93號,120.8377,22.1766,牡丹國小,牡丹村,350,"水災,震災,土石流,海嘯",葉村長德生,08-8830057,是,是,是,True,屏東（枋山）,54,21347.582413951972,21.347582413951972
114,屏東縣枋山鄉,善餘村,光復24號,120.6922,22.1902,楓港國民小學,善餘村,90,"水災,震災,土石流,海嘯",黃志宏,08-8771158,是,否,是,True,屏東（枋山）,54,8882.95916136668,8.88295916136668
115,屏東縣牡丹鄉,旭海村,旭海路93-1號,120.8786,22.1917,旭海村活動中心,旭海村,250,"水災,震災,土石流",潘村長呈清,08-8830117,是,是,是,True,屏東（枋山）,54,24635.918364060442,24.63591836406044
116,屏東縣枋山鄉,楓港村,村舊庄1-2號,120.6895,22.193,楓港老人文康中心,楓港村,80,"水災,震災,土石流,海嘯",鄭美紋,08-8772073,是,否,是,True,屏東（枋山）,54,8478.748370058429,8.47874837005843
117,屏東縣獅子鄉,楓林村,楓林二巷22之2號,120.7038,22.2022,楓林國小,楓林村,50,"水災,震災,土石流",梁恆毅,08-8771371,是,否,是,True,屏東（枋山）,54,8446.273598070917,8.446273598070917
118,屏東縣獅子鄉,丹路村,丹路一巷39號,120.7515,22.2034,丹路國小,丹路村,50,"水災,震災,土石流",蔡金樹,08-8771144,是,是,是,True,屏東（枋山）,54,12118.383489151012,12.118383489151013
119,屏東縣獅子鄉,楓林村,舊庄280號,120.7014,22.2051,獅子鄉立綜合體育館,全鄉,100,"水災,震災,土石流",朱元龍,08-8771129#25,是,否,是,True,屏東（枋山）,54,8041.16565389305,8.04116565389305
120,屏東縣牡丹鄉,東源村,東源路6號,120.851,22.2052,東源村活動中心,東源村,250,"水災,震災,土石流,海嘯",賴村長光明,08-8830116,是,是,是,True,屏東（枋山）,54,21472.669977456786,21.472669977456786
121,屏東縣獅子鄉,內文村,3鄰26號,120.8507,22.2183,內文活動中心,內文村,40,"水災,震災,土石流",江新春,08-8700005,是,否,是,True,屏東（枋山）,54,21070.796248196326,21.070796248196327
122,屏東縣獅子鄉,獅子村,3鄰35號,120.6805,22.2323,獅子活動中心,獅子村,0,"水災,震災,土石流",林文旭,08-8761194,是,是,否,True,屏東（枋山）,54,4356.557194249574,4.356557194249574
123,屏東縣獅子鄉,草埔村,6鄰64號,120.8014,22.2341,草埔活動中心,草埔村,40,"水災,土石流",朱山櫻,08-8701163,是,否,是,True,屏東（枋山）,54,15735.789717109317,15.735789717109316
125,屏東縣枋山鄉,枋山村,國中路1號,120.6606,22.2643,枋寮高中正成分校,枋山村,150,"水災,土石流,海嘯",徐敏雄,08-8761140,是,否,是,True,屏東（枋山）,54,1013.3225746609069,1.013322574660907
127,臺東縣達仁鄉,森永村,臺東縣達仁鄉森永村3鄰31號,120.864826,22.280641,森永活動中心,森永村,100,,歐慧玲,089-702136,否,否,否,True,屏東（枋山）,54,22095.693650286506,22.095693650286506
128,臺東縣達仁鄉,南田村,臺東縣達仁鄉南田村10之2號,120.888972,22.286514,南田活動中心,南田村,100,,村長 楊陳田龍,089-702285,否,否,否,True,屏東（枋山）,54,24638.935221856053,24.638935221856052
130,臺東縣達仁鄉,安朔村,6鄰安朔路114號,120.867753,22.293497,安朔集會所,安朔村,50,,村長 汪淑惠,089-702071,否,否,否,True,屏東（枋山）,54,22578.291107690005,22.578291107690006
131,臺東縣達仁鄉,安朔村,臺東縣達仁鄉安朔村8鄰113號,120.868276,22.294292,安朔國小,安朔村,200,,校長顏正一,089-702275,是,否,是,True,屏東（枋山）,54,22645.638022345218,22.645638022345217
132,臺東縣達仁鄉,安朔村,9鄰復興路14號,120.883062,22.297005,達仁鄉公所禮堂,安朔村、南田村、森永村,100,,黃恩潔,089-702249,否,否,否,True,屏東（枋山）,54,24197.75217684174,24.19775217684174
133,臺東縣卑南鄉,東興村,東興村東園一街40號,121.016385,22.301654,大南國民小學,東興村,50,,李玉如,089-382402,否,否,否,True,屏東（枋山）,54,37873.15168281022,37.87315168281022
134,屏東縣獅子鄉,內獅村,內獅村1號,120.6427,22.3052,內獅國小,內獅村、南世村,0,"水災,震災,土石流",周宗憲,08-8720034,是,否,是,True,屏東（枋山）,54,4987.814102072776,4.987814102072776
135,臺東縣大武鄉,南興村,達興路173號,120.8867,22.3104,南興村社區活動中心,南興社區,200,"水災,土石流,海嘯",鍾皓如,089-702165,是,否,否,True,屏東（枋山）,54,24850.91340381911,24.85091340381911
136,屏東縣琉球鄉,南福村,忠孝路1-10號,120.3634,22.3284,南福社區活動中心,南福村,50,"水災,震災,土石流,海嘯",黃文裕,8611579,是,否,是,True,屏東（琉球）,64,2997.2342307352137,2.997234230735214
137,屏東縣枋山鄉,加祿村,會社28號,120.6211,22.3302,加祿國民小學,加祿村,60,"水災,震災,土石流,海嘯",翁和正,08-8720060,是,否,是,True,屏東（枋山）,54,8286.985385863743,8.286985385863744
138,屏東縣琉球鄉,大福村,和平路3巷14-1號,120.3708,22.3338,大福社區活動中心,大福村,100,"水災,震災,土石流,海嘯",洪蔡麗霞,8613920,是,否,是,True,屏東（琉球）,64,2144.166001993424,2.144166001993424
139,屏東縣琉球鄉,大福村,中正路158號,120.3685,22.336,琉球國中,本福村、大福村,200,"水災,震災,土石流,海嘯",蔡妙美,8612509,是,否,是,True,屏東（琉球）,64,2008.1148981548877,2.0081148981548878
140,屏東縣琉球鄉,大福村,中正路293號,120.3683,22.3371,琉球國小,大福村、南福村,200,"水災,震災,土石流,海嘯",張簡振豐,8612597,是,否,是,True,屏東（琉球）,64,1909.7814743641572,1.9097814743641572
141,臺東縣大武鄉,尚武村,政通3街1號,120.8818,22.342,尚武村社區活動中心,大鳥社區7~9鄰,100,"水災,震災,土石流,海嘯",葉雅綸,089-791917,是,否,是,True,屏東（枋山）,54,25373.522260541067,25.373522260541066
142,臺東縣大武鄉,尚武村,政通5街6-1號,120.8806,22.3425,大武鄉立托兒所,加羅板部落、古庄部落,100,"水災,震災,土石流,海嘯",張輝煌,089-791721,是,否,否,True,屏東（枋山）,54,25277.619670537657,25.277619670537657
143,屏東縣琉球鄉,杉福村,復興路97號,120.3692,22.3462,全德國小,商福村、杉福村,200,"水災,震災,土石流,海嘯",黃建榮,8612534,是,否,是,True,屏東（琉球）,64,1061.486091315245,1.0614860913152449
145,屏東縣枋寮鄉,保生村,海邊路6號,120.5997,22.3562,老人文康活動中心,隆山村、安樂村、中寮村、保生村,150,水災,潘志信,08-8782012,是,否,是,True,屏東（枋山）,54,11823.768729749032,11.823768729749032
146,臺東縣大武鄉,大武村,大武街110號,120.9038,22.3564,大武老人會館,大鳥社區11~14鄰,150,"水災,震災,土石流,海嘯",董炎輝,089-791450,是,否,是,True,屏東（枋山）,54,28065.036063537027,28.065036063537026
147,臺東縣大武鄉,大武村,大武街21巷1號,120.9064,22.3581,大武鄉多功能綜合活動中心暨避難收容所,大武鄉,300,"水災,震災,土石流,海嘯",高佳珍,089-792275,是,否,是,True,屏東（枋山）,54,28384.034328968366,28.384034328968365
148,屏東縣春日鄉,古華村,古華路6鄰2巷46號,120.6281,22.3596,古華社區活動中心,古華村,100,"水災,土石流,海嘯",理事長陸清木,08-8783276,是,否,是,True,屏東（枋山）,54,11190.830357834073,11.190830357834074
149,臺東縣大武鄉,大武村,大武街56號,120.8975,22.3596,大武村社區活動中心,大鳥社區10鄰,100,"水災,土石流,海嘯",陳立忠,089-791826,是,否,是,True,屏東（枋山）,54,27602.97781641535,27.60297781641535
150,屏東縣春日鄉,古華村,3巷63號,120.626,22.361,古華國民小學,古華村、士文村,200,"水災,震災,土石流,海嘯",校長 林季福,08-8781040,是,否,是,True,屏東（枋山）,54,11390.157868240613,11.390157868240612
151,屏東縣枋寮鄉,隆山村,僑德路186號,120.6,22.3631,僑德國小,隆山村、安樂村、中寮村、保生村,320,水災,陳郁程,08-8782096,是,否,否,True,屏東（枋山）,54,12497.163526412096,12.497163526412097
152,屏東縣枋寮鄉,枋寮村,德興路197號,120.5908,22.3678,枋寮國小,枋寮村 新龍村,189,"水災,震災",鄭慧華,08-8782034,是,否,否,True,屏東（枋山）,54,13385.746140567077,13.385746140567077
154,屏東縣春日鄉,士文村,65號,120.6635,22.3689,古華國民小學-士文分校,士文村,60,"水災,震災,土石流,海嘯",主任 戴照吉,08-8790029,是,否,是,True,屏東（枋山）,54,12022.461801271393,12.022461801271392
155,屏東縣春日鄉,春日村,春日路13號,120.6243,22.3703,春日社區活動中心,春日村,50,"水災,震災,土石流,海嘯",理事長 余國基,08-8785913,是,否,是,True,屏東（枋山）,54,12432.71900346538,12.43271900346538
156,屏東縣春日鄉,春日村,春日路314號,120.627,22.3703,春日國民小學,春日村、古華村、士文村,200,"水災,震災,土石流,海嘯",校長戴文柱,08-8782433,是,否,是,True,屏東（枋山）,54,12373.054572184148,12.373054572184149
157,屏東縣枋寮鄉,新龍村,義民路3號,120.5908,22.3711,枋寮高中,枋寮村、新龍村,1136,"水災,震災",陳瑞華,08-8782095,是,否,否,True,屏東（枋山）,54,13709.885471898717,13.709885471898717
158,臺東縣達仁鄉,新化村,57號,120.856773,22.381551,臺東縣立安朔國小新化分校,新化村,200,,吳昭明,089-792495,否,否,否,True,屏東（枋山）,54,25015.60459560103,25.01560459560103
159,屏東縣枋寮鄉,人和村,建興路39號,120.6019,22.387,建興國小,天時村、地利村、人和村、新開村、內寮村,162,"水災,震災,海嘯",蔡有福,08-87813562,是,否,否,True,屏東（枋山）,54,14867.204733432876,14.867204733432876
161,屏東縣屏東市,崇武里,建國路25號,120.2912,22.3948,國立屏東高級工業職業學校,永安里2,2523,"水災,震災",張明誌,08-7523781#200,是,是,否,True,屏東（琉球）,64,10035.366222118715,10.035366222118714
162,屏東縣枋寮鄉,東海村,東海路486號,120.5773,22.4013,東海國小,東海村、大庄村,524,"水災,震災,海嘯",許?延,08-8712209,是,否,否,True,潮州,90,13589.289202136057,13.589289202136056
164,屏東縣枋寮鄉,太源村,太源路2-10號,120.593,22.4082,東海國小太源分校,太源村、玉泉村,90,"水災,震災,海嘯",陳惠靜,08-8711785,是,否,否,True,潮州,90,13138.33295390307,13.138332953903069
167,臺東縣大武鄉,大竹村,加津林50號,120.9223,22.4162,加津林活動中心,大竹本部落、富山、加津林,200,"水災,土石流,海嘯",鄭振雄,089-761098,是,否,否,True,屏東（枋山）,54,32770.73513228936,32.77073513228936
169,屏東縣春日鄉,七佳村,自強1路92號,120.629,22.4277,力里國民小學,力里村、歸崇村、七佳村,200,"水災,震災,土石流,海嘯",校長 陳玉賢,08-8791020,是,否,是,True,潮州,90,12661.770832070137,12.661770832070136
170,屏東縣春日鄉,七佳村,9鄰自強1路18號,120.6279,22.428,春日鄉立老人文康中心,力里村、歸崇村、七佳村,120,"水災,震災,土石流,海嘯",村長 鄞美瑛,08-878214558,是,否,是,True,潮州,90,12571.884217155006,12.571884217155006
171,屏東縣佳冬鄉,玉光村,大同路1號,120.5668,22.4285,佳冬國中,燄塭羌園,300,"水災,海嘯",林世翔,08-8662041,是,否,是,True,潮州,90,10491.775325363464,10.491775325363463
172,屏東縣林邊鄉,崎?村,成功路600號,120.4902,22.4298,屏東縣林邊鄉崎峰活動中心,田厝村、水利村、崎峰村,200,"水災,震災,海嘯",陳水村,932782242,是,否,是,True,林園,87,9771.44349482076,9.77144349482076
173,屏東縣來義鄉,南和村,19鄰289號,120.6379,22.435,來義鄉文物館,南和村,100,"水災,震災,土石流",村長連正三,08-8791069,是,否,是,True,潮州,90,12550.517044277323,12.550517044277324
174,屏東縣來義鄉,南和村,51號,120.6426,22.4364,南和國小,南和村,200,"水災,震災,土石流",村長連正三,08-8791069,是,否,否,True,潮州,90,12743.035973663133,12.743035973663133
175,屏東縣林邊鄉,仁和村,中山路417號,120.5114,22.4374,屏東縣林邊鄉仁和國民小學,林邊村、仁和村、永樂村、光林村、中林村,200,"水災,震災,海嘯",廖先生,08-8757745,是,是,否,True,潮州,90,10784.330807652048,10.784330807652047
177,臺東縣達仁鄉,土?村,2鄰10 號,120.887664,22.453853,臺東縣立土?國小,土?村,200,,蕭德光,089-761225,否,否,否,True,屏東（枋山）,54,32375.944396551826,32.37594439655182
178,臺東縣達仁鄉,土?村,1鄰106號,120.885982,22.454897,達仁鄉立土?托兒所,土?村,160,,蕭惠美,089-761893,否,否,否,True,屏東（枋山）,54,32322.628418784123,32.32262841878412
179,屏東縣東港鎮,大潭里,大潭路93號,120.495771,22.456799,大潭國小,"大潭里,下?里,大鵬里",150,"水災,震災",王舜民,08-8324226,是,是,是,True,林園,87,9004.854908984975,9.004854908984974
180,臺東縣大武鄉,大竹村,愛國蒲6鄰92號,120.9227,22.4575,愛國蒲分校,愛國蒲部落,100,"水災,震災,土石流,海嘯",張盛華,089-761007,是,否,是,True,屏東（枋山）,54,35414.31731217183,35.414317312171825
181,屏東縣東港鎮,船頭里,船頭路25號,120.4629,22.4624,以栗國小,船頭里 南平里 嘉蓮里,300,"水災,震災",吳俊岩,08-8322816,是,是,是,True,林園,87,5594.129339330293,5.594129339330293
182,屏東縣東港鎮,東隆里,東隆街21-1號,120.4488,22.4631,東隆宮香客大樓,本鎮各里第一收容所,300,水災,陳小姐,08-8353620,是,否,是,True,林園,87,4223.241752717471,4.223241752717471
184,屏東縣東港鎮,共和里,共和街45號,120.449937,22.463386,東隆國小,共和里、東隆里、興台里、八德里、中興里、朝安里,500,"水災,震災",林玫玲,08-8322064,是,是,是,True,林園,87,4315.982198406614,4.315982198406614
186,屏東縣林邊鄉,竹林村,中興122號,120.5331,22.4642,屏東縣林邊鄉竹林國民小學,竹林村,100,"水災,震災,海嘯",鐘主任,921696540,是,是,是,True,潮州,90,7133.857478653645,7.133857478653645
187,屏東縣東港鎮,船頭里,船頭路1號,120.4555,22.4652,東港高中,本鎮各里第二收容所,450,"水災,震災,海嘯",陳建銘,08-8322014,是,是,是,True,林園,87,4772.671313021923,4.772671313021923
188,屏東縣東港鎮,興東里,長春二路15號,120.4596,22.4694,東光國小,興東里 船頭里,150,"水災,震災,海嘯",林恆斌,08-8324927,是,是,是,True,林園,87,5049.606930990647,5.049606930990647
189,屏東縣東港鎮,興東里,中正路一段10號,120.4547,22.4707,東港國小,本鎮各里第三收容所,300,"水災,震災,海嘯",黃玉文,08-8322019,是,是,是,True,林園,87,4526.065997590096,4.526065997590096
191,臺東縣達仁鄉,台?村,10鄰59-1號,120.9077,22.47755,臺東縣台?國民小學,台?村,200,,羅道勳,089-761252,否,否,否,True,屏東（枋山）,54,35661.43356782418,35.661433567824176
192,臺東縣達仁鄉,台?村,10鄰56號,120.9081,22.47805,台?活動中心,台?村,100,,范國祥,089-761320,否,否,否,True,屏東（枋山）,54,35729.12266353513,35.72912266353513
193,屏東縣東港鎮,興東里,興東路43-1號,120.4657,22.4784,東興國小,興東里 興農里、興和里,461,"水災,震災,海嘯",黃素卿,08-8310406,是,是,是,True,林園,87,5553.101924358378,5.553101924358378
196,臺東縣達仁鄉,台?村,9鄰啦里吧49號,120.9136,22.48099,啦里吧活動中心,台?村啦里吧部落,100,,溫光林,089-761320,否,否,否,True,屏東（枋山）,54,36367.21016502014,36.36721016502014
197,屏東縣新埤鄉,新埤村,新華路165號,120.5653,22.4844,新埤國小,打鐵村、南豐村、建功村、新埤村,450,"水災,震災,土石流,海嘯",陳震蔚,08-7971027,是,否,是,True,潮州,90,4307.051901190719,4.307051901190719
198,高雄市林園區,中芸里,中芸路3-100號,120.395311,22.485875,高雄市立中芸國民中學,全區,700,"水災,震災",吳育霖,07-6425223#40,否,否,否,True,林園,87,1833.0098809908916,1.8330098809908917
199,高雄市林園區,中芸里,中芸路1號,120.3967,22.4871,中芸國小,全區,500,震災,蔡駿輝,07-6412342#50,是,否,是,True,林園,87,1762.5719369238116,1.7625719369238115
200,屏東縣新園鄉,南龍村,南興路217號,120.4581,22.4877,烏龍國小,烏龍四村,100,"水災,震災",蔡立華,08-8333707#14,是,否,是,True,林園,87,4855.184641253282,4.855184641253282
201,屏東縣新園鄉,鹽埔村,鹽洲路379號,120.4408,22.4883,鹽洲國小,鹽洲共和,50,"水災,震災",張芳瑞,08-8322975#14,是,否,是,True,林園,87,3144.1207909365608,3.1441207909365607
202,屏東縣南州鄉,溪北村,仁里路93號,120.5111,22.4945,溪北社區活動中心,南安村、同安村,50,"水災,震災",蔡永昌,08-8641070,是,是,是,True,潮州,90,6047.807659568362,6.047807659568362
203,屏東縣南州鄉,溪北村,仁里路102號,120.5111,22.4957,溪北國小,七塊村、萬華村,95,"水災,震災",陳慶文,08-8642081,是,否,是,True,潮州,90,5979.262291541758,5.979262291541758
204,屏東縣來義鄉,文樂村,新樂路1號,120.6243,22.4999,文樂活動中心,文樂村,50,"水災,震災,土石流",村長陸旨成,08-7982350,是,否,是,True,潮州,90,6984.231298101445,6.984231298101445
205,高雄市林園區,頂厝里,校前路1號,120.378585,22.504297,高雄市林園區港埔國民小學,全區,690,"水災,震災",張二文,07-2245398,是,否,是,True,林園,87,4380.078999191525,4.380078999191525
206,高雄市林園區,廣應里,王公二路100號,120.388254,22.504698,高雄市林園區王公國民小學,全區,1100,"水災,震災,土石流,海嘯",蔡玉董,07-6420503#40,否,否,是,True,林園,87,3691.924720472355,3.6919247204723553
207,高雄市林園區,林園里,忠孝西路20號,120.394303,22.506778,高雄市林園區林園國民小學,全區,2000,"水災,震災,土石流,海嘯",董原利,6412290,是,否,是,True,林園,87,3513.7418622796563,3.513741862279656
208,高雄市林園區,林園里,林園北路191號,120.3945,22.5087,林園區長青文康活動中心,全區,260,"水災,震災,土石流,海嘯",張簡朝元,6412511#303,是,否,是,True,林園,87,3688.489091560568,3.6884890915605677
209,屏東縣新園鄉,港西村,中和路101號,120.4556,22.5087,港西國小,港西五房,30,"水災,震災",許湘渝,08-8681644#14,是,否,是,True,林園,87,5550.851438253162,5.550851438253162
210,屏東縣來義鄉,義林村,來新路21號,120.5825,22.5087,來義鄉新來義部落多功能活動中心,來義村、義林村、丹林村、古樓村、文樂村、望嘉村、南和村,500,"水災,震災,土石流",陳世凱,08-7850251-127,是,否,否,True,潮州,90,2712.5997898910614,2.7125997898910614
211,屏東縣潮州鎮,興美里,興美路24號,120.534672,22.512958,潮南國小,興美里、樣子里,1126,"水災,震災",黃瓘茗,08-7882312,是,否,否,True,潮州,90,2949.0657580662823,2.9490657580662822
212,屏東縣崁頂鄉,園寮村,田寮路1-15號,120.5184,22.5134,南榮國中,園寮村,200,"水災,震災,土石流,海嘯",張載陽,88631112,是,否,否,True,潮州,90,4529.885437395117,4.529885437395117
213,屏東縣崁頂鄉,崁頂村,中正路119號,120.5118,22.5141,崁頂國小,崁頂村、北勢村、越溪村,200,"水災,震災,土石流,海嘯",顏乾明,08-8631959,是,否,是,True,潮州,90,5176.465467331959,5.176465467331959
214,高雄市小港區,龍鳳里,鳳鳴路191號,120.357564,22.515082,高雄市小港區鳳鳴國民小學,鳳鳴、龍鳳,200,"水災,震災,土石流,海嘯",陳慶彰,8714561＊130,否,否,否,True,小港,99,5978.448293556833,5.978448293556833
215,屏東縣崁頂鄉,崁頂村,興農路29-12號,120.5069,22.5152,崁頂老人文康中心,崁頂鄉、港東村,150,"水災,震災,土石流,海嘯",王陳素枝,08-8630164,是,否,是,True,潮州,90,5651.770582869122,5.651770582869123
216,高雄市林園區,林園里,林園北路481號,120.395661,22.516726,高雄市立林園高級中學,全區,2600,"水災,震災,土石流,海嘯",陳怡仁,07-6412059#400,是,否,是,True,林園,87,4442.068521415147,4.442068521415147
217,屏東縣來義鄉,丹林村,丹林路25-1號,120.6348,22.5174,丹林活動中心,丹林村,50,"水災,震災,土石流",村長沈義松,08-7850255,是,否,是,True,潮州,90,7600.361367678942,7.600361367678942
218,高雄市小港區,鳳興里,龍鳳路559號,120.348385,22.52185,高雄市小港區鳳林國民中學,鳳興、鳳森,50,"水災,震災,土石流,海嘯",田續鴻,8711130＊31,否,否,否,True,小港,99,4992.016207793925,4.992016207793925
219,屏東縣潮州鎮,九塊里,復興路66號,120.5609105,22.52309297,潮東國小,九塊裡、崙東里、彭城里,85,水災,潘山榮,08-7871189,是,否,否,True,潮州,90,27.26035014122455,0.02726035014122455
220,屏東縣新園鄉,新園村,媽祖路49號,120.4519,22.5241,新園國小,新園新東,100,"水災,震災",許天瑞,08-8681113#14,是,否,是,True,大寮,99,5208.956580335178,5.208956580335178
221,臺東縣金峰鄉,歷坵村,"1鄰12號No.12,Liqiu,Jinfeng Township,Taitung County 964,TaiwanR.O.C.",120.926439,22.526384,歷坵活動中心 Liqiu Activity Center,壢坵村,100,水災,邱江南,089-771439,否,否,否,True,臺東,32,34248.06055926838,34.24806055926838
222,屏東縣來義鄉,古樓村,育英路2號,120.6258,22.5275,古樓國小,古樓村,200,"水災,震災,土石流",村長連瑞禎,08-7850318,是,否,是,True,潮州,90,6665.703314048178,6.665703314048178
223,高雄市林園區,中厝里,金潭路40號,120.396078,22.528055,高雄市林園區金潭國民小學,全區,260,"水災,震災",蘇劍煌,07-6412332#40,是,否,否,True,大寮,99,5000.346436615553,5.000346436615553
225,臺東縣金峰鄉,賓茂村,"68號No.68,Binmao,Jinfeng Township,Taitung County 964,TaiwanR.O.C.",120.95583,22.532403,賓茂國小 Binmao Elementary School,賓茂村,100,,朱慧清,089-771007,否,否,否,True,臺東,32,31773.923167805515,31.773923167805513
226,臺東縣金峰鄉,賓茂村,"1鄰3-2號No.3-2,Binmao,Jinfeng Township,Taitung County 964,TaiwanR.O.C.",120.961712,22.532592,賓茂活動中心 Binmao Activity Center,賓茂村,100,"水災,震災",高永輝,089-771393,是,否,是,True,臺東,32,31380.391449913182,31.380391449913184
227,臺東縣太麻里鄉,金崙村,太麻里鄉6鄰金崙283號,120.964363,22.533379,金崙活動中心,金崙村,80,"水災,土石流,海嘯",許加和,089-781305,否,否,否,True,臺東,32,31143.842949224476,31.143842949224474
228,屏東縣潮州鎮,光春里,光春路290號,120.539763,22.534662,光春國中,光春里、富春里、永春里,600,"水災,震災",蔡玉鳳,08-7887038#31,是,否,否,True,潮州,90,2547.1949979516594,2.5471949979516593
229,屏東縣崁頂鄉,力社村,力社路36號,120.5092,22.5388,力社國小,力社村、洲子村、圍內村,200,"水災,震災,土石流,海嘯",林怡均,08-8631544,是,否,是,True,潮州,90,5621.722100415383,5.621722100415383
230,高雄市大寮區,義仁里,鳳林一路48號,120.403252,22.539227,義仁里社區活動中心,義仁里,100,"水災,震災,土石流,海嘯",陳秀勤,6424162,否,否,是,True,大寮,99,3571.4646106058517,3.571464610605852
231,屏東縣潮州鎮,光春里,志成路201號,120.536872,22.540379,光春國小,光春里、八爺里、永春里、彭城里,550,"水災,震災",林淑瑛,08-7896550#14,是,否,否,True,潮州,90,3147.5334084542974,3.147533408454297
232,高雄市大寮區,昭明里,鳳林一路300巷80號,120.408514,22.54239,高雄市大寮區昭明國小,昭明里、義仁里、新厝里,350,"水災,震災,土石流,海嘯",羅婉婷,6426428轉940,否,否,是,True,大寮,99,2963.603856437443,2.963603856437443
234,屏東縣新園鄉,仙吉村,仙吉路91號,120.4611,22.5443,仙吉國小,全鄉,100,"水災,震災,海嘯",郭哲志,08-8681087#14,是,否,是,True,大寮,99,4286.434631529908,4.286434631529908
235,屏東縣潮州鎮,泗林里,開元路2巷1號,120.569267,22.544592,四林國小,泗林里、崙東里、四春里,50,"水災,震災",蔡世屏,08-7882174#14,是,否,是,True,潮州,90,2520.324723501111,2.520324723501111
236,屏東縣新園鄉,仙吉村,仙吉路111號,120.461,22.5452,新園國中,全鄉,300,"水災,震災",周能瑞,08-8681020#14,是,否,是,True,大寮,99,4227.287918952945,4.227287918952945
237,屏東縣潮州鎮,光華里,南進路2號,120.543657,22.547268,光華國小,光華里、潮州里,240,"水災,震災",陳俊文,08-7882105#14,是,否,否,True,潮州,90,3225.4963587073735,3.2254963587073733
239,屏東縣潮州鎮,同榮里,育英路31號,120.541139,22.548406,潮州國小,同榮里、新榮里、新生里,285,水災,廖翌妙,08-7882770#14,否,是,否,True,潮州,90,3477.701498124062,3.4777014981240617
240,屏東縣萬巒鄉,新置村,中興路27號,120.6123,22.5491,佳佐國小中興分校,新置村,60,"水災,震災,土石流",鄒美華,08-7832300,是,否,是,True,潮州,90,5994.848508134207,5.994848508134207
241,屏東縣新園鄉,瓦?村,四環路3號,120.4747,22.5523,瓦?國小,瓦?,50,"水災,震災,海嘯",郭聰智,08-8684050#14,是,否,是,True,大寮,99,5245.867662582382,5.2458676625823815
242,屏東縣泰武鄉,平和村,1鄰1號,120.6293,22.5527,平和活動中心,平和村,200,"水災,震災,土石流",孫錦文,915605765,是,否,是,True,潮州,90,7735.604694805322,7.735604694805322
243,屏東縣潮州鎮,三共里,文化路66號,120.542947,22.554008,潮州國中,三星里、三共里,250,"水災,震災,土石流",葉文雄,08-7882401#41,是,否,是,True,潮州,90,3901.578184988616,3.901578184988616
244,高雄市大寮區,會結里,會結路14-3號,120.424982,22.554827,會結里社區活動中心,會結里,100,"水災,震災,土石流,海嘯",黃美華,7870331,否,否,是,True,大寮,99,1031.3678844014705,1.0313678844014704
246,屏東縣潮州鎮,三和里,華嚴街1號,120.538038,22.556803,潮和國小,三和里、蓬萊里、五魁里,630,"水災,震災",陳榮華,08-7804052,是,否,否,True,潮州,90,4425.412814413999,4.425412814413999
247,屏東縣潮州鎮,三共里,北門路25號,120.547724,22.557031,潮昇國小,三共里,875,"水災,震災",陳育彬,08-7880419,是,否,否,True,潮州,90,4002.9770194625326,4.0029770194625325
248,高雄市大寮區,新厝里,新三街50號,120.40918,22.560361,新厝里社區活動中心,新厝里,20,"水災,震災,土石流,海嘯",張簡龍星,7880698,否,否,是,True,大寮,99,1710.83916604666,1.71083916604666
249,高雄市小港區,港正里,平和路1號,120.336089,22.56103,高雄市小港區小港國民小學,小港、港正,300,"水災,震災,土石流,海嘯",李宗仁,8215923＊311,否,否,否,True,小港,99,558.1735779002747,0.5581735779002748
251,高雄市小港區,山明里,鳳陽街2號,120.370393,22.561551,高雄市小港區鳳陽國民小學,大坪、坪頂,600,"水災,震災,土石流,海嘯",簡佩玲,8010865＊31,否,否,否,True,小港,99,3391.8947434482857,3.391894743448286
252,高雄市大寮區,潮寮里,潮龍路151號,120.430298,22.562091,潮寮老人活動中心,潮寮里,35,"水災,震災,土石流,海嘯",吳致慧,7877291,否,否,是,True,大寮,99,560.6517933404912,0.5606517933404912
253,屏東縣萬丹鄉,新庄村,屏東縣萬丹鄉新庄村新鐘路410號,120.4803,22.5622,新庄國小,新鐘村、香社村。,60,"震災,土石流,海嘯",陳俊華,08-7772230,是,否,是,True,大寮,99,5659.307332950435,5.659307332950435
254,高雄市大寮區,潮寮里,潮寮路51-9號,120.425175,22.563415,高雄市立潮寮國民中學,過溪里、會結里,60,"水災,震災,土石流,海嘯,核子事故",江振瑞,7879544轉32,否,否,是,True,大寮,99,81.06542419198585,0.08106542419198585
255,高雄市小港區,二苓里,立群路6號,120.3533,22.5638,高雄市小港區二苓國民小學,二苓、三苓,1000,"水災,震災,土石流,海嘯",?棟隆,801683731,是,否,是,True,小港,99,1616.4127666421502,1.6164127666421502
256,高雄市小港區,二苓里,學府路117號,120.357413,22.565249,高雄市立小港高級中學,大苓、店鎮、鳳宮,100,"水災,震災,海嘯",陳佩菁,8062627＊301,否,否,否,True,小港,99,2024.677492352752,2.024677492352752
257,高雄市大寮區,潮寮里,潮寮路61號,120.425144,22.565716,高雄市大寮區潮寮國小,潮寮里過溪里,240,"水災,震災,土石流,海嘯",魏恒杰,7875075轉30,否,否,是,True,大寮,99,175.7848892725848,0.1757848892725848
258,高雄市小港區,山明里,松和路40號,120.371763,22.566216,國立高雄餐旅大學附屬餐旅高級中等學校,松山、高松,200,"水災,震災,土石流,海嘯",林建志,8060705#31,否,否,否,True,小港,99,3499.6841007649177,3.4996841007649175
259,高雄市小港區,六苓里,漢民路500號,120.35926,22.566473,高雄市小港區漢民國民小學,泰山、宏亮,200,"水災,震災,土石流,海嘯",高泰安,8036569＊731,否,否,否,True,小港,99,2214.719811107512,2.2147198111075124
260,高雄市小港區,順苓里,漢民路352號,120.356421,22.56665,高雄市立中山國民中學,六苓、正苓、順苓,700,"水災,震災,土石流,海嘯",劉建宏,8036006,否,否,否,True,小港,99,1923.7429821399603,1.9237429821399603
261,高雄市小港區,港南里,平和南路185號,120.338056,22.566732,高雄市立小港國民中學,港南、港口、港墘,720,"水災,震災,海嘯",王文霖,8215929＊100,否,否,否,True,小港,99,104.84794007320606,0.10484794007320607
262,高雄市小港區,山明里,華仁街1號,120.3657,22.5677,高雄市小港區華山國民小學,山明、松金,901,"水災,震災,土石流,海嘯",黃志中,8062280731,是,否,是,True,小港,99,2883.2994940958947,2.883299494095895
263,高雄市小港區,港南里,平和南路300號,120.3379,22.5681,高雄市小港區港和國民小學,港興、港后、港明,250,"水災,震災,土石流,海嘯",顏志昌,8131506333,是,否,是,True,小港,99,251.59827873469695,0.2515982787346969
264,屏東縣泰武鄉,佳興村,1鄰1號,120.6631,22.5703,佳興活動中心,佳興村,100,"水災,震災,土石流",楊信道,978637308,是,否,是,True,潮州,90,11713.509513621379,11.713509513621378
265,屏東縣萬巒鄉,佳和村,佳興路59號,120.5956,22.5712,佳佐國小,佳和村、佳佐村,100,水災,鄒美華,08-7832018,是,否,否,True,潮州,90,6394.874143047333,6.394874143047333
267,高雄市前鎮區,草衙里,后平路135號,120.320909,22.572651,高雄市前鎮區佛公國民小學,全區綜合運用,655,"水災,震災,土石流,海嘯",校長蔡進元,07-8229801#101,否,否,否,True,小港,99,1888.0224950005736,1.8880224950005735
268,屏東縣萬巒鄉,萬全村,褒忠路28號,120.5723,22.5727,萬巒國小,萬全村、萬和村,100,"水災,震災",黃于真,08-7811627,是,否,否,True,潮州,90,5609.23942847422,5.60923942847422
269,屏東縣竹田鄉,泗洲村,洲中路40號,120.5251,22.5756,大明國小,泗洲村、鳳明村、大湖村,200,"水災,震災",陳志清,08-7887780,是,否,是,True,潮州,90,6895.744576518964,6.895744576518964
270,高雄市大寮區,過溪里,過溪路130號,120.418885,22.576183,過溪里社區活動中心,過溪里,150,"水災,震災,土石流,海嘯",邱佑龍,7873668,否,否,是,True,大寮,99,1488.6893002067775,1.4886893002067776
271,屏東縣泰武鄉,武潭村,潭北巷51號,120.6361,22.578,武潭活動中心,武潭村,200,"水災,震災,土石流",劉安生,911917443,是,否,是,True,潮州,90,9814.660792356142,9.814660792356142
273,高雄市前鎮區,明正里,明道路2號,120.326581,22.580243,高雄市前鎮區明正國民小學,全區綜合運用,345,"水災,震災,土石流,海嘯",吳志偉,07-8110965#310,否,否,否,True,小港,99,1965.229657004223,1.9652296570042231
274,高雄市小港區,孔宅里,明義街2號,120.368282,22.582027,高雄市立明義國民中學,孔宅、合作,1000,"水災,震災,海嘯",楊世傳,7911296＊31,否,否,否,True,小港,99,3617.0542535794148,3.617054253579415
276,屏東縣萬丹鄉,寶厝村,屏東縣萬丹鄉寶厝村萬新路1497號,120.4887,22.5826,萬丹國小,興安村、興全村、水仙村、甘棠村。,150,"水災,震災,土石流,海嘯",張庭炎,08-7772014,是,否,否,True,大寮,99,6831.751687950363,6.831751687950363
277,屏東縣竹田鄉,竹田村,公正路35號,120.544,22.5828,竹田國小,竹田村、二崙村、美崙村、竹南村、糶糴村,200,"水災,震災",余鳳庭,08-7710834,是,否,是,True,潮州,90,6841.643535801456,6.841643535801456
278,高雄市小港區,桂林里,桂陽路390號,120.350425,22.583128,高雄市小港區桂林國民小學,桂林、中厝,1255,"水災,震災,土石流,海嘯",洪志明,7910766＊310,否,否,否,True,小港,99,2317.4286364216937,2.3174286364216936
279,高雄市前鎮區,明道里,新衙路17號,120.321031,22.583367,高雄市立前鎮國民中學,草衙、平等、明孝、平昌、明義、明禮、明正、信義、仁愛、信德、德昌、明道,1200,"水災,震災,土石流,海嘯",總務組,8217677,是,否,是,True,小港,99,2592.4807014798566,2.5924807014798565
280,高雄市小港區,孔宅里,明義街77號,120.3678,22.5834,高雄市小港區明義國民小學,廈莊,200,"水災,震災,土石流,海嘯",夏紹彰,7916119330,是,否,是,True,小港,99,3652.727822812001,3.652727822812001
283,高雄市前鎮區,興化里,新生路200號,120.308702,22.585437,高雄市前鎮區前鎮國民小學,全區綜合運用,473,"水災,震災,土石流,海嘯",劉綏慶,07-8212448#831,否,否,否,True,前鎮,73,2105.8081574187454,2.1058081574187453
284,高雄市前鎮區,興仁里,德昌路345號,120.3139,22.5863,高雄市立興仁國民中學,興化、興仁、鎮陽、前鎮、興邦、鎮東、鎮中、鎮榮、鎮北、鎮昌、鎮海等11里,945,"水災,震災,土石流,海嘯",徐東宏,8215176轉179,是,否,是,True,前鎮,73,2089.8073607316346,2.0898073607316348
285,高雄市前鎮區,平等里,鎮中路132號,120.32001,22.586862,高雄市立前鎮高級中學,全區綜合運用,2236,"水災,震災,土石流,海嘯",總務主任謝遠敦,07-8226841#301,否,否,否,True,前鎮,73,2287.9743546404457,2.2879743546404456
286,臺東縣太麻里鄉,香蘭村,舊香蘭四鄰28號,120.993452,22.587759,香蘭國小,香蘭村,80,"水災,震災,土石流,海嘯",戴雲萍,089-781304,否,否,否,True,臺東,32,24590.02409556647,24.59002409556647
287,高雄市旗津區,南汕里,中洲二路203號,120.2877,22.5879,高雄市旗津區大汕國民小學,南汕、上竹,250,"水災,震災,土石流,海嘯",黃惠銘,07-5712434轉31,是,否,是,True,前鎮,73,2803.563220268042,2.803563220268042
288,高雄市旗津區,南汕里,中洲二路207號,120.286,22.5885,高雄市立旗津國民中學,實踐、北汕、上竹里,600,"水災,震災,土石流,海嘯",蔡宗憲,07-5714595轉31,是,否,是,True,前鎮,73,2897.078441121578,2.897078441121578
290,屏東縣萬丹鄉,萬後村,屏東縣萬丹鄉和平西路157號,120.4849,22.589,圖書館,甘棠村,40,"水災,震災,土石流,海嘯",莊碧雲,08-7771627,是,否,是,True,大寮,99,6717.830504452452,6.7178305044524524
291,屏東縣萬丹鄉,萬後村,屏東縣萬丹鄉和平西路155號,120.485,22.5894,萬丹鄉行政中心,香社村,100,"水災,土石流,海嘯",黃清連,08-7772111,是,否,是,True,大寮,99,6745.45221898658,6.74545221898658
292,高雄市旗津區,南汕里,旗津三路2號5樓,120.284774,22.589974,高雄市旗津區公所5樓大禮堂,南汕、北汕、上竹里,250,"水災,震災,土石流,海嘯",詹正忠,07-5712500309,否,否,是,True,前鎮,73,2904.80472851432,2.90480472851432
294,高雄市鳳山區,過埤里,過埤路176號,120.362405,22.590382,高雄市鳳山區過埤國民小學,過埤、保安里,393,"水災,震災,土石流,海嘯",郭淑娥,7920257#740,是,否,是,True,小港,99,3718.201949189013,3.718201949189013
295,高雄市鳳山區,福誠里,五甲三路176號,120.323885,22.590487,高雄市立福誠高級中學,福誠、福祥、五福里,1139,"水災,震災,土石流,海嘯",朱建華,8224646#400,否,否,是,True,前鎮,73,2224.345261273278,2.224345261273278
296,高雄市前鎮區,鎮海里,樹人路261號,120.317983,22.590548,高雄市前鎮區鎮昌國民小學,全區綜合運用,1200,"水災,震災,土石流,海嘯",事務組鄭如伶,07-8116575#32,否,否,否,True,前鎮,73,1831.5145320906522,1.8315145320906523
297,屏東縣萬巒鄉,五溝村,西盛路89號,120.594,22.5908,五溝國小,五溝村,30,震災,羅世杰,08-7832285,是,否,是,True,潮州,90,8220.662131898545,8.220662131898546
298,高雄市大寮區,大寮里,大寮路740號,120.416445,22.590861,高雄市大寮區大寮國民小學,大寮里、上寮里,420,"水災,震災,土石流,海嘯,核子事故",陳奇皇,7881062轉40,否,否,是,True,大寮,99,3096.558880643555,3.096558880643555
299,屏東縣泰武鄉,佳平村,佳平巷12號,120.628948,22.591406,佳平活動中心,佳平村,100,"水災,震災,土石流",潘明良村長,928724018,是,否,是,True,潮州,90,10284.738387744646,10.284738387744646
300,高雄市大寮區,大寮里,大寮路781號,120.416643,22.591471,大寮里社區活動中心,大寮里,150,"水災,震災,土石流,海嘯",陳忠慶,7881231,否,否,是,True,大寮,99,3155.3612098794433,3.1553612098794432
301,屏東縣泰武鄉,佳平村,5鄰120號,120.6333,22.5915,泰武國中,佳平村或全鄉,300,"水災,震災,土石流",校長謝惠如,08-7831025,是,否,是,True,潮州,90,10600.618294197127,10.600618294197128
304,屏東縣萬丹鄉,灣內村,屏東縣萬丹鄉崙頂村崙頂路860號,120.4615,22.5929,興華國小,灣內村、後村村、崙頂村、田厝村。,400,"土石流,海嘯",李再和,08-7061481,是,否,是,True,大寮,99,4898.304433269821,4.898304433269821
306,高雄市鳳山區,南成里,南和街101號,120.335487,22.594316,高雄市鳳山區南成國民小學,南成、南和、富榮、二甲里,1484,"水災,震災,土石流,海嘯",簡伯陞,8215354#40,是,否,是,True,復興,73,2892.0574019802443,2.8920574019802445
309,屏東縣萬丹鄉,四維村,屏東縣萬丹鄉四維村四維東路567號,120.49,22.595,四維國小,四維村、萬全村、萬生村、竹林村。,50,"水災,震災",許美珠,08-7761987,是,否,是,True,大寮,99,7478.604836975125,7.4786048369751255
310,屏東縣內埔鄉,美和村,學人路55號,120.5566,22.595,僑智國小,美和村,120,"水災,震災,土石流,海嘯",宋婷慧,08-7792544-14,是,是,否,True,潮州,90,7974.467768171255,7.974467768171254
312,臺東縣金峰鄉,嘉蘭村,"3鄰132號No.132,Jialan,Jinfeng Township,Taitung County 964,TaiwanR.O.C.",120.961523,22.595308,嘉蘭國小 Jialan Elementary School,嘉蘭村,100,水災,洪琬莉,089-751224,是,否,否,True,臺東,32,26285.946802847564,26.285946802847565
313,高雄市鳳山區,二甲里,鳳育路63號,120.340798,22.595332,高雄市鳳山區鳳翔國民小學,二甲、保安、南成里,3106,"水災,震災,土石流,海嘯",林裕斌,7422751#40,是,否,是,True,小港,99,3281.6661399018312,3.2816661399018314
314,高雄市鳳山區,保安里,保義街100號,120.348197,22.59641,高雄市立鳳翔國民中學,保安里,385,,陳榮輝,07-7929337#31,否,否,否,True,小港,99,3552.6689739019357,3.5526689739019357
315,屏東縣萬丹鄉,四維村,屏東縣萬丹鄉萬丹路2段5號,120.4881,22.5966,萬丹國中,萬惠村、寶厝村、萬安村。,500,"水災,震災,土石流,海嘯",鍾文欽,08-7772020,是,否,是,True,大寮,99,7389.8774621648645,7.389877462164865
316,臺東縣金峰鄉,嘉蘭村,"4鄰嘉蘭219號No.9,Jialan,Jinfeng Township,Taitung County 964,TaiwanR.O.C.",120.959985,22.596696,嘉蘭村活動中心 Jialan Activity Center,嘉蘭村,100,"水災,土石流",李吳道義,089-751069,是,是,否,True,臺東,32,26299.89443121878,26.29989443121878
317,高雄市鳳山區,福誠里,忠誠路145號,120.325055,22.596813,高雄市鳳山區福誠國民小學,福誠、福祥、五福、福興里,1267,"水災,震災,土石流,海嘯",安翊之,8120152#40,是,否,是,True,復興,73,1879.581509329754,1.879581509329754
318,高雄市鳳山區,龍成里,龍成路111號,120.328691,22.598112,高雄市立五甲國民中學,鎮南、龍成、善美、富甲里,1178,"水災,震災,土石流,海嘯",崔偉凡,8319676,是,否,是,True,復興,73,2077.6152319050357,2.077615231905036
319,高雄市鳳山區,中崙里,中崙四路25號,120.350798,22.599431,高雄市鳳山區中崙國民小學,中崙、中民、中榮里,3054,"水災,震災",許芳銘,07-7533244,否,否,否,True,鳳山,69,3249.6561468647596,3.24965614686476
321,高雄市前鎮區,瑞祥里,班超路20號,120.326798,22.600692,高雄市前鎮區瑞祥國民小學,全區綜合運用,1636,"水災,震災,土石流,海嘯",王淑芬,07-7221212#731,否,否,否,True,復興,73,1760.113116518662,1.760113116518662
322,高雄市旗津區,上竹里,旗津三路275號,120.2764,22.6008,高雄市旗津區中洲國民小學,上竹、中洲、安順、中興,600,"水災,震災,土石流,海嘯",林義良,07-5712225轉731,是,否,是,True,前鎮,73,3308.0944945366614,3.3080944945366615
323,高雄市前鎮區,瑞南里,班超路63號,120.324758,22.602208,高雄市立瑞祥高級中學,全區綜合運用,1000,"水災,震災,土石流,海嘯",謝日榮,07-8152271#310,否,否,否,True,復興,73,1494.8339609187858,1.4948339609187857
325,高雄市大寮區,永芳里,進學路150號,120.39266,22.602926,高雄市立大寮國民中學,永芳里,150,"水災,震災,土石流,海嘯,核子事故",鍾汪宏,7818038,否,否,是,True,鳳山,69,4572.794243531382,4.572794243531382
326,高雄市鳳山區,中榮里,中崙二路487號,120.353555,22.603304,高雄市立中崙國民中學,中榮、中民、誠義里,469,"水災,震災,土石流,海嘯",江文雄,7538686#173,是,否,是,True,鳳山,69,2777.2306461872254,2.7772306461872254
327,高雄市大寮區,三隆里,正隆街45號,120.406342,22.60349,三隆里社區活動中心,三隆里,40,"水災,震災,土石流,海嘯",林新全,7816192,否,否,是,True,大寮,99,4774.363069442627,4.774363069442628
328,高雄市鳳山區,正義里,南昌街55號,120.340127,22.603997,高雄市鳳山區正義國民小學,正義、一甲、老爺、善美里,1025,"水災,震災,土石流,海嘯",張秋麗,7714440#40,是,否,是,True,復興,73,2936.8427627647093,2.936842762764709
329,臺東縣金峰鄉,正興村,"2鄰28號No.28,Zhengxing,Jinfeng Township,Taitung County 964,TaiwanR.O.C.",120.996484,22.604086,正興村活動中心Zhengxing Activity Center,正興村,100,"水災,震災,土石流",陳進興,089-782497,是,否,是,True,臺東,32,23040.23134075701,23.04023134075701
330,屏東縣泰武鄉,泰武村,大武山一街30號,120.6117,22.6046,泰武活動中心,泰武村,300,"水災,震災,土石流",池萬地,921317840,是,否,否,True,潮州,90,10412.65629258239,10.412656292582389
331,高雄市前鎮區,建隆里,中山三路43號,120.3083,22.6051,高雄市立獅甲國民中學,忠純、忠誠、建隆、良和、西甲、西山、盛興、振興、盛豐、興中、民權,1200,"水災,震災,土石流,海嘯",陳正憲,8215176轉179,是,否,是,True,前鎮,73,71.98256922362384,0.07198256922362384
333,高雄市大寮區,永芳里,鳳林三路499號,120.395195,22.605277,高雄市大寮區永芳國民小學,永芳里、三隆里、會社里、內坑里、拷潭里,600,"水災,震災,土石流,海嘯,核子事故",顏雅莉,7812814轉40,否,否,是,True,鳳山,69,4634.779797904885,4.634779797904884
334,高雄市前鎮區,瑞華里,瑞隆路100號,120.337,22.6061,高雄市前鎮區瑞豐國民小學,瑞南、瑞和、瑞文、瑞豐、瑞平、瑞岡、瑞華、瑞祥、瑞隆、瑞興、瑞昌、瑞東、瑞北、瑞誠、瑞西等15里,1781,"水災,震災,土石流,海嘯",洪碧珠,8215176轉179,是,否,是,True,復興,73,2584.785352554856,2.584785352554856
337,高雄市大寮區,山頂里,山頂路211號,120.388806,22.607807,高雄市大寮區山頂國民小學,山頂里、光武里,200,"水災,震災,土石流,海嘯,核子事故",吳浚碩,7828205轉40,否,否,是,True,鳳山,69,3933.4554372520133,3.933455437252013
338,高雄市前鎮區,西山里,民權二路331號,120.311425,22.608203,高雄市前鎮區復興國民小學,全區綜合運用,800,"水災,震災,土石流,海嘯",李牧桓,07-3351784#731,否,否,否,True,復興,73,82.87890122065714,0.08287890122065714
339,高雄市前鎮區,竹內里,育樂路61號,120.322489,22.608234,高雄市前鎮區樂群國民小學,全區綜合調度,300,"水災,震災,土石流,海嘯",總務組,7225846,是,否,是,True,復興,73,1077.9401959242127,1.0779401959242128
340,高雄市大寮區,山頂里,山頂路178號,120.388518,22.608247,山頂里社區活動中心,山頂里,250,"水災,震災,土石流,海嘯",楊秀花,7838787,否,否,是,True,鳳山,69,3881.3642995460586,3.8813642995460587
341,高雄市前鎮區,民權里,沱江街200號,120.314444,22.608482,高雄市前鎮區民權國民小學,全區綜合運用,1568,"水災,震災,土石流,海嘯",方季堂,07-5367177#310,否,否,否,True,復興,73,250.80943784359542,0.25080943784359544
342,高雄市旗津區,慈愛里,中洲三路623號,120.2715,22.609,高雄市旗津區旗津國民小學,旗下、永安、振興、慈愛、中華、復興里,120,"水災,震災,土石流,海嘯",黃俊鴻,5715133轉731,是,否,是,True,前金,70,3172.670623328272,3.172670623328272
343,高雄市前鎮區,竹西里,廣東三街73號3樓,120.3198654,22.60930404,高雄市竹西里活動中心,全區綜合運用,100,"水災,震災,土石流,海嘯",總務組,8215176,是,否,是,True,復興,73,809.5731472815803,0.8095731472815803
344,屏東縣內埔鄉,內埔村,廣濟路2號,120.5659,22.61,內埔國小,內埔村.興南村,120,"水災,震災,土石流,海嘯",張家驥,08-7792055轉14,是,否,否,True,潮州,90,9633.78542773183,9.63378542773183
345,高雄市前鎮區,竹西里,光華二路80號,120.317629,22.610595,高雄市立中正高級工業職業學校,興東、忠孝、竹西、復國、竹中、竹內、瑞竹、竹東、竹南、竹北等10里,1000,"水災,震災,土石流,海嘯",總務組,7232301,是,否,是,True,復興,73,613.5341333231117,0.6135341333231118
346,高雄市前鎮區,竹東里,和平二路170號,120.322944,22.61083,高雄市立光華國民中學,全區綜合運用,600,"水災,震災,土石流,海嘯",總務組,7222622,否,否,是,True,復興,73,1147.6575671006185,1.1476575671006186
347,屏東縣內埔鄉,內埔村,文化路183號,120.5695,22.611,內埔鄉文康中心,內埔村.和興村,120,"水災,震災,土石流,海嘯",林明志,08-7781184,是,是,否,True,潮州,90,9769.835336210755,9.769835336210756
348,高雄市前鎮區,瑞文里,瑞興街99號,120.331091,22.611085,高雄市立瑞豐國民中學,全區綜合運用,200,"水災,震災,土石流,海嘯",總務主任葉豐榮,07-7713181,否,否,否,True,復興,73,1978.5527017913535,1.9785527017913536
349,屏東縣內埔鄉,內埔村,文化路262號,120.5705,22.6113,內埔國中,"內田村,建興村,豐田村,竹圍村",120,"水災,震災,土石流,海嘯",黃百祥,08-7792013轉14,是,是,否,True,潮州,90,9812.442575467821,9.812442575467822
350,臺東縣太麻里鄉,大王村,文化路60號,121.003685,22.613304,大王國小,大王村泰和村,100,"水災,震災,土石流,海嘯",黃貞英,089-781342,是,否,否,True,臺東,32,21790.3970809256,21.790397080925597
351,高雄市鳳山區,新甲里,新富路255號,120.339923,22.613771,高雄市鳳山區新甲國民小學,新甲、新強、新泰、新武、新樂、武漢、武慶里,2199,"水災,震災,土石流,海嘯",侯俊榮,7668170#40,是,否,是,True,鳳山,69,2400.6107663433118,2.400610766343312
352,高雄市苓雅區,苓東里,華新街59號,120.297064,22.613929,高雄市苓雅區成功國民小學,博仁、苓洲、苓昇、苓中、苓雅、苓東,920,"水災,震災,土石流,海嘯",羅永和,3341882130,否,否,是,True,前鎮,73,1563.3479497185567,1.5633479497185567
353,高雄市前鎮區,忠孝里,二聖二路194號,120.312716,22.61396,高雄市前鎮區愛群國民小學,全區綜合運用,1000,"水災,震災,土石流,海嘯",校長陳文炳,07-3320323#10,否,否,否,True,復興,73,585.6704491581861,0.5856704491581861
355,高雄市大寮區,光武里,民生路317-1號,120.384658,22.614458,光武里社區活動中心,光武里,20,"水災,震災,土石流,海嘯",李先然,7836672,否,否,是,True,鳳山,69,3182.784769900061,3.182784769900061
356,高雄市苓雅區,城西里,四維四路61號,120.3005,22.6145,高雄市苓洲國民小學,城北、城西、城東、意誠、鼓中、田西、人和,855,"水災,震災,土石流,海嘯",蔡慧華,3351804310,是,否,是,True,復興,73,1346.4512509544902,1.3464512509544901
358,臺東縣太麻里鄉,大王村,11鄰順安路33號,120.993368,22.614936,太麻里鄉老人會館,大王村泰和村北里村,100,"水災,震災,土石流,海嘯",陳玉璽,089-781301,是,否,否,True,臺東,32,22411.18580576601,22.41118580576601
359,屏東縣萬丹鄉,社皮村,屏東縣萬丹鄉社皮路二段550號,120.4681,22.615,社皮國小,社口村、社皮村、加興村、社中村、磚寮村。,100,"水災,震災,土石流,海嘯",黃裕貿,08-7072162,是,否,是,True,屏東,99,6749.861471789829,6.749861471789829
360,高雄市苓雅區,林貴里,英明路147號,120.324395,22.615251,高雄市立英明國民中學,光華、林貴、林榮、英明,1382,"水災,震災,土石流,海嘯",陳尚宏,715094933,否,否,否,True,復興,73,1464.2091694151945,1.4642091694151946
361,屏東縣內埔鄉,內田村,自強路85號,120.5629,22.6155,東寧國小,東寧村.東勢村.上樹村.東片村,120,"水災,震災,土石流,海嘯",邱煒恒,08-7785563,是,是,否,True,屏東,99,9993.309562029275,9.993309562029275
362,屏東縣萬丹鄉,社皮村,屏東縣萬丹鄉大昌路495號,120.4691,22.6157,老人文康活動中心,崙頂村,150,"水災,震災,土石流,海嘯",徐玉玲,08-7070982,是,否,是,True,屏東,99,6645.223496993495,6.645223496993495
363,屏東縣萬丹鄉,社皮村,屏東縣萬丹鄉大昌路495號,120.4691,22.6157,老人文康活動中心,崙頂村,150,"水災,震災,土石流,海嘯",徐玉玲,08-7070982,是,否,是,True,屏東,99,6645.223496993495,6.645223496993495
364,屏東縣萬丹鄉,廣安村,屏東縣萬丹鄉廣安村廣志街8巷15號,120.4905,22.6157,廣安國小,廣安村,30,"水災,土石流,海嘯",高源春,08-7772444,是,否,是,True,屏東,99,6358.956809599521,6.358956809599521
365,屏東縣竹田鄉,西勢村,龍南路26號,120.524088,22.615722,竹田國中,第五收容所,600,"水災,震災",陳英貴,08-7792024,是,否,是,True,屏東,99,7353.497732033283,7.353497732033283
367,屏東縣內埔鄉,富田村,里仁路202號,120.5401,22.6163,富田國小,富田村.振豐村,120,"水災,震災,土石流,海嘯",陳東星,08-7791034,是,否,是,True,屏東,99,8256.565977624861,8.256565977624861
368,高雄市大寮區,忠義里,忠義路1號,120.384143,22.616353,高雄市大寮區忠義國民小學,忠義里、中興里、前庄里,200,"水災,震災,土石流,海嘯,核子事故",鄭宿容,7812858轉40,否,否,是,True,鳳山,69,3040.591626644662,3.040591626644662
369,高雄市鳳山區,新強里,輜汽路300號,120.342588,22.616576,高雄市立鳳甲國民中學,新強、新富里,1917,"水災,震災,土石流,海嘯",莊淑鈴,7675300#31,否,否,是,True,鳳山,69,1990.2880503356619,1.990288050335662
370,高雄市鳳山區,生明里,黃埔新村國校巷78號,120.363867,22.616848,高雄市鳳山區誠正國民小學,生明、鎮東里,641,"水災,震災",沈學杰,07-7463417#40,否,否,否,True,鳳山,69,1413.721235575071,1.413721235575071
371,高雄市鳳山區,和興里,光華東路100號,120.358728,22.61715,高雄市鳳山區鳳西國民小學,和興、和德、誠義里,1711,"水災,震災,土石流,海嘯",黃明華,7417655#40,是,否,是,True,鳳山,69,1222.8052773438894,1.2228052773438893
372,高雄市鳳山區,國富里,新富路630號,120.349428,22.617854,高雄市鳳山區忠孝國民小學,國富、國泰、國光里,1898,"水災,震災",柯佳儀,07-7632257#40,否,否,否,True,鳳山,69,1403.2608401271416,1.4032608401271416
373,高雄市苓雅區,華堂里,四維三路176號,120.30541,22.618047,高雄市立苓雅國民中學,仁政、廣澤、美田、華堂、日中、和煦,945,"水災,震災,土石流,海嘯",林淑蘭,3353307,是,否,否,True,復興,73,1236.9981838106612,1.2369981838106612
375,高雄市大寮區,中興里,文化路2巷2號,120.387461,22.618811,中興里社區活動中心,中興里,25,"水災,震災,土石流,海嘯",王英美,7811786,否,否,是,True,鳳山,69,3255.71784007329,3.2557178400732902
376,高雄市苓雅區,福康里,漢陽街17號,120.32935,22.618957,高雄市苓雅區福康國民小學,朝陽、福隆、福康、福人、福地、福居、福東,1764,"水災,震災,土石流,海嘯",吳政宗,7227134#732/735,是,否,否,True,復興,73,2112.5068226731782,2.1125068226731782
378,高雄市鳳山區,國隆里,國泰路2段81號,120.346448,22.619923,高雄市立忠孝國民中學,國隆里、新富里、海洋里、國泰里,1800,,林彥妙,07-763525235,否,否,否,True,鳳山,69,1448.3646655702814,1.4483646655702815
382,高雄市苓雅區,林德里,三多二路100號,120.324166,22.62062,高雄市苓雅區五權國民小學,普天、林興、林華、林西、林中、林泉、林南、中正、同慶、凱旋、林德,582,"水災,震災,土石流,海嘯",古振宏,751107431,是,否,是,True,復興,73,1816.3353512613764,1.8163353512613765
383,屏東縣內埔鄉,興南村,育文路73號,120.5815,22.6207,育英國小,興南村.義亭村,120,"水災,震災",陳美倫,08-7793004轉13,是,是,是,True,潮州,90,11006.605022201022,11.006605022201022
384,高雄市前金區,博孝里,五福三路122號,120.2927,22.6209,高雄市立高雄高級女子中學,博孝、社西、社東、文東、文西、榮復、長生里,1145,"水災,震災,土石流,海嘯",黃秀霞,07-2115418,是,否,是,True,前金,70,1563.9457712429735,1.5639457712429734
385,高雄市鹽埕區,育仁里,大智路150號,120.288,22.621,高雄市鹽埕區光榮國民小學,育仁、沙地、南端里,200,"水災,震災,土石流,海嘯",李哲明,5218625,是,否,是,True,前金,70,1434.4553585194471,1.434455358519447
387,高雄市鹽埕區,河濱里,大智路71號,120.2852,22.6216,高雄市鹽埕區忠孝國民小學,全區,563,"水災,震災,土石流,海嘯",楊頌平,551-4887#310,是,否,是,True,前金,70,1371.7693024443822,1.3717693024443822
389,高雄市苓雅區,林富里,青年一路103號,120.312653,22.623092,高雄市苓雅區四維國民小學,普照、晴朗、林富、林圍、林安、尚義,2236,"水災,震災,土石流,海嘯",沙寶珠,3348199#310,是,否,否,True,復興,73,1593.81368639278,1.59381368639278
390,高雄市大寮區,翁園里,翁園路79之1號,120.408663,22.623246,翁園里社區活動中心,翁園里,60,"水災,震災,土石流,海嘯",林丁貴,7813753,否,否,是,True,鳳山,69,5295.111312725918,5.2951113127259175
391,高雄市大寮區,翁園里,翁園路79號,120.408663,22.623246,高雄市大寮區翁園國民小學,翁園里、琉球里,400,"水災,震災,土石流,海嘯,核子事故",侯進昇,7811685轉40,否,否,是,True,鳳山,69,5295.111312725918,5.2951113127259175
392,高雄市鼓山區,惠安里,臨海二路50號,120.2713,22.6236,高雄市鼓山區鼓山國民小學,登山、壽山、維生、麗興、哨船頭、峰南、延平、新民、惠安里、桃源里,745,"水災,震災,土石流,海嘯",總務主任,5217795,是,否,是,True,前金,70,1956.4468563212185,1.9564468563212185
393,高雄市鹽埕區,育仁里,新樂街46號,120.2879,22.6236,高雄市立鹽埕國民中學,藍橋、慈愛、博愛、壽星、中原、光明里、府北,300,"水災,震災,土石流,海嘯",蔡智文,5517524,是,否,是,True,前金,70,1146.8708341094039,1.1468708341094038
394,高雄市鹽埕區,江南里,五福四路183號,120.2829,22.6237,高雄市鹽埕區鹽埕國民小學,中山、新樂、教仁、河濱、港都、江西、新豐、陸橋、瀨南、新化、江南里,100,"水災,震災,土石流,海嘯",林貴芬,5210626110,是,否,是,True,前金,70,1197.4981611421583,1.1974981611421582
395,高雄市鳳山區,南興里,大東一路1號,120.362625,22.623852,高雄市鳳山區大東國民小學,三民、鎮東、南興、光明、新興里,367,"水災,震災",賴麗華,7462344#40,否,否,否,True,鳳山,69,714.1870244716064,0.7141870244716064
396,高雄市苓雅區,福祥里,福德三路96號,120.3269,22.6241,高雄市苓雅區福東國民小學,奏捷、福壽、福南、林靖、福祥、福海、福西、永康,1087,"水災,震災,土石流,海嘯",陳柏村,7510048132/2623513132,是,否,是,True,復興,73,2290.1979228774185,2.2901979228774185
397,高雄市新興區,玉衡里,五福二路218號,120.304,22.6244,高雄市立新興高級中學,東坡、漢民、玉衡、振成、振華里,1091,"水災,土石流,海嘯",凌子雲,07-2727127#3010,是,否,是,True,復興,73,1922.9036475210173,1.9229036475210173
398,高雄市鹽埕區,光明里,大仁路6號8樓,120.2868,22.6248,鹽埕區公所11樓大禮堂,全區（小型災害優先開設）,50,"水災,震災,土石流,海嘯",顏賜山,5513316-100,是,否,是,True,前金,70,1008.0055346446787,1.0080055346446788
399,高雄市鳳山區,興仁里,中山路231號,120.356507,22.624823,高雄市鳳山區鳳山國民小學,興仁、興中、協和、成功里,873,"水災,震災,土石流,海嘯",洪正松,7419119#41,是,否,是,True,鳳山,69,377.6544493582695,0.37765444935826953
400,高雄市鳳山區,縣口里,經武路30號,120.3592,22.6252,鳳山區公所大禮堂,全區主要以新興、光明、瑞興、瑞竹、誠德、東門、鳳東、曹公、三民、國泰、興仁、合興里、北門里等易淹水潛勢區里別收容為主,200,"水災,震災,土石流,海嘯",吳聖文,07-7422111,是,否,是,True,鳳山,69,372.0037240701535,0.37200372407015353
401,高雄市鳳山區,瑞竹里,中山東路227號,120.372009,22.625285,高雄市立鳳山國民中學,瑞竹、中正、鳳東、誠德、誠智、誠信里,2327,"水災,震災,土石流,海嘯",錢志強,7462774#100,是,否,是,True,鳳山,69,1532.1512824764648,1.5321512824764647
402,高雄市新興區,浩然里,五福二路3號,120.3095,22.6257,高雄市立高雄高級高商職業學校,浩然、德生、永寧、正氣里,1036,"水災,震災,土石流,海嘯",陳湘云,07-2269975#1411,是,否,是,True,復興,73,1898.9806250680197,1.8989806250680197
403,高雄市前金區,國民里,大同二路61號,120.293922,22.626351,高雄市前金區前金國民小學,國民、民生、復元、林投里、全區綜合緊急運用,1564,"水災,震災,土石流,海嘯",陳瓊如,07-2829001,否,否,是,True,前金,70,1114.0782721358917,1.1140782721358917
404,高雄市苓雅區,正義里,中正一路8號,120.338791,22.626491,高雄市立中正高級中學,正義、正仁、文昌、建軍、衛武,3294,"水災,震災,土石流,海嘯",林明賢,7491992#8301,是,否,否,True,鳳山,69,1923.7542137805817,1.9237542137805816
405,高雄市新興區,永寧里,民生一路321號,120.305317,22.627003,高雄市新興區新興國民小學,蕉園、德政、華聲、仁聲,1182,"水災,震災,土石流,海嘯",林岳翰,07-2412119#131,是,否,是,True,前金,70,2054.800431842445,2.054800431842445
406,屏東縣泰武鄉,萬安村,1鄰3號,120.6384,22.6274,萬安活動中心,萬安村,100,"水災,震災,土石流",邱正明,08-7830328,是,否,是,True,潮州,90,14015.125166948317,14.015125166948318
407,高雄市前金區,林投里,自強二路169號三、四樓,120.2943,22.6276,前金區公所5樓大禮堂,全區小型災害優先開設,25,水災,蔡登山,07-2723133#101,是,否,是,True,前金,70,1042.9241075001044,1.0429241075001043
408,高雄市新興區,榮治里,大同一路231號,120.2985,22.628,高雄市新興區大同國民小學,榮治、大明、明莊、秋山、長驛里,964,"水災,震災,土石流,海嘯",曾秀玉,07-2823039#31,是,否,是,True,前金,70,1372.3665876267364,1.3723665876267364
409,高雄市鳳山區,埤頂里,勝利路2號,120.37408,22.628249,高雄市鳳山區中正國民小學,埤頂、東門、鳳東里,0,"水災,震災,土石流,海嘯",蔡翠萍,7012831#131,是,否,是,True,鳳山,69,1712.4349212992001,1.7124349212992
410,高雄市大寮區,溪寮里,溪寮路54之1號,120.420494,22.628398,溪寮里社區活動中心,溪寮里,60,"水災,震災,土石流,海嘯",王基安,6517736,否,否,是,True,鳳山,69,6483.610420527198,6.483610420527198
412,高雄市前金區,後金里,六合二路278號,120.2905,22.6294,高雄市立前金國民中學,新生、後金、北金、東金,1218,"水災,震災,土石流,海嘯",蔡月梅,07-2725981,是,否,是,True,前金,70,629.5512717593604,0.6295512717593603
413,高雄市鳳山區,忠孝里,光復路二段130號,120.345723,22.629893,國立鳳山高級中學,忠孝、忠義、中和、鎮西里,200,"水災,震災,土石流,海嘯",余欣欣,7463150#430,是,否,是,True,鳳山,69,1218.4232993630144,1.2184232993630144
414,屏東縣瑪家鄉,排灣村,5鄰58號,120.6264,22.63,排灣社區活動中心,排灣村,148,"水災,土石流",金天光,08-7990107,是,否,是,True,潮州,90,13604.38786307217,13.60438786307217
415,高雄市苓雅區,正大里,輔仁路100號,120.333309,22.630177,高雄市苓雅區中正國民小學,正文、正言、正大、正心、正道,1855,"水災,震災,土石流,海嘯",吳軒銘,7225936,是,否,否,True,鳳山,69,2489.1014916264508,2.489101491626451
416,高雄市鳳山區,瑞興里,博愛路271號,120.368353,22.63018,高雄市鳳山區瑞興國民小學,瑞興、海光里,1309,"水災,震災,土石流,海嘯",潘清富,7429803#10,否,否,是,True,鳳山,69,1146.4474347117145,1.1464474347117146
417,高雄市鳳山區,,博愛路477巷18號,120.3648,22.6303,鳳山街友服務中心,鳳山街友中心服務區域之街友,32,"水災,震災,土石流,海嘯",街友中心主任,07-7190895,是,否,是,True,鳳山,69,795.7156731827254,0.7957156731827254
418,高雄市大寮區,溪寮里,溪寮路69號,120.420439,22.630524,高雄市大寮區溪寮國民小學,溪寮里、義和里,100,"水災,震災,土石流,海嘯,核子事故",龔輝基,6516256轉30,否,否,是,True,鳳山,69,6483.277058551908,6.483277058551908
419,高雄市鳳山區,忠孝里,光復路一段120巷8號,120.349906,22.630617,高雄市鳳山區中山國民小學,忠孝、忠義里,1759,"水災,震災",王寅榕,07-7458021#40,否,否,否,True,鳳山,69,820.3753829226023,0.8203753829226023
420,高雄市鳳山區,忠孝里,青年路二段89號,120.349,22.630785,高雄市立青年國民中學,忠孝、文福、鎮西里,376,"水災,震災,土石流,海嘯",黃紘玉,7190419#31,是,否,是,True,鳳山,69,914.444563760099,0.914444563760099
421,屏東縣內埔鄉,老埤村,壽比路116號,120.5943,22.6308,泰安國小,老埤村.中林村,120,"水災,震災,土石流,海嘯",涂淳益,08-7783031轉14,是,否,否,True,屏東,99,11882.890552400992,11.882890552400992
422,臺東縣太麻里鄉,北里村,三鄰北太麻里二0-四號,120.9994,22.6313,北里活動中心,北里村,30,"水災,震災,土石流,海嘯",鄒宗翰,089-781302,是,否,是,True,臺東,32,20725.504344209225,20.725504344209224
423,高雄市新興區,興昌里,中正三路32號,120.311,22.6316,高雄市新興區信義國民小學,順昌、文昌、開平、興昌、中東、光耀、德望里,1091,"水災,震災,土石流,海嘯",葛冠蘭,07-2365163#31,是,否,是,True,前金,70,2504.6295510913915,2.5046295510913916
424,高雄市鼓山區,光化里,鼓山二路37巷24號,120.280013,22.631757,高雄市鼓山區壽山國民小學,光化及山下里,345,"水災,土石流,海嘯",總務主任,5514393,是,否,否,True,前金,70,733.2358314578975,0.7332358314578975
425,高雄市前金區,草江里,自立二路111號,120.2979,22.6324,高雄市前金區建國國民小學,長興、草江、青山、三川、長城里,516,"水災,震災,土石流,海嘯",朱柏州,2860128,是,否,是,True,前金,70,1157.0397374256358,1.1570397374256358
426,高雄市鼓山區,光化里,鼓山二路37巷108號,120.278437,22.633012,高雄市立壽山國民中學,興宗里,745,"水災,震災,土石流,海嘯",總務主任,5519150,是,否,否,True,前金,70,861.3344808942818,0.8613344808942818
427,高雄市三民區,立德里,市中一路339號,120.2878,22.634,高雄市三民區河濱國民小學,立德里、力行里、千秋里、裕民里、豐裕里、川東里,745,"水災,震災,土石流,海嘯",謝忠豪總務主任,2211408#731,是,否,是,True,前金,70,107.3323420481349,0.10733234204813491
428,高雄市新興區,中東里,七賢一路393號,120.307,22.634,高雄市新興區七賢國民小學,南港、成功、新江、黎明、愛平、建興、建華,1091,"水災,土石流,海嘯",張義方,07-2351150#813,是,否,是,True,前金,70,2080.449094739513,2.080449094739513
429,高雄市鳳山區,文華里,文化路52號,120.352746,22.6344,高雄市鳳山區文華國民小學,文華、文福、文衡里,3170,"水災,震災,土石流,海嘯",尤文泰,7450949,否,否,是,True,鳳山,69,844.8128297950934,0.8448128297950934
430,高雄市大寮區,中庄里,中庄路59號,120.397497,22.634717,高雄市大寮區中庄國民小學,中庄里,100,"水災,震災,土石流,海嘯,核子事故",王豪華,7032838轉40,否,否,是,True,鳳山,69,4183.611100567902,4.183611100567902
431,高雄市三民區,千歲里,三民街222號,120.2906,22.6354,"千歲,千北,立德,鳳南聯合里活動中心",千歲里、千北里、立德里、鳳南里,200,"水災,震災,土石流,海嘯",丁陳月雲,2158892,是,否,是,True,前金,70,428.02506329284427,0.4280250632928443
432,高雄市三民區,興德里,三民街39-1號,120.2958,22.6361,三塊厝聯合里活動中心,興德里、建東里、鳳北里、港西里,500,"水災,震災,土石流,海嘯",林品君,07-2852190,是,否,是,True,前金,70,960.4600162202356,0.9604600162202356
433,高雄市苓雅區,民主里,憲政路235號,120.319935,22.636415,高雄市苓雅區凱旋國民小學,安祥、五權、民主、五福,1273,"水災,震災,土石流,海嘯",蘇裕義,2235181,是,否,否,True,復興,73,3173.9383669441286,3.1739383669441286
434,高雄市大寮區,中庄里,光明路三段1437號,120.401844,22.636416,高雄市立中庄國民中學,中庄里、江山里,800,"水災,震災,土石流,海嘯,核子事故",盧奇男,7033166轉310,否,否,是,True,鳳山,69,4657.631026462539,4.657631026462539
435,高雄市三民區,千北里,建國三路216號,120.2911,22.6367,高雄市三民區三民國民小學,千北里、千歲里、鳳北里、鳳南里、德西里、德興,818,"水災,震災,土石流,海嘯",許書維,2810378#31,是,否,是,True,前金,70,543.0154950093023,0.5430154950093024
436,高雄市鼓山區,寶樹里,鼓山二路166號,120.281,22.6368,鼓山區行政中心七樓大禮堂,全區（優先開設）,20,"水災,震災,土石流,海嘯",鄭區長明興,5311191,是,否,是,True,前金,70,673.5187910687655,0.6735187910687654
437,高雄市大寮區,江山里,江山路51號,120.411378,22.63768,江山里社區活動中心,江山里,30,"水災,震災,土石流,海嘯",許世川,7016158,否,否,是,True,鳳山,69,5646.270771682867,5.646270771682867
438,高雄市大寮區,後庄里,民揚路28號,120.389503,22.637822,高雄市大寮區後庄國民小學,後庄里,360,"水災,震災,土石流,海嘯,核子事故",陳福正,7035278,否,否,是,True,鳳山,69,3468.0728412609615,3.4680728412609616
439,屏東縣屏東市,龍華里,公華街182號,120.4822,22.6379,屏東市公館國小,公館里、頂柳里、龍華里,630,"水災,震災",王昭盛,08-7522205#14,是,是,是,True,屏東,99,3941.517274310411,3.941517274310411
440,高雄市三民區,建東里,建國三路50號,120.298,22.6382,高雄市立高雄高級中學,建東里、博惠里、港新里、長明里、博愛里、港東里、港西里,2794,"水災,震災,土石流,海嘯",吳麗娟總務組長,2862550#108、567,是,否,是,True,前金,70,1249.4296208730073,1.2494296208730074
441,高雄市三民區,寶德里,光武路35號,120.3343,22.6388,高雄市三民區光武國民小學,寶德里、寶民里、寶國里、寶盛里、寶華里、寶業里、寶獅里、寶慶里,1564,"水災,震災,土石流,海嘯",柯易興,3867458#31,是,否,是,True,鳳山,69,2654.452122258355,2.654452122258355
443,高雄市鼓山區,河邊里,河邊街155號,120.283,22.6401,高雄市鼓山區鼓岩國民小學,鼓岩、樹德、河邊、寶樹、綠川、興宗、光化、厚生、山下里,364,"水災,震災,土石流,海嘯",總務主任,5515513,是,否,是,True,前金,70,787.6590997736685,0.7876590997736684
444,高雄市三民區,寶德里,覺民路363號,120.33318,22.640511,高雄市立民族國民中學,寶泰里、寶德里,1673,"水災,震災,土石流,海嘯",廖兆祥,3818718#31,是,否,否,True,鳳山,69,2844.353429377067,2.844353429377067
445,高雄市三民區,德北里,德北街170號,120.2951,22.6406,"德北,十全,十美聯合里活動中心",德北里、十全里、十美里,200,"水災,震災,土石流,海嘯",劉啟聰,910720976,是,否,是,True,前金,70,1133.4565090541014,1.1334565090541013
446,高雄市鳳山區,文德里,文衡路356號,120.353925,22.640693,高雄市鳳山區文德國民小學,文山、文英、文德里,250,"水災,震災,土石流,海嘯",吳佳儒,7768723#41,是,否,是,True,鳳山,69,1437.269301404736,1.4372693014047362
447,高雄市三民區,寶安里,覺明路585號,120.3289,22.6407,寶安里活動中心,寶安里,50,"水災,震災,土石流,海嘯",杜鈴專、蔡瑞親、黃碧玉,07-3891818,是,否,是,True,鳳山,69,3245.666787521922,3.245666787521922
448,高雄市大寮區,後庄里,成功路188號,120.390201,22.640743,後庄老人活動中心,後庄里,150,"水災,震災,土石流,海嘯",黃義荃,7012766,否,否,是,True,鳳山,69,3647.5794007240684,3.6475794007240685
450,屏東縣內埔鄉,老埤村,學府路1號,120.5960839,22.64119569,國立屏東科技大學孟祥體育館,全縣,500,"水災,震災",侯嘉美,08-7740150,是,否,是,True,屏東,99,11652.406368684047,11.652406368684048
451,屏東縣屏東市,公館里,公興路11號,120.4842,22.6412,屏東縣立公正國中,新興里、玉成里、大湖里,2413,"水災,震災",潭仲萍,08-7522097#14,是,是,是,True,屏東,99,3552.157041690042,3.5521570416900423
453,高雄市鳳山區,鎮北里,鳳北路170號,120.368052,22.642652,高雄市鳳山區鎮北國民小學,忠誠里、鎮北里,1767,"水災,震災",王玫瓔,07-7311709#204,否,否,否,True,鳳山,69,1944.5449468075174,1.9445449468075173
454,臺東縣金峰鄉,新興村,"1鄰1號No.1,Xingxing,Jinfeng Township,Taitung County 964,TaiwanR.O.C.",121.002857,22.64298,新興國小 Xingxing Elementary School,新興村,100,水災,黃潮源,089-781687,是,否,否,True,臺東,32,19615.55308734955,19.61555308734955
455,高雄市三民區,德智里,自由一路52號,120.3088,22.643,"德智,德仁里活動中心",德智里、德仁里、同德里、達德里、達仁里、達勇里,200,"水災,震災,土石流,海嘯",李明同,07-3214842,是,否,是,True,前金,70,2479.2620022355413,2.4792620022355414
456,高雄市三民區,寶德里,壽昌路2號,120.3339,22.6431,寶珠溝里活動中心,寶德里,500,"水災,震災,土石流,海嘯",楊吉雄,3859911,是,否,是,True,鳳山,69,2931.7935434298442,2.931793543429844
457,高雄市三民區,本上里,義華路166號,120.340424,22.643129,高雄市立陽明國民中學,本上里、本揚里、寶國里、本安里,2130,"水災,震災,土石流,海嘯",吳昌和 總務主任,3892919#32,是,否,否,True,鳳山,69,2410.99849991828,2.41099849991828
458,高雄市三民區,安發里,平等路197號,120.3202,22.6435,高雄市三民區民族國民小學,安發里、安吉里、安康里、安寧里、正興里,1582,"水災,震災,土石流,海嘯",張智麒總務組長,3860526#834,是,否,是,True,前金,70,3597.717132042939,3.5977171320429386
459,高雄市鳳山區,忠誠里,鳳松路442號,120.3648,22.6436,高雄市避難收容暨備災訓練中心,（優先開設）需異地安置之本市民眾,400,"水災,震災,土石流,海嘯",社會局救助科-林宗德股長,3368333轉2063,是,否,是,True,鳳山,69,1873.824413975437,1.873824413975437
460,高雄市三民區,川東里,同盟三路442號,120.283,22.6442,中都地區聯合里活動中心,力行里、川東里、裕民里、豐裕里、千秋里、德西里,500,"水災,震災,土石流,海嘯",李憲宗,3128598,是,否,是,True,前金,70,1204.0217347185153,1.2040217347185154
461,高雄市三民區,正興里,覺民路850號,120.319684,22.644461,高雄市立正興國民中學,正興里、寶龍里、寶中里、灣中里,1455,"水災,震災,土石流,海嘯",陳美玲 總務主任,3809591#320,是,否,否,True,前金,70,3580.3916036235805,3.5803916036235806
462,高雄市三民區,同德里,十全一路1號,120.3137,22.6445,高雄市三民區愛國國民小學,同德里、安生里、德仁里、德智里、灣興里,709,"水災,震災,土石流,海嘯",黃?博,3161191#231,是,否,是,True,前金,70,3007.4216218833694,3.0074216218833696
463,高雄市三民區,安東里,十全一路202號,120.3067,22.6453,高雄市三民區博愛國民小學,安東里、安和里、達仁里、達明里、達勇里、達德里,982,"水災,震災,土石流,海嘯",林佳蓉,3110708#31,是,否,是,True,前金,70,2406.922104104592,2.4069221041045923
464,高雄市三民區,寶玉里,義德路52號,120.3356,22.6457,高雄市三民區陽明國民小學,寶玉里、寶泰里、本武里,1527,"水災,震災,土石流,海嘯",張仁志,3851916#731,是,否,是,True,鳳山,69,2969.597652357453,2.969597652357453
465,高雄市三民區,寶興里,大豐二路20號,120.3261,22.6463,高雄市三民區正興國民小學,寶興里、寶安里、寶珠里、寶龍里、寶中里、正順里,1818,"水災,震災,土石流,海嘯",黃同進主任、黃昭仁,3845206#734,是,否,是,True,鳳山,69,3796.8191818308364,3.7968191818308363
466,高雄市三民區,安東里,十全一路200號,120.306679,22.64653,高雄市立三民國民中學,安東里、達勇里、德仁里,964,"水災,震災,土石流,海嘯",梁梅松 總務主任,3227751#330,是,否,否,True,前金,70,2479.262822070143,2.479262822070143
467,高雄市三民區,安宜里,十全二路162號,120.2987,22.6467,高雄市三民區十全國民小學,安邦里、安宜里、安泰里、十全里、十美里、民享里、立業里、立誠里、精華里、德北里、德行里、德東里,1509,"水災,震災,土石流,海嘯",李玫芬,3214366131,是,否,是,True,前金,70,1874.6077184920239,1.8746077184920238
468,高雄市三民區,安和里,松江街250號（三民公園內）,120.304,22.6467,"安東,安和,達明聯合里活動中心",安東里、安和里、達明里,100,"水災,震災,土石流,海嘯",傅秋陽,3226166,是,否,是,True,前金,70,2268.9250962198744,2.2689250962198746
470,屏東縣麟洛鄉,麟蹄村,中山路2號,120.5227,22.648,麟洛國中,新田麟頂麟蹄,150,"水災,震災",張世良,08-7222812轉25,是,否,是,True,屏東,99,4517.327238140763,4.517327238140763
471,高雄市鳥松區,鳥松里,大埤路31號,120.352786,22.64819,高雄市立文山高級中學,鳥松、夢裡、大華,1020,"水災,震災,土石流,海嘯",總務主任聶松齡,7777272#410,是,否,否,True,鳳山,69,2272.294474699529,2.272294474699529
472,高雄市三民區,寶盛里,大順陸橋下,120.3263,22.6483,寶盛里活動中心,寶盛里、安吉里、安發里,100,"水災,震災,土石流,海嘯",劉沛慈,3854453,是,否,是,True,鳳山,69,3901.8181585799452,3.901818158579945
473,高雄市三民區,本安里,黃興路206號,120.3397,22.649,高雄市三民區東光國民小學,本安里、本上里、本揚里、本元里,2036,"水災,震災,土石流,海嘯",李堂立主任、張文芬,3839350#31,是,否,是,True,鳳山,69,2942.9873669495587,2.9429873669495588
474,高雄市三民區,安宜里,自立一路535號,120.2967,22.6498,安宜里活動中心,安宜,300,"水災,震災,土石流,海嘯",黃文斌,07-3229476,是,否,是,True,前金,70,2035.337223445076,2.035337223445076
475,屏東縣屏東市,前進里,建國路405巷100弄39號,120.4583,22.6502,屏東市前進國小,前進里、大洲里,439,"水災,震災",江政麟,08-7523291#14,是,是,是,True,屏東,99,3969.441694850924,3.9694416948509237
476,高雄市三民區,寶珠里,建工路419號,120.326452,22.65063,高雄市立高雄高級工業職業學校,寶珠里、寶玉里、本武里,1309,"水災,震災,土石流,海嘯",馬建能,3815366#2202,是,否,否,True,鳳山,69,4042.7259115276943,4.042725911527694
477,屏東縣麟洛鄉,麟蹄村,中山路158號,120.5272,22.6507,麟洛鄉圖書館,麟蹄村、麟頂村、麟趾村，合計3村避難使用。,30,"水災,震災",涂秀京,08-7222553-40,是,否,是,True,屏東,99,4726.921901120968,4.726921901120968
478,屏東縣麟洛鄉,麟趾村,中華路86號,120.5272,22.6507,麟洛國小,麟趾田中田道田心,150,"水災,震災",傅新輝,08-7221670,是,否,是,True,屏東,99,4726.921901120968,4.726921901120968
479,高雄市鳥松區,仁美里,仁德路１１號,120.3953,22.6511,老人文康活動中心,仁美里、華美、大竹、?埔,150,"水災,震災,土石流,海嘯",陳美女,7328948,是,否,是,True,鳳山,69,4650.847271457819,4.6508472714578195
480,高雄市鼓山區,正德里,明德路2號,120.27469,22.651425,高雄市立鼓山高級中學,雄峰、鼓峰、民族、前峰、內惟、建國、忠正、正德、自強及龍井里,1222,"水災,震災,土石流,海嘯",總務主任,5213258,是,否,否,True,前金,70,2303.1184274491866,2.3031184274491867
481,高雄市鼓山區,平和里,九如四路763號,120.278711,22.652148,高雄市鼓山區九如國民小學,光榮、平和、民強及厚生里,836,"水災,震災,土石流,海嘯",總務主任,5317186,是,否,否,True,前金,70,2183.265518330269,2.183265518330269
482,屏東縣瑪家鄉,佳義村,泰平巷76號,120.6311,22.6536,佳義基督長老教會教育館,佳義村,100,"水災,土石流",王德成,08-7990103,是,否,是,True,屏東,99,14860.023316635315,14.860023316635315
483,高雄市鳥松區,大華里,大華路200號,120.340501,22.653733,高雄市鳥松區大華國民小學,大華里,160,"水災,震災,土石流,海嘯",黃美華主任,3701359#540,是,否,是,True,鳳山,69,3326.4801303769236,3.3264801303769236
484,高雄市鼓山區,龍子里,大順一路858號,120.2977,22.655,高雄市鼓山區龍華國民小學,裕興、華豐、裕豐、明誠、龍子里,1400,"水災,震災,土石流,海嘯",總務主任,5553086-31,是,否,是,True,左營,72,2253.5784336938473,2.253578433693847
485,高雄市三民區,本和里,大和街190號,120.3261,22.6555,本和里活動中心,本和里,300,"水災,震災,土石流,海嘯",莊家銘,3959028,是,否,是,True,仁武,80,3775.944929676709,3.775944929676709
486,高雄市三民區,灣成里,鼎山街445號,120.320505,22.655593,高雄市立鼎金國民中學,灣子里、灣成里、本文里,1273,"水災,震災,土石流,海嘯",楊毅弘,3831029#131,是,否,否,True,左營,72,3548.36274766901,3.54836274766901
487,高雄市三民區,本館里,昌裕街55號,120.3315,22.6557,本館里集會所,本館里,50,"水災,震災,土石流,海嘯",簡明鎮,3816463,是,否,是,True,仁武,80,3695.4989723611784,3.6954989723611784
488,高雄市大樹區,九曲里,九曲路498號,120.423343,22.655886,高雄市大樹區九曲國民小學,竹寮里、九曲里、久堂里,2075,"水災,震災,土石流,海嘯",蘇娟儀,07-6512541轉40,否,否,否,True,屏東,99,6915.345740973635,6.915345740973635
489,高雄市三民區,灣成里,鼎山街375號,120.322,22.6561,高雄市立鼎金國民中學,灣成里、灣子里、灣中里、灣利里、灣勝里、灣復里、灣華里、灣愛里、鼎中里、鼎泰里,1345,"水災,土石流,海嘯",蔡啟禎,07-3836330#731,是,否,是,True,左營,72,3639.9492950052354,3.6399492950052355
491,高雄市三民區,本和里,大昌一路200號,120.3241,22.6563,高雄市三民區莊敬國民小學,本和里、本文里、本館里,2036,"水災,土石流,海嘯",蕭見文主任,3813210#5031、5311,是,否,是,True,仁武,80,3731.6725145657265,3.7316725145657266
492,高雄市鼓山區,建國里,內惟路73號,120.2762,22.6565,高雄市鼓山區內惟國民小學,內惟、建國、光榮、忠正、龍井、民強、平和、正德里,1091,"水災,震災,土石流,海嘯",總務主任,5515405-31,是,否,是,True,左營,72,2661.8625024686326,2.6618625024686327
493,高雄市大樹區,九曲里,九大路639號,120.4245,22.6569,大樹區綜合體育館,竹寮、九曲、久堂、水安、水寮、井腳里,200,"水災,震災,土石流,海嘯",張簡宥榛,07-6512003轉135,是,否,是,True,屏東,99,6770.517615313453,6.7705176153134525
494,高雄市大樹區,九曲里,九曲路500號,120.422752,22.657006,高雄市立大樹國民中學,竹寮里，九曲里、久堂里,1200,"水災,震災,土石流,海嘯",謝瑛民,07-6512026轉311,否,否,否,True,屏東,99,6940.892185522833,6.9408921855228325
495,高雄市鼓山區,龍水里,美術東三路110號,120.28928,22.657594,高雄市立七賢國民中學,裕興、裕豐、華豐、明誠及龍子里,1036,"水災,震災,土石流,海嘯",總務主任,5559329,是,否,否,True,左營,72,1948.2608718059448,1.9482608718059449
496,高雄市三民區,灣愛里,大昌一路270巷2號,120.3213,22.6579,灣愛里活動中心,灣愛里,200,"水災,震災,土石流,海嘯",李永貴,3831695,是,否,是,True,左營,72,3469.2664194192275,3.4692664194192275
498,高雄市左營區,新上里,自由二路2號,120.309546,22.658147,高雄市立龍華國民中學,新上里,1600,"水災,震災,土石流,海嘯",鄧主任方正,07-5570720#320,是,否,是,True,左營,72,2519.1399166153437,2.5191399166153436
499,高雄市鳥松區,華美里,學堂路2號,120.394141,22.658433,高雄市鳥松區仁美國民小學,仁美、華美、大竹、?埔,520,"水災,震災,土石流,海嘯",總務主任吳采瀅,7315633#40,是,否,否,True,鳳山,69,5050.448963107971,5.050448963107971
500,屏東縣屏東市,瑞光里,民生東路51號,120.5122037,22.65860765,屏東大學屏商校區活動中心,縣級收容所,89,"水災,震災",邱耀松,08-7663800#10522,是,否,是,True,屏東,99,2956.085394966697,2.956085394966697
501,屏東縣屏東市,清溪里,大武路225號,120.4725,22.6595,屏東縣立鶴聲國中,清溪里、大武里、永順里,1098,"水災,震災",楊舜傑,08-7520591#14,是,是,否,True,屏東,99,2193.09025626138,2.19309025626138
502,屏東縣屏東市,永安里,復興路376號,120.4862,22.6599,屏東市復興國小,永安里、新生里、頂宅里,535,"水災,震災",黃金和,08-7525402#14,是,是,否,True,屏東,99,1471.6650653890765,1.4716650653890766
504,屏東縣屏東市,瑞光里,安心四橫巷139-1號,120.509,22.6609,屏東市民生國小,瑞光里、歸心里、湖西里、湖南里,265,水災,陳文德,08-7216566#14,是,是,是,True,屏東,99,2542.0436414316123,2.5420436414316123
505,高雄市鼓山區,明誠里,明誠三路582號,120.301532,22.661903,高雄市立明華國民中學,裕興、華豐、裕豐及明誠里,927,"水災,土石流,海嘯",總務主任,5502001,是,否,否,True,左營,72,1686.060239277806,1.686060239277806
506,臺東縣太麻里鄉,華源村,一鄰大坑一五號,121.027792,22.66241819,華源活動中心,華源村,70,"水災,海嘯",古慶松,89781301,否,否,否,True,臺東,32,16269.196590659183,16.269196590659185
508,高雄市鳥松區,鳥松里,文前路32號,120.361721,22.663078,高雄市鳥松區鳥松國民小學（備用）,鳥松、夢裡,50,"水災,震災,土石流,海嘯",陳信行組長,7321780#40,是,否,是,True,鳳山,69,3895.5140362833363,3.8955140362833363
509,高雄市三民區,鼎西里,金鼎路81號,120.32672,22.663103,高雄市立三民高級中學,鼎西里、本和里,886,"水災,震災,土石流,海嘯",蔡仁榮主任,3475181#831,是,否,否,True,仁武,80,2937.3937959034174,2.9373937959034175
511,屏東縣屏東市,瑞光里,民生路4-18號,120.5044684,22.66539013,屏東大學民生校區體育館,縣級收容所,178,"水災,震災",邱耀松,08-7663800#10522,是,否,是,True,屏東,99,1891.5240920739893,1.8915240920739893
512,屏東縣屏東市,萬年里,建興路36號,120.4866,22.6654,屏東市建國國小,建國里、一心里、擇仁里、萬年里,593,"水災,震災",張美莉,08-7521464#14,是,是,是,True,屏東,99,863.1876810466053,0.8631876810466054
513,屏東縣屏東市,厚生里,建國路121號,120.4797,22.6656,屏東市鶴聲國小,崇武里、厚生里,1459,水災,楊碧枝,08-7554335#14,是,是,是,True,屏東,99,1191.4398250317984,1.1914398250317983
514,高雄市左營區,新下里,高雄市左營區裕誠路1102號,120.300608,22.666009,高雄市立三民高級家事商業職業學校,新下里,1018,"水災,震災,土石流,海嘯",歐陽偉堅事務組長,5525887#182,是,否,否,True,左營,72,1259.183517119915,1.259183517119915
515,高雄市鳥松區,鳥松里,松埔北巷5之1號,120.371072,22.666471,高雄市立鳥松國民中學,鳥松、夢裡、?埔,844,"水災,震災,土石流,海嘯",總務主任袁小惠,7323977#31,是,否,否,True,鳳山,69,4471.870401877792,4.4718704018777915
517,屏東縣屏東市,安鎮里,建國路二0二號,120.476,22.6668,屏東市大同國小,永昌里、長安里、永光里、安鎮里、凌雲里,846,"水災,震災",周淑娟,08-7524115#14,是,是,否,True,屏東,99,1418.7298894842406,1.4187298894842406
518,屏東縣內埔鄉,龍泉村,原勝路6號,120.6002,22.6669,崇文國小,龍泉村,120,"水災,震災,土石流,海嘯",邱毓德,08-7701004轉10,是,是,否,True,屏東,99,11546.873724113453,11.546873724113453
519,屏東縣內埔鄉,大新村,大新路109號,120.5909,22.6673,新生國小,大新村,120,"水災,震災,土石流,海嘯",陳慶寬,08-7708211,是,否,否,True,屏東,99,10590.234290537364,10.590234290537364
520,高雄市大樹區,水寮里,中華路國小巷1號,120.407847,22.667994,高雄市大樹區水寮國民小學,水安里、水寮里、井腳里,1079,"水災,震災,土石流,海嘯",曹雯青,07-6515536轉13,否,否,否,True,鳳山,69,6808.129759948552,6.808129759948552
521,高雄市三民區,鼎泰里,天祥二路31號,120.3157,22.6684,三民街友服務中心,三民街友中心服務區域之街友,80,"水災,震災,土石流,海嘯",街友中心主任,07-3432263,是,否,是,True,左營,72,2448.173427246191,2.448173427246191
522,臺東縣綠島鄉,南寮村,南寮190號,121.4687,22.6686,南寮社區活動中心,南寮村,50,"水災,震災,土石流",童上歡,089-672358,是,否,是,True,臺東,32,34075.98288510518,34.07598288510518
524,高雄市鼓山區,龍水里,美術東二路252號,120.2848,22.6691,高雄市鼓山區中山國民小學,鼓峰、雄峰、前峰、民族、自強、龍水里,1364,"水災,震災,土石流,海嘯",總務主任,5505850,是,否,是,True,左營,72,1050.1307323092624,1.0501307323092623
525,高雄市左營區,新中里,自由三路1號,120.309875,22.669267,高雄市左營區新莊國民小學,新中,1582,"水災,震災,土石流,海嘯",呂毓修事務組長,07-3411373,否,否,是,True,左營,72,1849.506763191496,1.849506763191496
527,屏東縣屏東市,橋北里,自立路213號,120.4958,22.6706,屏東市民和國小,橋南里、橋北里、慶春里、長春里、楠樹里,418,"水災,震災",陳昭男,08-7229210#14,是,是,是,True,屏東,99,844.1092027845123,0.8441092027845123
529,屏東縣屏東市,崇禮里,中山路41號,120.4852,22.6716,屏東市唐榮國小,泰安里、武廟里、大同里、光榮里、文明里、民權里、必信里、大埔里,490,"水災,震災",李英傑,08-7322306#14,是,是,是,True,屏東,99,334.136302807348,0.33413630280734796
530,高雄市仁武區,仁慈里,仁慈路75號,120.3587,22.6717,仁慈活動中心,仁慈里,150,"水災,震災,土石流,海嘯",社會課災民收容業務承辦人,07-3719159,是,否,是,True,仁武,80,3296.918737270122,3.296918737270122
532,高雄市左營區,新下里,南屏路1號,120.295103,22.672458,高雄市左營區勝利國民小學,新下里,500,"水災,震災,土石流,海嘯",陳麗卿,5522541#732,否,否,是,True,左營,72,348.2409705287801,0.3482409705287801
533,高雄市三民區,鼎強里,鼎金後路495號,120.3224,22.6726,高雄市三民區獅湖國民小學,鼎強里、鼎西里、鼎力里、鼎盛里、鼎金里,1582,"水災,震災,土石流,海嘯",林郁為總務主任,3424782#6031,是,否,是,True,仁武,80,2103.7771932924,2.1037771932924003
534,屏東縣屏東市,豐田里,民學路2路,120.5088,22.6726,屏東縣立中正國中,豐田里、豐榮里、豐源里,2138,"水災,震災",陳鴻鵬,08-7226387#41,是,是,是,True,屏東,99,2134.7031154614638,2.134703115461464
535,臺東縣綠島鄉,中寮村,臺東縣綠島鄉9鄰中寮4號,121.4701,22.6731,綠島國中,中寮村,200,"水災,震災,土石流",韓秉翃,（089）672506#11,是,否,是,True,臺東,32,34076.9259396583,34.0769259396583
536,臺東縣綠島鄉,中寮村,中寮1鄰3號,121.4699,22.6737,綠島國民小學,中寮村,200,"水災,震災,土石流",林麗菁,（089）672543#13,是,否,是,True,臺東,32,34039.35066563935,34.039350665639354
537,高雄市左營區,埤東里,翠華路687號,120.2928,22.6742,高雄市立大義國民中學,海勝、果貿、埤東里,50,"水災,震災,土石流,海嘯",蘇主任淑暖,5820191#10,是,否,是,True,左營,72,74.17715882560914,0.07417715882560914
538,臺東縣綠島鄉,中寮村,中寮1鄰31號,121.4702,22.6747,中寮社區活動中心,中寮村,30,"水災,震災,土石流",李怡如,089-672315,是,否,是,True,臺東,32,34039.72765331518,34.03972765331518
539,高雄市左營區,自助里,左營大路1號,120.2856,22.6752,高雄市立海青高級工商職業學校,崇實、自助、果峰、果惠里,100,"水災,震災,土石流,海嘯",顧斌主任,5819155#501,是,否,是,True,左營,72,752.8519607977569,0.7528519607977568
541,屏東縣瑪家鄉,瑪家村,馬卡札亞札亞街 1號,120.6869,22.6756,瑪家社區活動中心,瑪家村,150,"水災,土石流",林國輝,08-7997217,是,否,是,True,屏東,99,20437.251586042075,20.437251586042077
543,高雄市仁武區,大灣里,仁雄路99號,120.341612,22.676023,高雄市立大灣國民中學,大灣里、赤山里,500,"水災,震災,土石流,海嘯",社會課災民收容業務承辦人,07-3719159,是,否,是,True,仁武,80,1713.0407420881172,1.7130407420881173
544,臺東縣綠島鄉,公?村,公館98號,121.4848,22.6764,公館國民小學,公館村,200,"水災,震災,土石流",鍾文惠,（089）672548#12,是,否,是,True,臺東,32,35442.0998595805,35.4420998595805
545,高雄市左營區,菜公里,自由三路478號,120.313158,22.676691,高雄市左營區新民國民小學,菜公里,921,"水災,震災,土石流,海嘯",鄭欽元總務主任,3411888#731,否,否,是,True,左營,72,2089.8536336824204,2.0898536336824205
546,屏東縣屏東市,興樂里,仁愛路98號,120.4948,22.6767,屏東市仁愛國小,斯文里、興樂里、明正里、太平里、仁愛里,1204,"水災,震災",朱慧貞,08-7361114#22,是,是,是,True,屏東,99,802.5818658609663,0.8025818658609664
547,屏東縣屏東市,大連里,建豐路204號,120.5039,22.6769,屏東市忠孝國小,大連里,650,"水災,震災",邱意斌,08-7371545,是,是,是,True,屏東,99,1684.4323397415399,1.68443233974154
548,臺東縣綠島鄉,公?村,柴口1鄰62號,121.4847,22.6769,綠島鄉社會福利活動中心,公?村,60,"水災,震災,土石流",林鴻文,089-672145,是,否,是,True,臺東,32,35418.463176022895,35.4184631760229
549,屏東縣長治鄉,新潭村,潭頭路50號,120.5261,22.6772,長興國小,長興村、進興村、潭頭村、新潭村、香楊村,200,"水災,震災,土石流,海嘯",邱坤玉,7368567,是,否,是,True,屏東,99,3938.235925143261,3.938235925143261
551,臺東縣綠島鄉,公?村,公?5鄰1號,121.4807,22.6777,公館社區活動中心,公館村,30,"水災,震災,土石流",鄭志雄,089-672517,是,否,是,True,臺東,32,34998.281403530586,34.998281403530584
552,屏東縣屏東市,潭墘里,和平路429號,120.4777,22.678,屏東縣立大同高中,維新里、潭墘里、永城里,1380,"水災,震災",韓彬彬,08-7338499,是,是,否,True,屏東,99,1193.370283000744,1.193370283000744
553,屏東縣內埔鄉,龍潭村,昭勝路438號,120.6021,22.6786,崇文國中,龍潭村,120,"水災,震災,土石流,海嘯",吳?耀,08-7701864轉14,是,否,否,True,屏東,99,11737.242546017505,11.737242546017505
554,高雄市左營區,新光里,高雄市左營區曾子路281號,120.306724,22.679456,高雄市立左營國民中學,新光里、尾北里,836,"水災,震災,土石流,海嘯",謝秀吟總務主任,3433080#311,是,否,否,True,左營,72,1507.3028857994204,1.5073028857994204
555,高雄市仁武區,仁和里,仁忠路191號,120.354051,22.679647,高雄市仁武區登發國民小學,仁和里,1815,"水災,震災,土石流,海嘯",社會課災民收容業務承辦人,07-3719159,是,否,是,True,仁武,80,2435.160140211974,2.4351601402119742
556,高雄市左營區,新光里,華夏路800號,120.304805,22.67983,高雄市左營區新光國民小學,新光里,200,"水災,震災,土石流,海嘯",許主任志良,3438577,是,否,是,True,左營,72,1339.8241745216942,1.3398241745216941
557,屏東縣屏東市,溝美里,大連路70號,120.4976,22.6799,屏東縣立明正國中,溝美里,4113,"水災,震災",蘇聖峰,08-7376293,是,是,是,True,屏東,99,1239.6026793491071,1.239602679349107
559,屏東縣屏東市,勝利里,蘭州街2號,120.4857,22.6807,屏東市勝利國小,廣興里、勝利里、空翔里,1579,"水災,震災",蔡孟珍,08-7652038#14,是,是,是,True,屏東,99,877.0690683567266,0.8770690683567266
560,屏東縣屏東市,大連里,興豐路86號,120.5091,22.6808,屏東市瑞光國小,大連里,1415,水災,林盈良,08-7383011#14,是,是,是,True,屏東,99,2327.434576082073,2.327434576082073
561,高雄市左營區,福山里,文慈路99號,120.3176,22.6812,高雄市立新莊高級中學,福山里,3305,"水災,震災,土石流,海嘯",洪明孝事務組長,07-3420103,是,否,是,True,仁武,80,1772.648264092584,1.772648264092584
565,高雄市仁武區,灣內里,仁心路31號,120.357281,22.683088,高雄市仁武區灣內國民小學,灣內里、考潭里,330,"水災,震災,土石流,海嘯",社會課災民收容業務承辦人,07-3719159,是,否,是,True,仁武,80,2617.6706549901796,2.61767065499018
566,高雄市左營區,聖西里,蓮潭路47號,120.293004,22.683177,高雄市左營區舊城國民小學,聖西里、中南里、聖后里、聖南里、城南里、埤東里,582,"水災,震災,土石流,海嘯",曾主任望超,5810017#31,是,否,是,True,左營,72,920.9214153722395,0.9209214153722395
567,高雄市左營區,菜公里,高雄市左營區重愛路99號,120.317215,22.683573,高雄市左營區福山國民小學,菜公里,1273,"水災,震災,土石流,海嘯",徐盛旺總務主任,3487633#311,是,否,否,True,仁武,80,1696.4267532174981,1.6964267532174981
568,屏東縣屏東市,崇蘭里,廣東路1259號,120.477,22.6842,屏東市崇蘭國小,崇蘭里、潭墘里,614,"水災,震災",陳振賢,08-7333477#14,是,是,是,True,屏東,99,1673.6932748811475,1.6736932748811475
571,屏東縣屏東市,勝利里,忠孝路231號,120.4888,22.6861,國立屏東高中,信和里,2470,"水災,震災",周坤秀,08-7656444#513,是,是,是,True,屏東,99,1443.77608755362,1.44377608755362
572,屏東縣屏東市,中正里,華正路80號,120.5017,22.687,屏東市和平國小,華山里、中正里,511,"水災,震災",林明憲,08-7364440#14,是,是,是,True,屏東,99,2085.133432887052,2.085133432887052
574,屏東縣內埔鄉,黎明村,西淇路177號,120.5969,22.6874,黎明國小,黎明村,80,"水災,震災,土石流,海嘯",蘇良瓊,08-7701200轉14,是,否,否,True,屏東,99,11298.433768167162,11.298433768167163
575,臺東縣太麻里鄉,美和村,美和 90 號,121.044275,22.687685,太麻里鄉美和國民小學,美和村,100,"水災,震災,土石流,海嘯",倪明樑,089-781307,是,否,是,True,臺東,32,13232.591203399428,13.232591203399428
576,高雄市大樹區,大樹里,中正一路249號,120.43459,22.687763,高雄市大樹區大樹國民小學,大樹里、興山里、和山里,1091,"水災,震災,土石流,海嘯",李淑幸,07-6513752轉20,否,否,否,True,屏東,99,5727.185047758132,5.727185047758132
577,高雄市左營區,明建里,海富路2號,120.289355,22.688006,高雄市左營區明德國民小學,明建里、尾西里、頂西里、頂北里、?北里,491,"水災,震災,土石流,海嘯",高銘駿總務主任,07-5811583#310,是,否,是,True,左營,72,1500.9356498341253,1.5009356498341253
579,高雄市仁武區,八卦里,永仁街555號,120.333146,22.689043,高雄市仁武區八卦國民小學,八卦里、五和里,1254,"水災,震災,土石流,海嘯",社會課災民收容業務承辦人,07-3719159,是,否,是,True,仁武,80,52.936626978122135,0.05293662697812213
580,高雄市左營區,進學里,左營大路479號8樓,120.29511,22.689882,左營區公所8樓大禮堂,尾南、尾北、尾西、聖南里小型災害優先開設,20,"水災,震災,土石流",區公所災民避難收容業務承辦人,5831115,是,否,是,True,左營,72,1678.5564080985391,1.6785564080985391
581,屏東縣瑪家鄉,?山村,涼山巷20號,120.6369,22.6901,涼山社區活動中心,涼山村,158,"水災,土石流",卓永勝,08-7991759,是,否,是,True,屏東,99,15412.289889603971,15.412289889603972
582,高雄市左營區,進學里,高雄市左營區實踐路42號,120.293299,22.690488,高雄市左營區左營國民小學,進學里、尾西里、尾南里、明建里,745,"水災,震災,土石流,海嘯",曹玉鳳總務主任,5820042#731,是,否,否,True,左營,72,1730.91254976007,1.7309125497600701
583,高雄市仁武區,高楠里,高楠四街58號,120.3242,22.6917,高楠活動中心,高楠里,200,"水災,震災,土石流,海嘯",社會課災民收容業務承辦人,07-3719159,是,否,是,True,仁武,80,914.4297827590896,0.9144297827590896
584,屏東縣屏東市,北興里,公裕街300號,120.4936,22.6917,屏東縣立至正國中,北興里,1338,"水災,震災",陳淵源,08-7666394#9,是,是,是,True,屏東,99,2139.6088854723207,2.1396088854723208
587,屏東縣長治鄉,德成村,中興路578號,120.5437,22.6934,長治國中,崙上村、德協村、復興村、德成村,200,"水災,震災,土石流,海嘯",鍾冬玉,7621193,是,否,是,True,屏東,99,6146.560898084154,6.146560898084155
588,高雄市左營區,進學里,海功路55號,120.296158,22.693416,高雄市立左營高級中學,進學里,200,"水災,震災,土石流,海嘯",蔡主任忍昭,5822010#301,是,否,是,True,左營,72,2081.5159033335317,2.0815159033335315
589,屏東縣長治鄉,德成村,中興路551號,120.5415,22.6941,德協國小,德榮村.德和村,200,"水災,震災,土石流,海嘯",劉富連,7621844,是,否,是,True,屏東,99,5966.5658981754,5.966565898175401
590,屏東縣三地門鄉,大社村,和平路2段35號,120.637733,22.694157,大社村辦公處含活動中心,大社村,200,"水災,震災,土石流",侯虎雄,912024772,是,是,是,True,屏東,99,15558.04099772476,15.55804099772476
593,高雄市左營區,菜公里,復興新村335號,120.299673,22.69567,復興永清里活動中心,永清、屏山里,150,"水災,震災,土石流,海嘯",黃耀慶,5831111#38,是,否,是,True,左營,72,2406.6008251435064,2.4066008251435065
594,高雄市左營區,祥和里,左營大路928巷101號,120.301803,22.69635,祥和山莊活動中心,祥和里,100,"水災,震災,土石流,海嘯",劉里長德文,5851536,是,否,是,True,左營,72,2548.765583665323,2.548765583665323
597,臺東縣卑南鄉,溫泉村,溫泉村11鄰溫泉路291號,121.02593,22.697667,溫泉國民小學,溫泉村,50,,劉和旺,089-512354#203,否,否,否,True,臺東,32,14296.933113800818,14.296933113800819
598,臺東縣卑南鄉,溫泉村,溫泉村11鄰溫泉路293號,121.025091,22.697823,溫泉村活動中心,溫泉村,30,,吳春瑩,089-512744,否,否,否,True,臺東,32,14366.408737650745,14.366408737650746
599,高雄市仁武區,烏林里,林森巷23號,120.372598,22.697888,高雄市仁武區.烏林國民小學,烏林里,429,"水災,震災,土石流,海嘯",社會課災民收容業務承辦人,07-3719159,是,否,是,True,仁武,80,4221.380703050323,4.221380703050323
601,屏東縣屏東市,三山里,海豐街3號,120.508,22.6989,屏東市海豐國小,三山里、海豐里、仁義里、和興里,655,"水災,震災",蘇俊名,08-7367023#14,是,是,是,True,屏東,99,3518.956443360287,3.518956443360287
602,高雄市仁武區,仁武里,中正路94號,120.348359,22.701263,高雄市仁武區仁武國民小學,仁武里、文武里、後安里、仁福里,1782,"水災,土石流,海嘯",社會課災民收容業務承辦人,07-3719159,是,否,是,True,仁武,80,2106.8152702554567,2.106815270255457
603,高雄市仁武區,仁武里,中正路94號,120.3484,22.7013,仁武區綜合活動中心,仁武里、文武里、後安里、仁福里,500,"水災,土石流,海嘯",社會課災民收容業務承辦人,07-3719159,是,否,是,True,仁武,80,2112.6751525372724,2.1126751525372724
604,屏東縣內埔鄉,隘寮村,清涼路二段238號,120.6357,22.7024,隘寮國小,隘寮村.水門村,120,"水災,震災,土石流,海嘯",徐健偉,08-7991036轉14,是,否,否,True,屏東,99,15516.107235367197,15.516107235367198
606,屏東縣長治鄉,德成村,水源路96號,120.5722,22.7026,繁華國小,繁華村、繁昌村、繁榮村、繁隆村、榮華村,200,"水災,震災,土石流,海嘯",鄭國卿,7621254,是,否,是,True,屏東,99,9245.226360575023,9.245226360575023
607,屏東縣瑪家鄉,三和村,三和巷16號,120.6095,22.7026,瑪家國中,三和村,100,"水災,震災",韓繼成,08-7991736,是,是,是,True,屏東,99,12901.577328396452,12.901577328396451
610,屏東縣瑪家鄉,三和村,1鄰6-3號,120.6089,22.7036,玉泉社區活動中心,玉泉社區,200,"水災,土石流",董賢明,983379985,是,否,是,True,屏東,99,12870.535909216482,12.870535909216482
611,高雄市仁武區,仁武里,仁祥街199號,120.3447169,22.70434779,仁武里活動中心,仁武里.後安里.竹後里,500,"水災,震災,土石流,海嘯",社會課災民收容業務承辦人,3751472,是,否,是,True,仁武,80,2099.8557861419713,2.0998557861419713
612,臺東縣臺東市,知本里,知本路三段13巷40號,121.055645,22.705462,知本社區活動中心,知本里,34,"水災,土石流",里長 馬捷,089-510110,是,否,否,True,臺東,32,11196.047199841156,11.196047199841155
613,屏東縣瑪家鄉,北葉村,北葉村風景巷1鄰1號,120.646,22.7074,北葉國小體育館,排灣村、涼山村、北葉村、佳義村,320,"水災,震災,土石流",陳再興,08-7991649,是,是,是,True,屏東,99,16669.61820913454,16.66961820913454
615,高雄市楠梓區,廣昌里,廣昌街175巷37號,120.285079,22.707528,高雄市楠梓區廣、大、久、盛昌里活動中心,廣昌里、大昌里、久昌里、盛昌里,157,"水災,震災,土石流,海嘯",王嘉東,07-3517121,是,否,是,True,左營,72,3705.977293359534,3.7059772933595343
616,臺東縣臺東市,建業里,西昌街214號,121.050993,22.707748,建業社區活動中心,建業里,35,"水災,土石流",里長 王正元,089-512311,是,否,否,True,臺東,32,11495.70329286574,11.495703292865741
617,高雄市仁武區,中華里,華園街25號,120.3272,22.7085,中華里活動中心,中華里,100,"水災,震災,土石流,海嘯",社會課災民收容業務承辦人,07-3719160,是,否,是,True,仁武,80,2224.2668107837685,2.2242668107837686
618,高雄市楠梓區,宏榮里,左楠路4號,120.302919,22.708958,高雄市楠梓區油廠國民小學,宏榮里、宏毅里,636,"水災,震災,土石流,海嘯",陳鼎華,07-3632300,是,否,是,True,仁武,80,3765.1319441335686,3.7651319441335684
619,屏東縣瑪家鄉,北葉村,風景巷1-8號,120.6479,22.7096,北葉社區活動中心,北葉村,443,"水災,土石流",馮文明,08-7991461,是,否,是,True,屏東,99,16916.201739926004,16.916201739926002
620,高雄市仁武區,竹後里,竹楠路250號,120.334866,22.710042,高雄市仁武區竹後國民小學,竹後里、中華里,429,"水災,震災,土石流,海嘯",社會課災民收容業務承辦人,07-3719159,是,否,是,True,仁武,80,2335.206039486475,2.3352060394864753
621,高雄市左營區,光輝里,後昌路842號,120.295275,22.711558,高雄市左營區莒光國民小學,光輝、莒光里,20,"水災,震災,土石流,海嘯",柯旭升,3612078#133,是,否,是,True,左營,72,4070.890231083063,4.070890231083063
622,高雄市楠梓區,秀昌里,後昌路842號,120.295275,22.711558,高雄市楠梓區莒光國民小學,秀昌里、宏榮里,1273,"水災,震災,土石流,海嘯",周譽峰,07-3550571,是,否,是,True,左營,72,4070.890231083063,4.070890231083063
623,高雄市楠梓區,泰昌里,盛昌街161號,120.286911,22.713585,高雄市立右昌國民中學,福昌里、興昌里,927,"水災,震災,土石流,海嘯",方靜慧,07-3640451,是,否,是,True,左營,72,4332.315955893393,4.332315955893393
624,高雄市楠梓區,建昌里,加昌路910號,120.292106,22.713629,高雄市楠梓區右昌國民小學,建昌里、泰昌里,1291,"水災,震災,土石流,海嘯",陳春美,07-3612368,是,否,是,True,左營,72,4293.8184354972045,4.293818435497204
625,屏東縣三地門鄉,三地村,行政街11號,120.6539,22.7141,三地門鄉立體育館,大社村 德文村 達來村 三地村,200,"水災,震災,土石流,海嘯",林明珠,08-7991104分機308,是,否,是,True,屏東,99,17636.85848007533,17.63685848007533
626,屏東縣三地門鄉,三地村,行政街9號,120.654518,22.714903,地磨兒國小,三地村.德文村.達來村,60,"水災,震災,土石流",李振任,08-7991462,是,否,是,True,屏東,99,17721.2000380851,17.721200038085097
628,高雄市楠梓區,宏昌里,後昌路960巷19號,120.2941,22.7154,高雄市楠梓區宏昌等六里聯合活動中心,全區綜合運用,60,"水災,震災,土石流,海嘯",王嘉東,07-3517121,是,否,是,True,楠梓,85,4052.960507958121,4.0529605079581215
629,臺東縣臺東市,建和里,青海路3段640號,121.049167,22.716736,臺東縣臺東市建和國小,建和里,125,"水災,震災,土石流,海嘯",總務組楊主任宏業,512381-203,是,是,否,True,臺東,32,11247.595178863985,11.247595178863985
630,高雄市楠梓區,國昌里,德民路1010號,120.2861,22.7194,高雄市立國昌國民中學,國昌里、裕昌里,800,"水災,震災,土石流,海嘯",王東進,07-3644300,是,否,是,True,楠梓,85,4612.81184552934,4.61281184552934
631,高雄市楠梓區,加昌里,樂群路220號,120.296547,22.720392,高雄市楠梓區加昌國民小學,加昌里、瑞屏里,1267,"水災,震災,土石流,海嘯,核子事故",郭鈴惠,07-3627169,是,否,是,True,楠梓,85,3576.70381232323,3.57670381232323
632,臺東縣臺東市,建農里,知本路一段560號,121.084143,22.720423,建農里民眾活動中心,建農里,29,"水災,土石流",里長 聶約翰,089-516409,是,否,否,True,臺東,32,7832.29519992793,7.83229519992793
633,高雄市楠梓區,瑞屏里,加昌路216號,120.314216,22.721706,高雄市楠梓區後勁國民小學,錦屏里、玉屏里、瑞屏路,873,"水災,震災,土石流,海嘯",趙梓晴,07-3626342,是,否,是,True,楠梓,85,1960.6492943190246,1.9606492943190246
634,高雄市大社區,中里里,文明路10巷3號,120.3513,22.7226,中里社區活動中心,中里里、觀音里,70,"水災,震災,土石流,海嘯",王佐楷,3512410,是,否,是,True,楠梓,85,2662.5456331360824,2.6625456331360824
635,高雄市楠梓區,瑞屏里,加昌路180號,120.316198,22.722854,高雄市立後勁國民中學,金田里、稔田里,673,"水災,震災,土石流,海嘯",麥賢章,07-3654111,是,否,是,True,楠梓,85,1725.207508731655,1.725207508731655
636,屏東縣九如鄉,九清村,九如路二段3-1號,120.4918,22.7233,九如鄉九如國民小學,東寧村、玉水村、九明村、大坵村、三塊村、洽興村〈為本鄉第三收容處所〉,129,"水災,震災",陳茂生,08-7392159#14,是,是,是,True,屏東,99,5574.327300261275,5.574327300261275
637,高雄市楠梓區,仁昌里,壽豐路461號,120.294854,22.724246,高雄市楠梓區仁昌里活動中心,仁昌里,155,"水災,震災,土石流,海嘯",王嘉東,07-3517121,是,否,是,True,楠梓,85,3589.464362370108,3.589464362370108
638,高雄市楠梓區,五常里,楠陽路100號,120.331144,22.724927,高雄市楠梓區楠陽國民小學,五常里、中陽里,1164,"水災,震災,土石流,海嘯",陳宗逸,07-3520675,是,否,是,True,楠梓,85,1011.2870459806096,1.0112870459806096
639,高雄市楠梓區,翠屏里,德惠路55號,120.302159,22.726779,高雄市楠梓區翠屏里活動中心,翠屏里,280,"水災,震災,土石流,海嘯",王嘉東,07-3517121,是,否,是,True,楠梓,85,2790.376058407405,2.790376058407405
640,高雄市楠梓區,惠豐里,青田街87號,120.318969,22.727244,高雄市楠梓區惠豐里活動中心,惠豐里,115,"水災,震災,土石流,海嘯",王嘉東,07-3517121,是,否,是,True,楠梓,85,1192.6522870467854,1.1926522870467855
641,高雄市楠梓區,中和里,大學二十六街1150號,120.27799,22.728206,高雄市楠梓區援中國民小學,中和里、中興里,345,"水災,震災,土石流,海嘯",賴賢貴,07-3612193,是,否,是,True,橋頭,81,4315.26052426771,4.3152605242677105
642,高雄市楠梓區,惠楠里,楠梓新路264號7樓,120.3263,22.7283,高雄市楠梓區行政中心7樓大禮堂,全區綜合運用,100,"水災,震災,土石流,海嘯",王嘉東,07-3517121,是,否,是,True,楠梓,85,628.456463693892,0.6284564636938921
643,高雄市梓官區,智蚵里,中正二街60號,120.25873,22.728551,高雄市立蚵寮國民中學（備用）,全區,400,"水災,震災,土石流",林碧真主任,6172831轉31,是,否,是,True,橋頭,81,5791.783542476343,5.7917835424763435
644,高雄市大社區,神農里,翠屏路100號,120.357267,22.729029,高雄市立大社國民中學,全區，主要作為地震避難所,500,"水災,震災,土石流,海嘯",潭三白,07-3530100,是,否,是,True,楠梓,85,3020.5977921912645,3.0205977921912646
645,高雄市大社區,神農里,金龍路65號,120.3546,22.7293,大社老人文康中心,觀音里、神農里、翠屏里,200,"水災,震災,土石流,海嘯",柯金雀,3541509,是,否,是,True,楠梓,85,2745.581316325883,2.7455813163258833
646,高雄市楠梓區,翠屏里,翠屏路135號,120.299446,22.729477,高雄市立翠屏國民中小學,翠屏里,1545,"水災,震災,土石流,海嘯",葉偉娟,07-3683018,否,否,是,True,楠梓,85,2998.8688606526275,2.9988688606526277
647,高雄市楠梓區,藍田里,藍昌路416號,120.2922,22.7295,高雄市立中山高級中學,藍田里,1528,"水災,震災,土石流,海嘯",王雪娥,07-3641116,是,否,是,True,橋頭,81,3396.6914952213747,3.3966914952213747
648,高雄市梓官區,信蚵里,廣澤路3號,120.254588,22.729634,智信蚵社區聯合活動中心（備用）,全區,150,水災,黃信長,6101938,是,否,是,True,橋頭,81,6088.910862744377,6.088910862744377
650,高雄市楠梓區,惠民里,高楠公路1868巷100號,120.323083,22.732098,高雄市楠梓區惠民里集會所,惠民里,125,"水災,震災,土石流,海嘯",王嘉東,07-3517121,是,否,是,True,楠梓,85,562.2721770960054,0.5622721770960054
651,臺東縣臺東市,豐里里,豐里街756巷20號,121.116004,22.732187,豐里社區活動中心,豐里里、豐原里、豐谷里、豐榮里,27,"水災,土石流",理事長 鄭彼得,932535408,是,否,否,True,臺東,32,4370.212657956346,4.370212657956347
652,高雄市楠梓區,東寧里,楠梓路262號,120.3284,22.7322,高雄市楠梓區楠梓國民小學,東寧里、享平里,1164,"水災,震災,土石流,海嘯",劉昆靈,07-3511140,是,否,是,True,楠梓,85,162.8489504883781,0.1628489504883781
653,高雄市梓官區,禮蚵里,光明路177號,120.248239,22.733411,高雄市梓官區蚵寮國民小學（備用）,全區,300,水災,陳冠宏主任,6101044（O）6178741（H）,是,否,是,True,橋頭,81,6475.939589907755,6.475939589907755
654,高雄市楠梓區,東寧里,楠梓路336號,120.327507,22.733936,高雄市立楠梓國民中學,東寧里、清豐里,1091,"水災,震災,土石流,海嘯",邱從益,07-3517191,是,否,是,True,楠梓,85,85.67107342582945,0.08567107342582944
655,高雄市大社區,保安里,大社路87-3號,120.3527,22.7341,保安里活動中心,保安里、大社里、保社里、嘉誠里,80,"水災,震災,土石流,海嘯",林義萬,3512622,是,否,是,True,楠梓,85,2507.9065143260405,2.5079065143260406
656,屏東縣九如鄉,東寧村,九如路二段264號,120.4896,22.7344,九如鄉圖書館,東寧村、玉水村、九明村、大坵村、三塊村、洽興村〈為本鄉第二收容處所〉,100,水災,藍鶯芬,08-7393503,是,否,是,True,屏東,99,6791.919809203877,6.791919809203877
657,高雄市梓官區,赤東里,中正路519號,120.25016,22.736052,赤崁老人活動中心（備用）,全區,160,水災,陳怡安,7991213,是,否,是,True,橋頭,81,6178.385371137547,6.178385371137547
658,臺東縣卑南鄉,太平村,台東市大學路2段369號,121.070583,22.736056,國立臺東大學,卑南鄉,50,,黃士昌,089-517395,否,否,否,True,臺東,32,8476.497422781515,8.476497422781515
659,高雄市橋頭區,甲北里,甲昌路250號,120.293408,22.736237,高雄市橋頭區甲圍國民小學,甲北里、三德里、甲南里、頂鹽里,540,"水災,震災,海嘯,坡地災害",黃德信主任,07-6113647#240,否,否,否,True,橋頭,81,2671.7551727433583,2.6717551727433584
660,屏東縣鹽埔鄉,新二村,維新路67號,120.5539,22.7383,新圍國小,新二村、新圍村、仕絨村,400,"水災,震災",朱芳謀,08-7932269-14,是,否,是,True,屏東,99,9896.782627227958,9.896782627227958
661,屏東縣鹽埔鄉,洛陽村,七份路21號,120.5314,22.7399,彭厝國小,洛陽村、永隆村、彭厝村,280,水災,曾崑煇,08-7031509-14,是,否,是,True,屏東,99,8636.876124304059,8.63687612430406
662,屏東縣九如鄉,東寧村,九如路二段416號,120.4904,22.7404,九如鄉公所禮堂,東寧村、玉水村、九明村、大坵村、三塊村、洽興村〈為本鄉第一收容處所〉,100,水災,陳弘益,08-7392210#15,是,否,是,True,屏東,99,7458.374807301787,7.458374807301787
663,高雄市大樹區,興田里,興田路59號,120.445966,22.740507,高雄市大樹區興田國民小學,興田里、統嶺里,666,"水災,震災,土石流,海嘯",簡裕人,07-6561527轉50,否,否,否,True,屏東,99,8626.894982930158,8.626894982930159
664,屏東縣三地門鄉,賽嘉村,賽嘉巷2號,120.6394454,22.74307039,賽嘉國小,賽嘉村,20,"水災,土石流",鍾仁智,08-7992220,是,否,否,True,屏東,99,17378.93109826811,17.378931098268108
665,屏東縣三地門鄉,賽嘉村,賽嘉巷1號,120.640299,22.743817,賽嘉村辦公處含活動中心,賽嘉村,150,"水災,震災,土石流",董清吉,918382731,是,是,是,True,屏東,99,17494.286219017857,17.494286219017855
666,高雄市楠梓區,清豐里,清豐路19號,120.331155,22.744044,高雄市立楠梓高級中學,清豐里,1528,"水災,震災,土石流,海嘯",許文宗,07-3550571,是,否,是,True,楠梓,85,1186.213369192922,1.186213369192922
668,屏東縣霧臺鄉,霧台村,中山巷46-3號,120.7321,22.745,霧台社區活動中心,全鄉,60,"水災,震災,土石流",柯秋美,932882784,是,否,是,True,美濃,97,25760.297770435853,25.76029777043585
669,屏東縣霧臺鄉,霧台村,中山巷44號,120.7312,22.7452,霧臺國小,全鄉,310,"水災,震災,土石流",曾美珍,08-7902230,是,是,是,True,美濃,97,25672.914584122616,25.672914584122616
670,屏東縣霧臺鄉,霧台村,中山巷44號,120.723288,22.747111,霧台國小運動場,霧台村4-10鄰,250,震災,陳美惠,08-7902230,否,是,否,True,美濃,97,24896.849653372723,24.896849653372723
673,屏東縣霧臺鄉,霧台村,神山社區,120.719513,22.750455,神山社區活動中心運動場,神山社區,200,震災,賴松忠,921579026,否,是,是,True,美濃,97,24364.015893680367,24.364015893680367
674,高雄市橋頭區,仕隆里,仕隆路進校巷16號,120.310636,22.750578,高雄市橋頭區仕隆國民小學,仕隆里、新莊里,1343,"震災,海嘯,坡地災害",李月娥主任,6113517#40,否,否,否,True,橋頭,81,920.1670273109409,0.9201670273109408
675,高雄市橋頭區,橋南里,興糖路19巷1號.,120.317,22.750876,高雄市橋頭區興糖國民小學,橋南里,676,"水災,震災,海嘯,坡地災害",蕭家仁主任,07-6113804#31,否,否,否,True,橋頭,81,1374.2332449846574,1.3742332449846575
676,高雄市燕巢區,鳳雄里,鳳加路52號,120.358101,22.753304,高雄市燕巢區鳳雄國民小學（備用）,鳳雄里、角宿里,250,"水災,震災,土石流,海嘯",總務主任黃筱晶,07-6153782#40,是,否,是,True,楠梓,85,3755.5871949028083,3.7555871949028083
677,屏東縣鹽埔鄉,鹽南村,勝利路30號,120.5741,22.7536,鹽埔國中,久愛村、振興村、高朗村,600,"水災,震災",謝惠宇,08-7932001-14,是,否,是,True,屏東,99,12556.727608920386,12.556727608920387
680,高雄市梓官區,梓平里,梓官路城隍巷123-1號,120.269167,22.756467,梓平社區活動中心（備用）,全區,100,"水災,海嘯",蔡焙璋,6177270,是,否,是,True,橋頭,81,3752.6345523836753,3.7526345523836753
683,高雄市橋頭區,白樹里,新興路70號,120.30751,22.759012,高雄市立橋頭國民中學,白樹里、中崎里、筆秀里、德松里、橋頭里,1484,"水災,震災,海嘯,坡地災害",趙偉翔,07-6113559#32,否,否,否,True,橋頭,81,250.57423351507416,0.25057423351507413
684,高雄市梓官區,梓和里,大宅街38號,120.266109,22.759573,梓和社區活動中心（備用）,全區,80,水災,陳金榮,6101632,是,否,是,True,橋頭,81,4071.3266133531447,4.071326613353144
685,高雄市橋頭區,東林里,五林路160號,120.293721,22.75995,高雄市橋頭區五林國民小學,東林里、西林里、芋寮里,1343,"水災,震災,海嘯,坡地災害",陳淑惠,07-6113549#140,否,否,否,True,橋頭,81,1258.558846975547,1.258558846975547
686,高雄市梓官區,梓和里,進學路614號,120.264756,22.760292,梓官國小（備用）,全區,400,水災,郭啟鴻主任,6176595（O）3893355（H）,是,否,是,True,橋頭,81,4215.136064106534,4.215136064106534
687,高雄市彌陀區,過港里,進學路136號,120.262962,22.760359,高雄市立彌陀國民中學（備用）,全區調度配合,250,"震災,海嘯",謝哲賢,07-6178424#35,是,否,是,True,橋頭,81,4399.43312388773,4.3994331238877304
689,臺東縣臺東市,中華里,華泰街231號,121.158116,22.761527,中華社區活動中心,中華里,34,"水災,土石流",里長 羅進坤,089-321011,是,否,否,True,臺東,32,1042.297050160245,1.0422970501602449
690,高雄市橋頭區,橋頭里,樹德路200號,120.305864,22.761764,高雄市橋頭區橋頭國民小學,白樹里、中崎里、筆秀里、德松里、橋頭里,1105,"水災,震災,土石流,海嘯",孫明輝,6126011-41,否,否,是,True,橋頭,81,471.8585860142778,0.4718585860142778
691,高雄市梓官區,梓信里,中學路71號,120.263476,22.762428,高雄市立梓官國民中學,全區，主以淹水潛勢區中崙里、梓信里、梓和里、梓平里、同安里、典寶里、禮蚵里、智蚵里、信蚵里,400,"水災,震災,土石流",黃景隆/總務主任,07-617285431,是,否,是,True,橋頭,81,4369.382319395455,4.369382319395455
692,臺東縣臺東市,新園里,中興路6段708號,121.052313,22.763938,新園社區活動中心,新園里,40,"水災,土石流",里長 陳輝宗,089-380311,是,否,否,True,臺東,32,10122.668519341541,10.122668519341541
694,臺東縣臺東市,四維里,博愛路16號,121.154697,22.764164,四維寶桑多功能活動中心,四維里、寶桑里,17,"水災,土石流",江金妮,089-340722,是,否,否,True,臺東,32,1068.1816978068937,1.0681816978068936
695,臺東縣卑南鄉,東興村,東興村東園一街120號,121.041149,22.765011,東興村活動中心,東興村,70,,藍代志,089-382505,否,否,否,True,臺東,32,11275.18411460751,11.275184114607509
696,臺東縣臺東市,新園里,新園路88號,121.062352,22.765066,臺東縣臺東市新園國小,新園里,75,"水災,震災,土石流,海嘯",總務組呂主任輝榮,089-382590-13,是,是,否,True,臺東,32,9110.654290642204,9.110654290642204
697,屏東縣里港鄉,塔樓村,塔樓路21-3號,120.4838,22.7655,塔樓國小,塔樓村、潮厝村,320,"水災,震災",黃志賢,08-7756625,是,否,是,True,屏東,99,10243.0529758051,10.2430529758051
698,屏東縣三地門鄉,口社村,信義巷65號,120.6445,22.7666,口社國小,口社村,30,"水災,震災,土石流",王逸棻,08-7956495,是,否,是,True,美濃,97,17453.67718021961,17.45367718021961
699,高雄市燕巢區,橫山里,橫山路24號,120.379471,22.768542,高雄市燕巢區橫山國民小學（備用）,橫山里,60,"水災,震災,土石流,海嘯",總務主任陳聰敏,07-6152479#40,是,否,是,True,楠梓,85,6522.770806058836,6.522770806058836
700,屏東縣三地門鄉,口社村,信義巷1號,120.647735,22.76925,口社村辦公處含活動中心,口社村,100,"水災,震災,土石流",高玉金,981488861,是,是,是,True,美濃,97,17463.974156679233,17.46397415667923
701,屏東縣三地門鄉,德文村,3鄰4號,120.701867,22.770929,地磨兒國小德文分校,德文村,30,"水災,震災,土石流",陳順歸,08-7996065,是,否,否,True,美濃,97,21560.68842991726,21.56068842991726
703,屏東縣三地門鄉,德文村,德文巷9號,120.701874,22.771351,德文村辦公處含活動中心,德文村,40,"水災,震災,土石流",陳順歸,08-7996065,是,否,是,True,美濃,97,21534.250655215732,21.534250655215732
706,屏東縣里港鄉,玉田村,八德路91號,120.4912,22.7743,玉田國小,玉田村、春林村、大平村,1800,"水災,震災",潘正憲,08-7752816,是,否,否,True,屏東,99,11212.98877942445,11.21298877942445
707,臺東縣臺東市,豐田里,中興路4段735號,121.086381,22.774331,豐田里民眾活動中心,豐田里,18,"水災,土石流",理事長黃泉智,089-381878,是,否,否,True,臺東,32,6906.4808209543235,6.906480820954323
708,臺東縣卑南鄉,利嘉村,利嘉村17鄰利嘉路669號,121.061011,22.77663,利嘉村活動中心,利嘉村,30,,曾新福,089-382446,否,否,否,True,臺東,32,9481.571379271265,9.481571379271266
709,高雄市旗山區,南勝里,龍文巷30號之3,120.4488,22.7768,南勝社區活動中心備用,南勝里（嶺口地區）,30,水災,南勝里長 蘇國泰,6651182、0910848955,是,否,是,True,屏東,99,12171.695269237272,12.171695269237272
710,高雄市燕巢區,深水里,深中路2號,120.405278,22.777039,高雄市燕巢區深水國民小學（備用）,深水里,60,"水災,震災,土石流,海嘯",總務主任劉晉松,07-6152447#204,是,否,是,True,楠梓,85,9251.25951554218,9.25125951554218
711,屏東縣里港鄉,過江村,過江路43-1號,120.494,22.7802,里港鄉立圖書館,過江村,200,"水災,震災",陳世宗,08-7755754,是,否,是,True,屏東,99,11877.420294339548,11.877420294339549
712,屏東縣里港鄉,載興村,載興路1-3號,120.5242,22.7806,載興國小,載興村、茄苳村,1000,"水災,震災",王美玲,08-7752271,是,否,是,True,美濃,97,11422.264274418196,11.422264274418195
713,屏東縣里港鄉,過江村,過江路41號,120.4945,22.7807,里港國小,過江村、永春村、鐵店村,1500,"水災,震災",陳奇男,08-7752161,是,否,是,True,屏東,99,11935.461609247266,11.935461609247266
716,臺東縣卑南鄉,太平村,太平村和平路128巷8號,121.088375,22.781975,太平村活動中心,太平村,80,,賴幸蘭,089-380948,否,否,否,True,臺東,32,7022.655058390774,7.022655058390773
717,臺東縣臺東市,卑南里,南清街23號,121.122367,22.782039,卑南里民眾活動中心,卑南里、岩灣里,40,"水災,土石流",里長 陳志雄,089-221917,是,否,否,True,臺東,32,4128.482057899705,4.1284820578997055
718,高雄市岡山區,和平里,和平路1號,120.303827,22.782054,高雄市岡山區和平國民小學,依需求全區調度,567,"水災,震災,土石流,海嘯",蘇俊玉,6254220轉40,是,否,否,True,橋頭,81,2725.081246974128,2.725081246974128
719,高雄市彌陀區,彌仁里,中華路1巷1弄12號,120.2499242,22.78219078,彌仁社區活動中心（備用）,全區調度配合,100,"水災,震災,海嘯",蔣惠雯,07-6191216#16,是,否,是,True,橋頭,81,6345.5686527085445,6.345568652708544
720,高雄市燕巢區,南燕里,中興路427號,120.362246,22.782475,燕巢區民眾活動中心,全區（優先開設）,120,"水災,震災,土石流,海嘯",莊萬榮,6161411轉178,是,否,是,True,楠梓,85,6432.228180482508,6.432228180482508
721,臺東縣臺東市,富豐里,吉林路一段279巷58號,121.161997,22.782915,富豐社區活動中心,富豐里,34,"水災,土石流",里長吳英蘭,089-226527,是,否,否,True,臺東,32,3273.6671074021865,3.2736671074021864
722,高雄市彌陀區,彌靖里,中正路213號,120.247781,22.783678,高雄市彌陀區彌陀國民小學,舊港里、文安里、過港里、鹽埕里、光和里、彌靖里,300,"水災,震災,土石流,海嘯",張錫傑,07-6176300#31,是,否,是,True,橋頭,81,6615.327073055515,6.615327073055515
723,高雄市岡山區,信義里,介壽60號,120.28671,22.785034,高雄市岡山區兆湘國民小學,依需求全區調度,611,"水災,震災,土石流,海嘯",洪利?,07-6252394#50,是,否,否,True,橋頭,81,3618.1501893710883,3.6181501893710886
724,高雄市燕巢區,南燕里,中興路267號,120.362845,22.785833,高雄市立燕巢國民中學（備用）,南燕里、角宿里,400,"水災,震災,土石流,海嘯",總務主任陳宏成,6164290,是,否,是,True,橋頭,81,6654.983464930399,6.6549834649304
726,屏東縣高樹鄉,泰山村,產業路84號,120.6142,22.788,屏東縣立泰山國民小學,泰山村,0,"水災,土石流",李洪揚,08-7956274#14,是,否,是,True,美濃,97,13629.157867798993,13.629157867798993
727,高雄市燕巢區,安招里,中安路1號,120.362079,22.78808,燕巢區公所禮堂,全區（第二優先）,100,"水災,震災,土石流,海嘯",燕巢區公所陳玉寀,6161411轉178,是,否,是,True,橋頭,81,6707.759020523558,6.707759020523558
728,屏東縣三地門鄉,馬兒村,馬兒巷2號,120.6334763,22.78859227,馬兒村辦公處含活動中心,馬兒村,30,"水災,震災,土石流,海嘯",林慶鴻,08-7958880,是,是,是,True,美濃,97,14908.387590926375,14.908387590926376
730,高雄市岡山區,信義里,樹人路1號,120.28842,22.789449,高雄市立前峰國民中學,依需求全區調度,30,"水災,震災,土石流,海嘯",李明昆,07-6265568,否,否,是,True,橋頭,81,3956.893112028695,3.956893112028695
732,臺東縣卑南鄉,泰安村,泰安村6號,121.075772,22.790805,太平國民小學,太平村.泰安村,50,,潘俊榮,089-381418#203,否,否,否,True,臺東,32,8614.330358202425,8.614330358202425
733,高雄市燕巢區,瓊林里,安招路170號,120.3378,22.7909,安招國民小學備用,安招里、瓊林里,200,"水災,震災,土石流,海嘯",總務主任劉秀真,07-6162553#40,是,否,是,True,橋頭,81,4954.561137851997,4.954561137851997
734,高雄市岡山區,竹圍里,大仁北路1號,120.2937,22.7914,竹圍國小,依需求全區調度,200,"水災,震災,土石流,海嘯",侯人俊,07-6233032,是,否,是,True,橋頭,81,3950.0708247981697,3.9500708247981695
735,高雄市岡山區,平安里,柳橋東路36號,120.293671,22.791424,高雄市岡山區岡山國民小學,岡山全區民眾,200,,徐淑嘉,918736006,否,否,否,True,橋頭,81,3953.5247682381023,3.9535247682381023
736,臺東縣臺東市,富岡里,吉林路二段699巷22號,121.184558,22.792025,臺東市老人文康活動中心,富岡里,28,"水災,土石流",里長 曾阿粉,0937-600483,是,否,否,True,臺東,32,5361.986357556537,5.361986357556537
737,高雄市岡山區,後紅里,岡燕路2巷88號,120.30344,22.792904,高雄市岡山區後紅國民小學,依需求全區調度,2172,"水災,震災,土石流,海嘯",蘇信榮,07-6212815轉40,是,否,否,True,橋頭,81,3926.6578594240245,3.9266578594240245
738,高雄市岡山區,前峰里,育英路35號,120.283164,22.793052,高雄市岡山區前峰國民小學,依需求全區調度,200,"水災,震災,土石流,海嘯",李智揚,07-6262415-41,是,否,是,True,橋頭,81,4565.554738207813,4.565554738207813
739,臺東縣卑南鄉,泰安村,泰安村5鄰泰安路101號,121.067371,22.793873,泰安活動中心,泰安村,50,,曾新福,089-381180,否,否,否,True,臺東,32,9537.356017486192,9.537356017486193
740,高雄市燕巢區,東燕里,中華路177號,120.36587,22.795258,高雄市燕巢區燕巢國民小學（備用）,東燕里、西燕里、尖山里,200,"水災,震災,土石流,海嘯",總務主任黃文慶,07-6161495#140,是,否,是,True,橋頭,81,7460.97503015643,7.46097503015643
741,高雄市彌陀區,文安里,國校路1號,120.234509,22.795345,高雄市彌陀區壽齡國民小學（備用）,全區調度配合,100,"震災,海嘯",蔣益生,07-6196625#721,是,否,是,True,橋頭,81,8425.171845072746,8.425171845072747
742,高雄市岡山區,後紅里,岡燕路238號,120.291956,22.796169,高雄市立岡山國民中學,依需求全區調度,500,"水災,震災,土石流,海嘯",林季靜,07-6265568,是,否,是,True,橋頭,81,4507.684529687035,4.507684529687035
743,屏東縣三地門鄉,安坡村,高山巷2號,120.6378,22.7982,安坡村辦公處含活動中心,安坡村,50,"水災,震災,土石流,海嘯",潘元明,08-7957637,是,是,否,True,美濃,97,14511.232783684696,14.511232783684695
744,高雄市岡山區,壽天里,公園東路55號,120.292481,22.798857,高雄市岡山區壽天國民小學,岡山全區民眾,150,,林麗容,07-6246040-40,否,否,否,True,橋頭,81,4775.716838408342,4.775716838408342
745,高雄市岡山區,壽天里,壽天路66號,120.2925,22.7989,岡山區老人活動中心,岡山全區民眾,150,"水災,震災,土石流,海嘯",社會課承辦人李子龍,07-6214193,是,否,是,True,橋頭,81,4779.729421737091,4.779729421737091
748,高雄市永安區,維新里,維新路光明9巷69之10號,120.2479631,22.80403364,高雄市永安區維新國民小學,維新里,50,"水災,震災,土石流,海嘯",丁裕哲,6913816202,否,否,是,True,橋頭,81,7853.810767987069,7.853810767987069
749,高雄市燕巢區,金山里,番田路29號,120.398079,22.811802,高雄市燕巢區金山國民小學（備用）,金山里,50,"水災,震災,土石流,海嘯",總務主任許馨瑩,6164328741,是,否,是,True,橋頭,81,11231.462246705492,11.231462246705492
750,臺東縣卑南鄉,富源村,富源村8鄰118號,121.149689,22.812554,富源村活動中心,富源村,30,,廖文裕,089-223084,否,否,否,True,臺東,32,6333.809430687488,6.333809430687488
751,高雄市岡山區,嘉興里,信中街486號,120.311911,22.816175,高雄市立嘉興國民中學,依需求全區調度,619,"水災,震災,土石流,海嘯",林宗毅主任/吳益源組長,07-622103931/622103935,是,否,否,True,橋頭,81,6528.156704552294,6.528156704552294
752,屏東縣三地門鄉,青山村,民族巷9號,120.641368,22.817112,青山國小,青山村,20,"水災,震災,土石流",林文震,08-7962493,是,否,是,True,美濃,97,13547.705629798927,13.547705629798928
754,屏東縣里港鄉,土庫村,土庫路111-3號,120.5064,22.82,三和國小,三?村、瀰力村、中和村,300,"水災,震災",李國賢,08-7731198,是,否,是,True,美濃,97,7464.02377416095,7.46402377416095
756,屏東縣里港鄉,土庫村,土庫路97-12號,120.5068,22.8209,土庫社區活動中心,土庫村,300,"水災,震災",陳武盛,08-7731156,是,否,是,True,美濃,97,7356.386988899435,7.356386988899435
757,高雄市永安區,新港里,新興路25號,120.2092311,22.82114749,高雄市永安區新港國民小學,新港里,50,"水災,震災",江美田,6912040,否,否,是,True,橋頭,81,12155.617827881402,12.155617827881402
758,臺東縣卑南鄉,富山村,富山村3鄰漁場路64號,121.190095,22.821416,富山村活動中心,富山村,30,,廖文裕,089-281343,否,否,否,True,臺東,32,8370.910232095111,8.370910232095111
759,臺東縣卑南鄉,富山村,富山村3鄰漁場路66號,121.190095,22.821416,富山國民小學,富山村,50,,李基興,089-281086,否,否,否,True,臺東,32,8370.910232095111,8.370910232095111
760,高雄市岡山區,嘉興里,嘉興路322號,120.305292,22.821597,高雄市岡山區嘉興國民小學,依需求全區調度,1796,"水災,震災,土石流,海嘯",莊鳳茹,6212414,是,否,否,True,橋頭,81,7097.359468452628,7.097359468452628
761,高雄市永安區,保寧里,保興一路3號,120.240646,22.823171,高雄市立永安國民中學,保寧里,120,"水災,震災",蔡惠芳,6912064,是,否,是,True,橋頭,81,9873.057035016156,9.873057035016156
762,高雄市路竹區,北嶺里,民治路85號,120.269765,22.823505,高雄市路竹區北嶺國民小學,北嶺里,418,"水災,震災,土石流,海嘯",黃暐睿主任,6964786#40,是,否,否,True,橋頭,81,8186.5973266834535,8.186597326683453
763,臺東縣卑南鄉,賓朗村,賓朗村18鄰賓朗路474巷3-1號,121.090749,22.8239,賓朗老人暨多功能活動中心,賓朗村,150,,李啟源,089-222054,否,否,否,True,臺東,32,9755.734887938292,9.755734887938292
764,臺東縣卑南鄉,利吉村,利吉村3鄰52號,121.134111,22.824082,利吉村活動中心,利吉村,30,,鄭裕琪,089-222304,否,否,否,True,臺東,32,7792.536458667032,7.7925364586670325
765,高雄市岡山區,華崗里,大埔二街170號,120.322418,22.824142,高雄市岡山區華崗社區活動中心,華崗里土石流避難收容所,100,土石流,楊明福,6281955,是,否,是,True,橋頭,81,7576.335808766024,7.576335808766023
766,屏東縣高樹鄉,高樹村,華光路32號,120.5992,22.8262,屏東縣立高樹國民小學,高樹村,0,"水災,震災,土石流",楊的祥,08-7960802#14,是,否,是,True,美濃,97,9487.982516721244,9.487982516721244
767,臺東縣卑南鄉,美農村,美農村8鄰東成36號,121.093361,22.830504,美農村活動中心,美農村,30,,鄭裕琪,（089）571054,否,否,否,True,臺東,32,10178.012042436749,10.178012042436748
768,高雄市永安區,永安里,新興路99號,120.208428,22.833587,高雄市永安區鹽田社區活動中心,鹽田里,40,"水災,震災,土石流,海嘯",陳賢民,915678353,否,否,是,True,橋頭,81,13065.382244101384,13.065382244101384
769,高雄市田寮區,新興里,大新路2號,120.369769,22.835015,高雄市田寮區新興國民小學,新興里,50,"水災,震災,土石流,海嘯",總務處郭淑娟,638134850,是,否,是,True,橋頭,81,10814.55918784759,10.814559187847589
770,高雄市旗山區,新光里,新南巷5號,120.4605,22.8354,大洲國中備用,新光里、南洲里、中洲里、大山里、鯤洲里、上洲里、中寮里,60,"水災,震災",總務主任何建輝,666137850,是,否,是,True,美濃,97,8951.676782070466,8.951676782070466
771,臺東縣卑南鄉,美農村,美農村斑鳩92號,121.082405,22.835594,東成國民小學,美農村,50,,蘇嘉微,089-571124,否,否,否,True,臺東,32,11302.144583802623,11.302144583802622
772,高雄市路竹區,三爺里,民權路7號,120.2801,22.8368,高雄市立路竹區三埤國民小學,三爺里,360,"水災,震災,土石流,海嘯",陳文賢主任,6962688#50,是,否,是,True,橋頭,81,9165.42605427949,9.16542605427949
773,屏東縣三地門鄉,青葉村,光復巷1-2號,120.6391229,22.83769182,青葉國小,青葉村,60,"水災,震災,土石流,海嘯",石雅竹,08-7961997,是,否,否,True,美濃,97,12246.605407679925,12.246605407679924
774,屏東縣三地門鄉,青葉村,光復巷73-3號,120.638444,22.838158,青葉村辦公處含活動中心,青葉村,60,"水災,震災,土石流",賴立誠,913091852,是,是,是,True,美濃,97,12161.79435483767,12.161794354837669
775,高雄市旗山區,大山里,南二路126號,120.465528,22.847646,高雄市旗山區溪洲國民小學（備用）,大山里、鯤洲里、上洲里、新光里、南洲里、中洲里、中寮里,30,"水災,震災",楊頌平主任,6616100,是,否,是,True,美濃,97,7768.2390850213205,7.76823908502132
776,屏東縣高樹鄉,舊寮村,長美路42號,120.6101,22.8486,屏東縣立舊寮國民小學,舊寮村,150,"水災,震災,土石流",馮千容,08-7962994#14,是,否,是,True,美濃,97,9036.339602604883,9.036339602604883
778,高雄市阿蓮區,復安里,復安167號,120.324142,22.849101,高雄市阿蓮區復安國民小學（備用）,崗山、復安，可適用土石流潛勢區域,20,"水災,土石流",王東波/總務主任,07-6333829-50,是,否,是,True,橋頭,81,10318.363304388635,10.318363304388635
779,高雄市旗山區,鯤洲里,鯤洲街35-1號,120.476208,22.84953,鯤洲社區多功能活動中心,大山里、鯤洲里、上洲里、新光里,80,"水災,震災,土石流,海嘯",鯤洲里長柯文化,911719729,否,否,是,True,美濃,97,6730.969041131656,6.730969041131656
780,高雄市美濃區,吉東里,吉頂街19號,120.540959,22.851314,高雄市美濃區吉東國民小學,吉東里,569,"水災,震災,土石流,海嘯",吉東國小,07-6831144,否,否,否,True,美濃,97,3729.7418904428905,3.7297418904428907
781,高雄市路竹區,文南里,國昌路117號,120.2546,22.8543,路竹老人活動中心,優先開設收容全區,200,"水災,震災,土石流,海嘯",災害應變承辦人,07-6979209,是,否,是,True,橋頭,81,11933.237932185417,11.933237932185417
782,高雄市路竹區,文南里,中華路292號,120.25221,22.855385,高雄市立路竹高級中學,文南里、後鄉里,2144,"水災,震災,土石流,海嘯",洪藝芬主任,6963008#140,是,否,否,True,橋頭,81,12150.157859982282,12.150157859982283
783,高雄市旗山區,上洲里,後角街2之4號,120.4735,22.8565,上洲社區活動中心,大山里、鯤洲里、上洲里、新光里、南洲里、中洲里、中寮里,50,水災,上洲里幹事王培沂,6663279、0921208608,是,否,是,True,美濃,97,6576.855279406587,6.576855279406587
784,高雄市旗山區,廣福里,旗屏二路16號,120.5049,22.8575,廣福社區活動中心,廣福里,30,水災,理事長陳楊華枝,6613335、0932738714,是,否,是,True,美濃,97,3907.0981219422615,3.9070981219422616
785,臺東縣卑南鄉,初鹿村,初鹿村梅園路97號,121.092081,22.860167,初鹿國民小學,初鹿村、明峰村、嘉豐村,50,,陳淑雯,089-571027,否,否,否,True,臺東,32,13061.115333797621,13.061115333797622
786,臺東縣卑南鄉,初鹿村,初鹿村忠孝路165號,121.092522,22.860646,初鹿村多功能暨老人活動中心,初鹿村、明峰村.嘉豐村,110,,郭文益林世章,089-571703571897,否,否,否,True,臺東,32,13087.630101458188,13.087630101458188
787,高雄市路竹區,文北里,國昌路548號,120.256002,22.861515,高雄市路竹區蔡文國民小學,文北里、竹西里、竹東里,1611,"水災,震災,土石流,海嘯",李安世主任,6076268#40,是,否,否,True,橋頭,81,12596.745666106723,12.596745666106722
788,高雄市路竹區,竹滬里,成功路2號,120.2304,22.8625,高雄市立路竹區竹滬國民小學,竹滬里、頂寮里、新達里,495,"水災,震災,土石流,海嘯",林怡君組長,6981516#40,是,否,是,True,林森,86,13616.884293676441,13.616884293676442
789,高雄市路竹區,竹南里,中山路712巷16號,120.230427,22.862524,高雄市路竹區路竹國民小學,竹南里,1806,"水災,震災,土石流,海嘯",鍾德欣主任,6962128#840,是,否,否,True,林森,86,13614.403848679249,13.614403848679249
790,屏東縣高樹鄉,新豐村,泰和路26號,120.6343,22.8634,屏東縣立新豐國民小學,新豐村,0,"水災,土石流",陳美秀,08-7916486#13,是,否,是,True,美濃,97,10878.64896433451,10.878648964334511
791,高雄市美濃區,龍山里,龍山街62號,120.555856,22.864611,龍山國小,龍山里,3091,"水災,震災,土石流,海嘯",龍山國小,07-6833654,否,否,否,True,美濃,97,3340.718583015195,3.3407185830151946
793,高雄市路竹區,社西里,大社路243號,120.265351,22.867067,高雄市路竹區大社國民小學,社西里、社中里、社南里,1134,"水災,震災,土石流,海嘯",孫瑞陽主任,6962254#241,是,否,否,True,橋頭,81,12819.79336790877,12.819793367908769
794,高雄市路竹區,甲南里,一甲路111號,120.271882,22.868822,高雄市立一甲國民中學學生,甲南里、社東里、下坑里、竹園里,300,"水災,震災,土石流,海嘯",吳輝徹主任,6977479#32,是,否,是,True,橋頭,81,12806.125636851662,12.806125636851663
795,高雄市路竹區,下坑里,太平路384號,120.2908,22.8691,高雄市立路竹區下坑國民小學備用,下坑里、竹園里備用,436,"震災,土石流,海嘯",謝尚暾組長,6951015#40,是,否,是,True,橋頭,81,12451.802555554337,12.451802555554337
796,高雄市田寮區,南安里,崗安路71號,120.3594,22.8699,田寮區公所3樓大禮堂,全區，主要淹水、土石流潛勢區為三和里、崇德里、西德里、新興里,100,"水災,震災,土石流,海嘯",社經課長劉國斌,07-6361475轉41,是,否,是,True,橋頭,81,13612.843250032689,13.61284325003269
798,臺東縣東河鄉,都蘭村,39鄰372號,121.227556,22.876498,都蘭活動中心,都蘭村,50,土石流,高智略理事長,089-531703,否,否,否,True,臺東,32,15575.02500171932,15.57502500171932
799,高雄市美濃區,吉洋里,忠孝路二段59號,120.535858,22.876682,高雄市美濃區吉洋國民小學,吉洋里,533,"水災,震災,土石流,海嘯",吉洋國小,07-6831849,否,否,否,True,美濃,97,938.8741611902775,0.9388741611902776
800,高雄市田寮區,崇德里,崇德路101號,120.379682,22.877635,高雄市田寮區崇德國民小學,崇德里、西德里,50,"水災,震災,土石流,海嘯",總務處李建德,636715540,否,否,是,True,橋頭,81,15318.519894957331,15.318519894957332
801,高雄市美濃區,龍肚里,中華路68號,120.571037,22.877733,高雄市立龍肚國民中學,獅山里短期避難,288,"水災,震災,土石流,海嘯,核子事故,坡地災害",龍肚國中,07-6851314,否,否,否,True,美濃,97,4205.17944083925,4.20517944083925
802,臺東縣東河鄉,都蘭村,431號,121.226932,22.877955,都蘭國小,都蘭村,215,土石流,鄭美雪總務主任,（089）531224,否,否,否,True,臺東,32,15682.002264532528,15.682002264532528
803,高雄市湖內區,湖東里,民生街252號,120.246231,22.878344,湖東社區活動中心,湖東,50,"水災,震災,土石流,海嘯",許順加,6931528,否,否,否,True,林森,86,12090.814802949202,12.090814802949202
804,高雄市六龜區,新寮里,三民路14號,120.6145,22.8806,新寮社區活動中心,新寮里,100,"水災,震災,土石流,海嘯",新寮里長朱玉雲,6872339,是,否,是,True,美濃,97,8620.71955350158,8.62071955350158
805,高雄市路竹區,甲南里,環球路452號,120.2611,22.8827,樹人醫護管理專科學校,甲北里,120,"水災,震災,土石流,海嘯",黃新德,07-6979310,是,否,是,True,林森,86,12035.679828088563,12.035679828088563
806,高雄市美濃區,福安里,中正路二段358號,120.533938,22.882868,高雄市美濃區福安國民小學,福安里短期避難,740,"水災,震災,土石流,海嘯,核子事故,坡地災害",福安國小,76812514,否,否,否,True,美濃,97,357.3225366991271,0.3573225366991271
808,高雄市阿蓮區,阿蓮里,民族路163號,120.329869,22.88323,高雄市阿蓮區阿蓮國民小學（備 用）,全區，適用地震災害收容,500,震災,總務主任黃朝琴,07-6312049-230,是,否,是,True,橋頭,81,14141.853838665018,14.141853838665018
809,高雄市美濃區,中壇里,忠孝路一段19號,120.53057,22.884022,高雄市美濃區中壇國民小學,中壇里,1247,"水災,震災,土石流,海嘯",童遠昇,07-6812534＃40,是,否,是,True,美濃,97,48.69725579262995,0.04869725579262995
812,高雄市阿蓮區,阿蓮里,民生路178號,120.326138,22.88532,高雄市立阿蓮國民中學（備用）,全區，適用一般災害類型，主要災害潛勢區域為玉庫里、港後里、峰山里、復安里,100,"水災,震災",總務主任顏巧雯,07-6312045-310,是,否,否,True,橋頭,81,14308.579315923527,14.308579315923527
813,高雄市美濃區,龍肚里,龍東街43號,120.579605,22.885381,高雄市美濃區龍肚國民小學,龍肚里,344,"水災,震災,土石流,海嘯",龍肚國小,07-6851124,否,否,否,True,美濃,97,5037.895366425671,5.037895366425672
814,高雄市茂林區,茂林里,茂林巷8-3號,120.6643,22.8865,高雄市茂林區茂林國民小學,茂林里,180,"水災,震災",校長洪英雄,07-6801043,是,否,是,True,美濃,97,13727.514245161125,13.727514245161125
817,高雄市湖內區,大湖里,民權路2號,120.244517,22.887757,高雄市湖內區大湖國民小學,湖內、大湖、田尾,180,"水災,震災,土石流,海嘯",林慧真,07-693380840,是,否,是,True,林森,86,11034.546440553875,11.034546440553875
818,高雄市旗山區,湄洲里,華中街44號,120.480651,22.888297,高雄市其山區旗山國小（備用）,各里,80,"水災,震災",總務主任呂昭伶,6612052#103,是,否,是,True,美濃,97,5145.437358188914,5.145437358188914
820,高雄市茄萣區,吉定里,成功路1號,120.186031,22.888687,高雄市茄萣區成功國民小學,嘉定里、保定里、大定里、光定里、吉定里、崎漏里,737,"水災,震災,海嘯",社會課長林勝賢/承辦人廖婉吟,07-690001130/131,否,否,否,True,林森,86,11314.778995878592,11.314778995878592
822,高雄市六龜區,大津里,大津34號,120.6471,22.889,大津登山訓練中心,大津里,100,"水災,震災,土石流,海嘯",大津里長李淑華,6801102,是,否,是,True,美濃,97,11973.910397934658,11.973910397934658
823,高雄市旗山區,湄洲里,文中路4號,120.4811,22.8898,湄州里活動中心,大德里、湄洲里、三協里、東平里、東昌里及區內災民,50,"水災,震災",湄洲里幹事王瑞鳳,6626510/0933661325,是,否,是,True,美濃,97,5119.295634182492,5.119295634182492
824,高雄市茄萣區,光定里,忠孝街29號,120.186,22.8911,茄萣老人活動中心,嘉定里、保定里、大定里、光定里、吉定里、崎漏里,120,"水災,海嘯",社會課長林勝賢/承辦人廖婉吟,06900001轉130/131,是,否,是,True,林森,86,11063.700684285053,11.063700684285052
826,高雄市六龜區,大津里,大津49號,120.647154,22.891873,大津社區活動中心,大津里,100,"水災,震災,土石流",李淑華里長,6801175,否,否,否,True,美濃,97,11999.455843700893,11.999455843700893
827,臺東縣延平鄉,紅葉村,臺東縣延平鄉紅葉村1鄰16號,121.063062,22.893619,紅葉村活動中心,紅葉村,30,"水災,震災,土石流,海嘯",馮祖寧,89561095,是,否,是,True,臺東,32,17743.925822162648,17.743925822162648
828,高雄市田寮區,古亭里,古亭路廟後巷2號,120.4023526,22.89410114,古亭社區活動中心,鹿埔里、古亭里,70,"水災,震災,土石流,海嘯",許振發,6367302,是,否,是,True,美濃,97,13203.684748715834,13.203684748715833
830,高雄市美濃區,合和里,中正路2段351號,120.5427,22.8946,美濃區老人文康活動中心,德興、清水、吉洋、合和、東門、泰安分攤公所收容量,60,"水災,震災,土石流,海嘯",社會課長劉文甲/承辦人莊育政,07-6814311轉15或轉14,是,否,是,True,美濃,97,1744.7925971790908,1.7447925971790907
831,高雄市美濃區,合和里,中正路一段191號,120.5435,22.894745,高雄市立美濃國民中學,合和里,9363,"水災,震災,土石流,海嘯",劉文裕,975018933,是,否,是,True,美濃,97,1815.279658847546,1.815279658847546
833,高雄市阿蓮區,中路里,中路272號,120.298575,22.89493,高雄市阿蓮區中路國民小學（備用）,備用收容所以收容中路、石安2里民眾為主，優先開設阿蓮區公所,300,"水災,震災",郭啟鴻,07-6312325,是,否,否,True,林森,86,12704.75791080931,12.70475791080931
834,臺東縣東河鄉,興昌村,155號,121.24875,22.895301,興隆國小,興昌村,120,土石流,洪秀全總務主任,089-531283,否,否,否,True,臺東,32,18491.454206248163,18.491454206248164
835,臺東縣延平鄉,鸞山村,臺東縣延平鄉鸞山村1鄰16號,121.151603,22.899002,鸞山村活動中心,鸞山村,30,"水災,震災,土石流,海嘯",林?永,89568057,是,否,是,True,臺東,32,15906.263315485296,15.906263315485296
836,高雄市美濃區,泰安里,永安路190號,120.543255,22.899581,高雄市美濃區美濃國民小學,泰安里,1448,"水災,震災,土石流,海嘯",美濃國小,07-6810166,否,否,否,True,美濃,97,2199.89880729072,2.19989880729072
837,高雄市六龜區,新興里,新威路212號,120.627629,22.900102,高雄市六龜區新威國民小學,新威里、新興里、新寮里,254,"水災,土石流",劉嘉惠,07-6871134,是,否,否,True,美濃,97,10127.319995220196,10.127319995220196
838,高雄市美濃區,東門里,民族路36巷2號,120.553201,22.900489,高雄市美濃區東門國民小學,東門里,272,"水災,震災,土石流,海嘯",東門國小,07-6812811,否,否,否,True,美濃,97,2984.803531040758,2.984803531040758
839,高雄市旗山區,永和里,旗文路125之5號,120.4782,22.9006,永和社區活動中心備用,各里,50,水災,理事長鄭榮貴,6618676、0910371752,是,否,是,True,美濃,97,5691.144134016767,5.691144134016767
840,高雄市六龜區,新威里,新威128號,120.6284,22.9025,新威社區活動中心,新威里,50,"水災,震災,土石流,海嘯",新威里長邱國治,07-6872366 、0958288315,是,否,是,True,美濃,97,10255.968173350337,10.255968173350336
841,臺東縣延平鄉,桃源村,臺東縣延平鄉桃源村4鄰78號,121.084336,22.902922,桃源村活動中心,桃源村,50,"水災,震災,土石流,海嘯,坡地災害",鄭宏宗,8956148,是,否,是,True,關山,29,17638.247285609483,17.638247285609484
842,高雄市茄萣區,嘉賜里,茄萣路二段307號,120.181985,22.903281,高雄市茄萣區茄萣國民小學,嘉賜里、嘉安里、嘉樂里、嘉泰里、嘉福里、和協里,1144,"水災,震災",社會課長林勝賢/承辦人廖婉吟,07-6900001130/131,否,否,否,True,林森,86,9966.278701339088,9.966278701339087
843,臺南市關廟區,田中里,南雄南路568號,120.3547,22.904,臺南市關廟區崇和國小,田中里、龜洞里,290,"水災,震災",黃山明,06-5551040#220,是,是,是,True,林森,86,16299.8870538248,16.2998870538248
844,臺東縣鹿野鄉,龍田村,7鄰光榮路308號,121.1206,22.9042,龍田社區活動中心,龍田村,20,"水災,震災,土石流,海嘯",陳濯源,089-551259,是,是,是,True,關山,29,16165.765150110517,16.165765150110516
845,臺東縣鹿野鄉,龍田村,光榮路236號,121.1243,22.9042,龍田國小,龍田村,30,"水災,震災,土石流,海嘯",何宗儒,089-551078,是,是,是,True,關山,29,16070.483669384092,16.070483669384092
846,臺東縣鹿野鄉,鹿野村,3鄰和平路29-1號,121.1192,22.9051,和平社區活動中心,鹿野村,40,"水災,震災,土石流,海嘯",宋憲陵,089-551195,是,是,是,True,關山,29,16108.060019864013,16.108060019864013
847,高雄市茄萣區,白雲里,濱海路四段27號,120.1825,22.9065,茄萣區公所大禮堂,嘉賜里、嘉安里、嘉樂里、嘉泰里、嘉福里、和協里,120,水災,社會課長林勝賢 /承辦人廖婉吟,6900001轉130/131,是,否,是,True,林森,86,9620.351635278641,9.620351635278642
848,高雄市茄萣區,白雲里,濱海路4段29號,120.181014,22.906889,高雄市立茄萣國民中學,全區,965,"水災,震災,海嘯",社會課長林勝賢/承辦人廖婉吟,06900001轉130/131,是,否,是,True,林森,86,9647.0189542,9.6470189542
849,臺東縣鹿野鄉,龍田村,1鄰光榮路38號,121.1352,22.907,鹿野國中,龍田村,100,"水災,震災,土石流,海嘯",曾凱鴻,089-551006分機252,是,是,否,True,關山,29,15534.063036122368,15.534063036122369
851,高雄市六龜區,新興里,新威299號,120.6335,22.9076,新興社區活動中心,新興里,100,"水災,震災,土石流,海嘯",新興里長邱瑞明,07-6871084,是,否,是,True,美濃,97,10892.460204493755,10.892460204493755
852,高雄市湖內區,太爺里,中山路二段63號,120.227397,22.907722,高雄市立湖內國民中學,太爺里,100,"水災,震災,土石流,海嘯",史榮美,6993008轉32,是,否,否,True,林森,86,8599.536039676734,8.599536039676734
853,高雄市美濃區,中圳里,福美路73巷8號,120.547647,22.908018,中圳社區活動中心,福安、中圳、瀰濃,80,"水災,震災,土石流,海嘯",里長林享達,6814105,是,否,否,True,美濃,97,3225.04160088226,3.22504160088226
855,臺東縣鹿野鄉,鹿野村,中華路一段402號,121.137,22.9094,鹿野國小,鹿野村,100,"水災,震災,土石流,海嘯",陳廣陵,089-551371,否,是,是,True,關山,29,15240.504282025055,15.240504282025055
856,高雄市茄萣區,白雲里,公園路81號,120.1851,22.9096,白雲社區活動中心,福德里、萬福里、白雲里,120,"水災,海嘯",社會課長林勝賢/承辦人廖婉吟,6900001轉130/131,是,否,是,True,林森,86,9196.98876983119,9.19698876983119
857,高雄市茂林區,多納里,多納巷1號,120.7159,22.9101,高雄市茂林區多納國民小學,多納里,200,"水災,震災",校長陳惠文,07-6801178,是,否,是,True,美濃,97,19241.602310710827,19.241602310710828
858,高雄市茂林區,多納里,多納巷2號,120.7167,22.9105,多納里社區活動中心,多納里,150,"水災,震災",羅耀明里長/里幹事施邑良,07-6801045#238,是,否,是,True,美濃,97,19329.470784208836,19.329470784208837
860,高雄市茄萣區,萬福里,文化路81號,120.182354,22.91319,高雄市茄萣區砂崙國民小學,福德里、萬福里、白雲里,589,"水災,震災,海嘯",社會課長林勝賢/承辦人廖婉吟,07-6900001130/131,否,否,否,True,林森,86,8961.223228907591,8.96122322890759
861,臺南市歸仁區,大潭里,中正南路三段97號,120.2718,22.9138,臺南市歸仁區大潭國小,大潭里、武東里、沙崙里,700,"水災,震災",薛國信,06-2781953#140,是,是,是,True,林森,86,9406.375730958533,9.406375730958533
863,高雄市美濃區,廣林里,廣福街153號,120.579295,22.916916,廣林里社區活動中心,廣林里短期避難,150,"水災,震災,土石流,海嘯",里長溫永彬,07-6814126,否,否,否,True,美濃,97,6216.111555982986,6.216111555982986
864,臺南市關廟區,布袋里,長文街37號,120.3428,22.917,臺南市關廟區文和國小,布袋里,400,"水災,震災",林盟淦,06-5551937#13,是,是,是,True,林森,86,14496.740814180244,14.496740814180244
865,高雄市內門區,觀亭里,中正路115巷18號,120.4554,22.9172,內門紫竹寺香客大樓,觀亭里、中埔里、內東里、瑞山里、內南里、東埔里,200,"水災,震災,土石流,海嘯",黃健宏,07-6671632,是,否,是,True,美濃,97,8560.632455423669,8.560632455423669
866,高雄市美濃區,興隆里,廣興街124號,120.567922,22.917251,高雄市美濃區廣興國民小學,廣林里短期避難,1227,"水災,震災,土石流,海嘯,核子事故,坡地災害",廣興國小,07-6812857,否,否,否,True,美濃,97,5348.396685572482,5.3483966855724825
867,高雄市內門區,觀亭里,中正路203號,120.453734,22.918343,高雄市內門區觀亭國民小學,觀亭、中埔、內南、瑞山等里,60,"水災,海嘯",李博文,6671672,是,否,否,True,美濃,97,8769.643220967704,8.769643220967705
868,高雄市內門區,內東里,柿子園24號,120.426716,22.918619,高雄市內門區西門國民小學,內東里,70,水災,陳奇逸,6672077#13,是,否,否,True,美濃,97,11336.133859260195,11.336133859260196
869,高雄市內門區,觀亭里,中正路160巷30號,120.453517,22.921882,高雄市立內門國民中學,觀亭、中埔、內東、內南、瑞山,80,"水災,震災",劉俊宏,6671002#31,是,否,否,True,美濃,97,8968.102165061408,8.968102165061408
871,臺南市龍崎區,大坪里,9鄰大坪37之2號,120.3921,22.9268,臺南市龍崎區大坪里民活動中心,大坪里、楠坑里,30,水災,陳俊仁,06-5941326,是,否,是,True,美濃,97,14987.05454958682,14.98705454958682
873,臺東縣東河鄉,隆昌村,18鄰230號,121.269255,22.928015,隆昌村辦公處活動中心,隆昌村,50,"震災,土石流",陳啟杉,089-541186村辦公處,否,否,否,True,關山,29,17003.344690490067,17.003344690490067
874,臺南市歸仁區,武東里,歸仁六路2號,120.2816,22.9287,臺南市歸仁區沙崙國中,崙頂里、六甲里、歸南里,1035,"水災,震災",陳毓珺,06-3032062#301,是,是,是,True,林森,86,8737.259055184288,8.737259055184287
875,臺南市龍崎區,牛埔里,2鄰牛埔21號,120.4096,22.9313,臺南市龍崎區牛埔里里民活動中心,牛埔里,40,水災,李慧姿,06-5941326,是,否,是,True,美濃,97,13485.2641672325,13.4852641672325
876,臺東縣鹿野鄉,永安村,3鄰永安路257巷5號,121.1296,22.9316,永安社區活動中心,永安村,20,"水災,震災,土石流,海嘯",陳宗猛,089-551818,是,是,是,True,關山,29,12996.172381953607,12.996172381953608
877,臺南市南區,省躬里,萬年路167號,120.1834,22.9318,臺南市南區南寧中學,興農里、永寧里、松安里、同安里、佛壇里,1678,"水災,海嘯",李俊賢,06-2622458分機10,是,否,是,True,林森,86,7127.671813565342,7.127671813565342
878,臺南市南區,省躬里,灣裡路67號,120.1808,22.9323,臺南市南區灣裡聯合里活動中心,喜北里、喜東里、喜南里、興農里、同安里、省躬里、松安里、永寧里、佛壇里,1529,"水災,海嘯",黃秋華,06-2627799,是,否,是,True,林森,86,7234.80287412316,7.23480287412316
879,臺南市南區,省躬里,灣裡路70號,120.1804,22.9325,臺南市南區省躬國小,省躬里、喜東里,6528,"水災,震災,海嘯",李俊興,06-2622460分機701,是,否,是,True,林森,86,7241.05573637608,7.24105573637608
880,臺東縣鹿野鄉,永安村,3鄰永安路98號,121.1308,22.9328,永昌社區活動中心,永安村,30,"水災,震災,土石流,海嘯",楊文源,089-552087,是,是,是,True,關山,29,12836.588153058523,12.836588153058523
881,高雄市旗山區,中正里,旗甲路三段177巷1號,120.5022,22.9329,中正社區活動中心,中正里、圓富里、大林里,30,水災,中正里長郭舜明,6693457、0928707199,是,否,是,True,美濃,97,6186.848622122115,6.186848622122115
882,臺東縣鹿野鄉,永安村,鹿寮路31號,121.1283,22.9336,永安國小,永安村,20,"水災,震災,土石流,海嘯",施怡欣,089-551172,是,是,是,True,關山,29,12817.35997303562,12.81735997303562
883,臺南市關廟區,深坑里,南雄路一段487號,120.3353,22.9371,臺南市關廟區深坑國小,深坑里,140,水災,洪正義,06-5952409#103,是,否,是,True,林森,86,12767.746985238517,12.767746985238517
884,臺東縣鹿野鄉,瑞隆村,瑞景路一段23巷9號,121.1515,22.9403,鹿野鄉立托兒所,瑞隆村,50,"水災,震災,土石流,海嘯",黃麗梅,089-580309,是,是,是,True,關山,29,11652.148188579567,11.652148188579567
885,高雄市內門區,內豊里,內埔82號,120.4613,22.9417,南海紫竹寺香客大樓,內門里、內豐里、光興里、東埔里、石坑里,200,"水災,震災,土石流,海嘯",胡森焜,6671400,是,否,是,True,美濃,97,9584.828709542946,9.584828709542945
886,臺南市仁德區,成功里,文華路二段62號,120.2211,22.9437,臺南市仁德區臺南都會公園管理中心,"仁和里,仁愛里,成功里,保安里,大甲里,二行里,中洲里,中生里",2060,"水災,震災",廖伶雅,06-2981793,是,是,是,True,林森,86,4599.814075100144,4.599814075100144
887,臺南市仁德區,後壁里,德南路68號,120.2532,22.9475,臺南市仁德區後壁里老人文康活動中心,三甲里、田厝里、上崙里、後壁里,1460,"水災,震災",李鐘智,06-2704365,是,是,是,True,林森,86,5252.090006406987,5.252090006406988
888,高雄市杉林區,月美里,桐竹路241號,120.528674,22.948034,月美社區活動中心,月美里,20,"水災,震災,土石流,海嘯",劉永光,972000623,是,否,是,True,美濃,97,7139.549727638821,7.139549727638822
889,臺南市龍崎區,龍船里,2鄰苦苓湖10號,120.4213,22.952,臺南市龍崎區龍船里里民活動中心,龍船里,50,"水災,土石流",陳宜芯,06-5941326,是,否,是,True,美濃,97,13526.61330709888,13.52661330709888
890,臺東縣鹿野鄉,瑞隆村,10鄰佑民路7號,121.1562,22.955,瑞源社區活動中心,瑞源村,30,"水災,震災,土石流,海嘯",劉進金,920910489,是,是,是,True,關山,29,9992.485573275751,9.99248557327575
891,臺東縣鹿野鄉,瑞隆村,10鄰佑民路7號,121.1562,22.955,瑞隆社區活動中心,瑞隆村,30,"水災,震災,土石流,海嘯",黎萬和,089-580268,是,是,是,True,關山,29,9992.485573275751,9.99248557327575
892,高雄市內門區,永富里,萊坑8號,120.4942,22.956,永富社區活動中心景義國小,永富里,120,"水災,震災,土石流,海嘯",陳明上,6601979,是,否,是,True,美濃,97,8843.233656766817,8.843233656766817
893,高雄市內門區,內豊里,內埔24號,120.470326,22.956009,高雄市內門區內門國民小學,內豊、光興、內門、石坑、東埔等里,100,"水災,海嘯",黃心怡,6672078#250,是,否,否,True,美濃,97,10122.956458423048,10.12295645842305
894,臺東縣鹿野鄉,瑞源村,文化路67號,121.1554,22.9578,瑞源國小,瑞源村,10,"水災,震災,土石流,海嘯",張維斌,089-581064,是,是,是,True,關山,29,9688.310693550242,9.688310693550243
895,高雄市杉林區,月美里,清水路象寮巷39號,120.535203,22.958186,高雄市杉林區月美國民小學,月美里,595,"水災,震災",校長丁崇寶,07-6771404,是,否,是,True,美濃,97,8274.984111674508,8.274984111674508
896,臺南市關廟區,松腳里,和平路246號,120.3343,22.9583,臺南市關廟區五甲國小,五甲里、東勢里、松腳里、南花里、北花里,800,"水災,震災",翁素杏,06-5952155#314,是,是,是,True,林森,86,11879.142538155822,11.879142538155822
897,臺南市關廟區,關廟里,文化街85號,120.3242,22.9589,臺南市關廟社區活動中心,全區,180,水災,楊敬宏,06-5950002#113,是,否,是,True,林森,86,10861.71019266819,10.86171019266819
898,高雄市旗山區,大林里,自強巷17號,120.5147,22.9591,大林社區活動中心備用,大林,30,水災,大林里長莊柏松,6691226、0937636150,是,否,是,True,美濃,97,8518.805399940593,8.518805399940593
899,臺南市關廟區,香洋里,中山路二段172號,120.3247,22.9608,臺南市關廟區關廟國中,關廟里、山西里、香洋里、北勢里、新埔里,0,震災,詹建成,06-5951181#217,否,否,是,True,林森,86,10856.713317527223,10.856713317527223
901,臺南市南區,鯤鯓里,鯤鯓路147號,120.1696,22.9614,臺南市南區龍崗國小,鯤鯓里、喜北里、喜南里,667,震災,陳彥良,06-2620024,否,是,是,True,臺南,61,5974.401842572315,5.974401842572315
902,臺南市東區,大智里,德東街90號,120.2303,22.9615,臺南市東區大智里活動中心,大智里、東智里,650,"水災,震災",吳明熙,06-2680622,是,是,是,True,林森,86,2756.721505849053,2.756721505849053
903,臺南市歸仁區,崙頂里,信義南路100號,120.2987,22.9617,臺南市歸仁區紅瓦厝國小,辜厝里、看東里、看西里,800,"水災,震災",許耿肇,06-2309012#740,是,是,是,True,林森,86,8269.420912947211,8.269420912947211
904,臺東縣東河鄉,尚德村,前寮43號,121.2407,22.9627,尚德國小村辦公室,尚德村,260,土石流,林輝英村長,089-892328宅089-891113村辦公處,是,是,是,True,關山,29,12182.65337805486,12.18265337805486
905,臺南市南區,開南里,中華西路一段2巷17號,120.1886,22.9631,臺南市南區永華國小,彰南里、光明里、開南里、南華里、白雪里、日新里,4154,"水災,震災,海嘯",張景添,06-2641457,是,否,是,True,林森,86,4224.426616220742,4.224426616220742
906,臺南市關廟區,山西里,文衡路121號,120.3261,22.9637,臺南市關廟區關廟國小,關廟里、山西里、香洋里、北勢里、新埔里,1150,"水災,震災",歐明津,06-5952209-704,是,是,否,True,林森,86,10921.127057959678,10.921127057959678
907,高雄市杉林區,月眉里,和氣街15號,120.538829,22.963823,高雄市杉林區大愛民族國民小學,大愛里,200,"水災,震災",校長張新榮,6771340232,是,否,是,True,美濃,97,8925.941224696962,8.925941224696963
908,臺南市歸仁區,辜厝里,民權南路171號,120.2883,22.9642,臺南市歸仁區歸南國小,南保里,710,"水災,震災",蔡政群,06-2304930#113,是,是,是,True,林森,86,7170.41498635529,7.17041498635529
909,臺南市龍崎區,崎頂里,新市子38號,120.3595,22.9642,臺南市龍崎區民活動中心,崎頂里、土崎里、中坑里,140,水災,黃素雲,06-5941049,是,否,是,True,林森,86,14273.712314762137,14.273712314762136
910,臺南市龍崎區,崎頂里,新市子41號,120.35906,22.964425,臺南市立龍崎國民小學,全區,200,震災,洪敬堯,06-5941204,否,是,是,True,林森,86,14225.135022941487,14.225135022941487
911,臺南市南區,明興里,德興路88號,120.1923,22.9651,臺南市南區明興社區活動中心,明興里、建南里、鯤鯓里,556,"水災,海嘯",羅燕玉,06-2630855,是,否,是,True,林森,86,3787.089610998855,3.787089610998855
912,臺南市龍崎區,崎頂里,新市子201號,120.3603,22.9651,臺南市龍崎區老人文康活中心,崎頂里、土崎里、中坑里,65,水災,林素慧,06-5941049#20,是,否,是,True,林森,86,14338.774594511002,14.338774594511001
913,高雄市杉林區,大愛里,大愛路47號,120.545574,22.966082,大愛活動中心,全區大愛里優先收容,100,"水災,震災,土石流",鍾區長炳光,6771340,是,否,是,True,美濃,97,9264.724125312128,9.264724125312128
914,高雄市杉林區,月眉里,清水路朝雲巷10號,120.5354386,22.96649744,月眉社區活動中心,月眉里,20,"水災,震災,土石流,海嘯",徐松榮,6771241,是,否,是,True,美濃,97,9195.259698718033,9.195259698718033
916,臺南市南區,開南里,新建路48號,120.1856,22.967,臺南市南區開南里活動中心,開南里、南華里、彰南里,428,"水災,海嘯",姚錫銘,06-2657184,是,否,是,True,林森,86,4257.624194519159,4.257624194519159
917,臺南市仁德區,仁義里,仁義路130號,120.2585,22.9675,臺南市仁德區仁義里運動公園育樂中心,仁義里、新田里,3260,"水災,震災",黃淑慧,06-2796072,是,是,是,True,林森,86,4211.5722052384235,4.211572205238424
918,高雄市杉林區,上平里,山仙路152巷14號,120.557561,22.96796903,上平社區活動中心,上平里,20,"水災,震災,土石流,海嘯",張欽賢,919629466,是,否,是,True,美濃,97,9746.780770797768,9.746780770797768
919,臺南市龍崎區,崎頂里,新市子258號,120.3608,22.9683,臺南市龍崎區龍崎國民中學,崎頂里、土崎里、中坑里,80,水災,李宜倫,06-5941475,是,否,是,True,林森,86,14338.645985163274,14.338645985163273
920,高雄市杉林區,月眉里,清水路中學巷6號,120.540834,22.968577,高雄市立杉林國民中學,月眉里、大愛里,375,"水災,震災",校長林春貴,07-677-1108,是,否,是,True,美濃,97,9470.829096225581,9.470829096225582
922,臺南市歸仁區,文化里,文化街二段2號,120.2939,22.9696,臺南市歸仁區歸仁國中,後市里、七甲里,1130,"水災,震災",陳秀敏,06-2301873#111,是,是,是,True,林森,86,7556.707758703522,7.556707758703522
923,臺南市南區,白雪里,鹽埕路157號,120.1888,22.9697,臺南市南區白雪社區活動中心,白雪里、明亮里、日新里、光明里,406,"水災,海嘯",許淨淳,06-2617623,是,否,是,True,臺南,61,3820.8088187522285,3.8208088187522287
924,臺南市歸仁區,歸仁里,文化街一段100號,120.2966,22.9698,臺南市歸仁區歸仁國小,新厝里、八甲里,865,"水災,震災",黃佳祥,06-2304740#203,是,是,是,True,林森,86,7821.58372712192,7.8215837271219195
925,臺東縣延平鄉,武陵村,臺東縣延平鄉武陵村1鄰15號,121.117842,22.969833,武陵村活動中心,武陵村,30,"水災,震災,土石流,海嘯",蔡子旋,89551764,是,否,是,True,關山,29,9479.48677567509,9.47948677567509
926,臺南市歸仁區,文化里,文化街二段136號,120.2891,22.9708,臺南市歸仁區文化國小,文化里、南興里,860,"水災,震災",張吉宏,06-3301666#840,是,是,是,True,林森,86,7047.172937411239,7.047172937411239
927,臺南市歸仁區,歸仁里,忠孝北路221號,120.2984,22.9708,臺南市歸仁區歸仁里活動中心,歸仁里,200,"水災,震災",張楊文淑,06-3306758,是,是,是,True,林森,86,7978.859612795744,7.978859612795745
928,臺南市南區,大忠里,大同路二段482巷133弄15號,120.2125,22.9726,臺南市南區大忠大林社區活動中心,大忠里、大恩里、大林里、新生里、竹溪里,316,"水災,海嘯",吳正雄,06-2151444,是,否,是,True,林森,86,1713.4461938881893,1.7134461938881893
930,臺東縣鹿野鄉,瑞和村,瑞景路三段1號,121.1567,22.9742,瑞源國中,瑞和村,40,"水災,震災,土石流,海嘯",謝勝利,089-581425,是,是,是,True,關山,29,7867.425870382347,7.867425870382347
931,臺南市南區,府南里,永成路三段529號,120.1953,22.9744,臺南市南區府南里活動中心,府南里、明德里、郡南里、南都里,531,"水災,海嘯",林玉秀,06-2651402,是,否,是,True,臺南,61,2977.047184243003,2.977047184243003
932,高雄市內門區,木柵里,木柵3號,120.467861,22.975346,高雄市內門區木柵國民小學,三平、木柵、內興等里,300,"水災,震災",李清正,6681183,是,否,否,True,美濃,97,12024.48033861222,12.02448033861222
933,臺南市東區,崇德里,崇德七街30巷2號,120.2281,22.9757,臺南市東區崇德里活動中心,崇德里,800,"水災,震災",吳明熙,06-2680622,是,是,是,True,林森,86,1218.0023795263862,1.2180023795263861
934,臺南市南區,田寮里,夏林路379號,120.1955,22.9765,臺南市南區田寮社區活動中心,田寮里、再興里、新興里、新昌里、大成里、荔宅里,592,"水災,海嘯",陳儷月,06-2646946,是,否,是,True,臺南,61,2837.06643148056,2.83706643148056
935,高雄市杉林區,上平里,山仙路212號,120.544072,22.976853,高雄市杉林區上平國民小學,上平里,327,"水災,震災",校長黃炳城,07-677-1102,是,否,是,True,美濃,97,10421.07121211159,10.42107121211159
936,臺南市東區,和平里,文化路100號,120.2326,22.977,臺南市東區和平里活動中心,和平里,1450,"水災,震災",吳明熙,06-2680622,是,是,是,True,林森,86,1405.5029189966835,1.4055029189966834
937,臺南市南區,國宅里,金華路二段33巷81號,120.1879,22.9771,臺南市南區國宅社區活動中心,國宅里、文華里、文南里、金華里、廣州里,602,"水災,海嘯",李金雀,06-2631259,是,否,是,True,臺南,61,3507.7456729961837,3.5077456729961836
938,臺南市關廟區,新光里,新光街76號,120.3595,22.9772,臺南市關廟區新光國小,新光里,145,"水災,震災",蔡慶南,06-5952419#22,是,是,否,True,林森,86,14109.877713929307,14.109877713929308
939,臺南市安平區,漁光里,漁光路89巷39號之2,120.159968,22.977225,臺南市安平區漁光里活動中心,漁光里,217,"水災,震災,海嘯",林寧峰,06-2647447,是,否,是,True,臺南,61,6246.282937182594,6.246282937182594
940,高雄市杉林區,上平里,日光三街25號,120.556689,22.977268,日光小林社區活動中心,上平里,200,"水災,震災",陳偉民,07-6775186,是,否,是,True,美濃,97,10715.23925340753,10.71523925340753
941,高雄市內門區,永吉里,新生5號,120.498,22.9774,永吉社區活動中心,溝坪、永吉、永興,50,"水災,震災,土石流,海嘯",林永凌,6602048,是,否,是,True,美濃,97,10911.876723059151,10.911876723059152
942,臺南市南區,國宅里,新孝路87號,120.1876,22.9778,臺南市南區新興國中,文華里、文南里、金華里、國宅里、再興里、廣州里,5448,"水災,震災,海嘯",趙克中,06-2633171分機100,是,否,是,True,臺南,61,3507.30692350155,3.50730692350155
943,高雄市內門區,木柵里,木柵30-1號,120.4677,22.978,木柵社區活動中心,木柵里、三平里、內興里,50,"水災,震災,土石流,海嘯",郭存典,6681266,是,否,是,True,美濃,97,12282.469850116735,12.282469850116735
945,臺東縣鹿野鄉,瑞豐村,4鄰新和路五段281巷1號,121.1315,22.9789,新豐社區活動中心,瑞豐村,30,"水災,震災,土石流,海嘯",江永清,089-581080,是,是,是,True,關山,29,7964.961302358269,7.964961302358269
946,臺東縣鹿野鄉,瑞豐村,中山路67號,121.1369,22.9791,瑞豐國小,瑞豐村,60,"水災,震災,土石流,海嘯",林立靜,089-581118,是,是,是,True,關山,29,7743.9965104834055,7.743996510483406
947,臺南市南區,大成里,西門路一段306號,120.198,22.9796,臺南市南區大成國中,田寮里、府南里、明德里、新興里、新昌里,4741,"水災,震災,海嘯",蔡明昌,06-2630011分機200,是,否,是,True,臺南,61,2449.481275566814,2.449481275566814
948,臺南市東區,崇學里,崇學路98號,120.2234,22.9796,臺南市東區崇學國民小學操場,崇學里、崇信里,1000,震災,葉和源,06-2689951,否,是,是,True,林森,86,635.756574616027,0.635756574616027
949,臺南市東區,復興里,裕忠路456號,120.2416,22.9803,臺南市東區復興里活動中心,復興里,230,"水災,震災",吳明熙,06-2680622,是,是,是,True,林森,86,2066.4741934762787,2.066474193476279
951,臺南市東區,德光里,崇德路111號,120.2188,22.9806,臺南市東區德光里活動中心,德光里,1400,"水災,震災",吳明熙,06-2680622,是,是,是,True,林森,86,617.2906696811234,0.6172906696811234
953,臺南市東區,虎尾里,富農街一段188巷10弄7號,120.2353,22.9815,臺南市東區虎尾里活動中心,虎尾里,400,"水災,震災",吳明熙,06-2680622,是,是,是,True,林森,86,1408.9769198037766,1.4089769198037765
954,臺南市東區,裕聖里,裕文路286號,120.2464,22.9817,臺南市東區裕聖里活動中心,裕聖里,250,"水災,震災",吳明熙,06-2680622,是,是,是,True,林森,86,2515.8163328097753,2.5158163328097753
955,臺南市仁德區,太子里,土庫路2號,120.255,22.9823,臺南市仁德區太子里活動中心,太子里、土庫里,480,"水災,震災",陳威傑,06-2706979,是,是,是,True,林森,86,3382.6611415834627,3.382661141583463
956,臺南市東區,文聖里,裕文路301號,120.245741,22.982499,臺南市東區裕文國民小學,文聖里,1700,"水災,震災",沈坤鴻,06-3317657,是,是,是,True,林森,86,2436.544205867077,2.4365442058670768
957,臺南市東區,文聖里,裕文路60號,120.2387,22.9826,臺南市東區復興國民小學風雨球場,復興里、文聖里,1000,震災,趙坤川,06-3310457,是,否,是,True,林森,86,1720.5764232012777,1.7205764232012777
958,臺南市中西區,五妃里,南門路237巷10號,120.2049,22.983,臺南市中西區五妃社區活動中心,五妃里,100,水災,陳建宇,06-2138733,是,否,是,True,臺南,61,1648.8047165528228,1.6488047165528228
959,臺南市東區,龍山里,林森路一段311號,120.2193,22.9836,臺南市東區龍山社區活動中心,龍山里,750,"水災,震災",吳明熙,06-2680622,是,是,是,True,林森,86,344.09390730240375,0.34409390730240375
960,臺南市東區,自強里,富農街一段225號,120.2352,22.984,臺南市東區自強里活動中心,自強里,200,"水災,震災",吳明熙,06-2680622,是,是,是,True,林森,86,1343.836838619459,1.343836838619459
961,臺南市中西區,仙草里,府緯街4巷6號,120.1995,22.9844,臺南市中西區仙草里活動中心,仙草里,200,水災,曾俊仁,927612288,是,否,是,True,臺南,61,2118.629645654288,2.118629645654288
962,臺南市東區,富裕里,東門路二段365巷35號,120.2276,22.9847,臺南市東區富裕里活動中心,富裕里,400,"水災,震災",吳明熙,06-2680622,是,是,是,True,林森,86,560.7513568840027,0.5607513568840027
963,臺南市中西區,大南里,南寧街45號,120.2033,22.9848,臺南市中西區中山國中,小西里、仙草里、大南里、進學里、法華里、五妃里、郡王里、郡西里、民生里、元安里,1300,"水災,震災",陳詩芸,06-2134792#301,是,是,是,True,臺南,61,1731.5352847741642,1.7315352847741643
964,臺南市東區,富強里,裕農路446巷88號,120.2317,22.986,臺南市東區富強里活動中心,富強里,450,"水災,震災",吳明熙,06-2680622,是,是,是,True,林森,86,981.8615889442767,0.9818615889442767
965,臺南市安平區,億載里,光州一街29號,120.161834,22.986221,臺南市安平區億載里活動中心,億載里,262,"水災,震災",鄭聰維,06-2989660,是,否,是,True,臺南,61,5920.0733056759445,5.9200733056759445
966,臺南市東區,關聖里,裕孝路118號,120.2434,22.9865,臺南市東區關聖社區活動中心,關聖里,1000,"水災,震災",吳明熙,06-2680622,是,否,是,True,林森,86,2182.283297405439,2.182283297405439
967,臺南市安平區,文平里,中華西路二段1巷1號,120.185499,22.986772,臺南市安平區文平里活動中心,文平里,151,"水災,震災",李瑞福,06-2971679,是,否,是,True,臺南,61,3495.039718919478,3.4950397189194784
968,臺南市安平區,育平里,府平路376號,120.167087,22.987404,臺南市安平區育平里活動中心,育平里,273,"水災,震災",王國信,06-2937503,是,否,是,True,臺南,61,5375.7647218900875,5.3757647218900875
969,臺南市東區,衛國里,衛國街114巷28號,120.2254,22.9879,臺南市東區衛國里活動中心,衛國里,400,"水災,震災",吳明熙,06-2680622,是,是,是,True,林森,86,445.0619858930161,0.4450619858930161
971,臺東縣鹿野鄉,瑞豐村,10鄰景新路60巷2號,121.1398,22.988,瑞豐社區活動中心,瑞豐村,30,"水災,震災,土石流,海嘯",黃紹良,089-812289,是,是,是,True,關山,29,6715.783132566723,6.715783132566723
972,高雄市杉林區,新庄里,司馬路45巷5號,120.559681,22.989102,高雄市杉林區新庄國民小學,新庄里,260,"水災,震災",校長曾耀文,07-6771755,是,否,是,True,美濃,97,12060.790076534242,12.060790076534243
973,臺南市中西區,郡西里,郡西路35號2樓,120.194075,22.989445,臺南市中西區郡西里活動中心,郡西里,320,水災,陳余櫻柳,932866855,是,否,是,True,臺南,61,2604.6974223836264,2.6046974223836266
974,臺南市安平區,國平里,建平七街409號,120.176458,22.98948,臺南市安平區國平里活動中心,國平里,102,"水災,震災",許原哲,06-2971950,是,否,是,True,臺南,61,4410.945041224125,4.410945041224125
975,臺南市東區,後甲里,裕農路878號,120.2427,22.9895,臺南市東區後甲南聖里聯合社區活動中心,後甲里、南聖里,650,"水災,震災",吳明熙,06-2680622,是,是,是,True,林森,86,2158.4732120190642,2.1584732120190644
976,臺南市中西區,萬昌里,忠義路二段2號,120.20315,22.989572,臺南市中西區忠義國小,永華里、福安里、永福里、建國里、保安里,1300,"水災,震災",陳佩琳,06-2222768#714,是,是,是,True,臺南,61,1674.4911706050957,1.6744911706050958
977,臺南市東區,崇誨里,林森路二段192巷15號,120.2247,22.9898,臺南市東區崇誨里活動中心,崇誨里,200,"水災,震災",吳明熙,06-2680622,是,否,是,True,臺南,61,538.3547484356355,0.5383547484356356
978,臺南市安平區,億載里,郡平路310號,120.163155,22.990008,臺南市安平區億載國小-操場,億載里,1458,震災,吳淑芬,06-2932371#801,否,是,是,True,臺南,61,5775.387422080151,5.775387422080151
979,臺南市中西區,永福里,府前路一段258號,120.2008,22.9901,臺南市中西區永福小西三民里活動中心,永福里、小西里、三民里,240,水災,陳弘烈,918636187,是,否,是,True,臺南,61,1917.2597551452595,1.9172597551452595
980,臺南市中西區,萬昌里,青年路226巷20號,120.21101,22.991183,臺南市中西區萬昌公正里活動中心,萬昌里、青年里、銀同里、公正里,200,水災,曾景亮,06-2234180,是,否,是,True,臺南,61,893.4321491746531,0.8934321491746531
981,臺南市中西區,民生里,保安路201之1號1樓,120.1913,22.9912,臺南市中西區中頭社區活動中心,民生里,100,水災,陳錦源,929767263,是,否,是,True,臺南,61,2896.9231621130675,2.8969231621130676
982,臺南市中西區,民生里,保安路201之1號2樓,120.1913,22.9912,臺南市中西區民生社區活動中心,民生里,150,水災,陳麗樺,06-2262579,是,否,是,True,臺南,61,2896.9231621130675,2.8969231621130676
983,臺南市歸仁區,媽廟里,中正北路三段60號,120.2936,22.9919,臺南市歸仁區保西國小,媽廟里、西埔里、大廟里,730,"水災,震災",陳曉郁,06-2309683#818,是,是,是,True,林森,86,7361.780267967909,7.361780267967909
985,臺南市東區,大學里,林森路二段252號,120.2243,22.9921,臺南市東區大學東寧聯合社區活動中心,大學里、東明里,900,"水災,震災",吳明熙,06-2680622,是,否,是,True,臺南,61,584.4919730643818,0.5844919730643818
986,臺南市中西區,銀同里,開山路1號,120.2057,22.9922,臺南市中西區青年銀同里活動中心,萬昌里、青年里、銀同里、公正里、三民里、開山里,100,水災,鄭雀燕,06-2284281,是,否,是,True,臺南,61,1449.1829015451563,1.4491829015451563
987,臺南市中西區,建國里,永福路二段81巷1號,120.2006,22.9928,臺南市中西區建國里活動中心,建國里,500,水災,陳英俊,06-2283720,是,否,是,True,臺南,61,1974.4045971832766,1.9744045971832767
988,高雄市六龜區,義寶里,光復路212號,120.635085,22.99318,高雄市立六龜高級中學,六龜里、義寶里、文武里,1625,水災,吳忠賢,07-6891023#403,是,否,否,True,美濃,97,16194.104020943318,16.194104020943318
989,高雄市內門區,溝坪里,廣福47號,120.501231,22.993331,高雄市內門區溝坪國民小學,溝坪、永興、永吉等里,200,"水災,震災,土石流,海嘯",陳易霖,6601788#30,是,否,否,True,美濃,97,12519.28248137653,12.519282481376528
990,臺南市關廟區,埤頭里,關新路一段776號,120.3175,22.9934,臺南市關廟區保東國小,下湖里、埤頭里,30,水災,張榮?,06-5952344#203,是,否,是,True,林森,86,9816.757178388265,9.816757178388265
991,臺南市中西區,大涼里,府前路二段258巷55號,120.1908,22.9936,臺南市中西區大涼社區活動中心,大涼里,130,水災,侯福成,932715721,是,否,是,True,臺南,61,2978.982446087546,2.9789824460875463
992,高雄市六龜區,中興里,中庄193號,120.644983,22.993875,高雄市六龜區龍興國民小學,中興里,60,"水災,震災,土石流",吳宜軒,3218216,否,否,否,True,美濃,97,16938.75532583417,16.93875532583417
993,臺南市安平區,怡平里,怡平路392號,120.176439,22.993942,臺南市安平區安平國小-風雨球場,全區,510,"水災,震災,海嘯",林泓成,06-2996735,是,否,是,True,臺南,61,4442.825567576266,4.442825567576266
994,臺東縣成功鎮,信義里,"小馬路44號No.44, Siaoma Rd., Chenggong Township, Taitung County 961, Taiwan R.O.C.",121.314613,22.99397,小馬活動中心 Siao-Ma Community Center,信義里,20,,林坤壇,089-85100437,否,否,否,True,關山,29,16641.51530517999,16.64151530517999
995,臺南市中西區,中正里,國華街三段5號2樓、3樓,120.1972,22.9945,臺南市中西區中正里活動中心,中正里,200,水災,陳建國,06-2235520,是,否,是,True,臺南,61,2356.1186277668453,2.356118627766845
998,臺南市安平區,建平里,府前三街27號,120.185584,22.99525,臺南市安平區建平里活動中心,建平里,152,"水災,震災",傅建峰,06-2988787,是,否,是,True,臺南,61,3537.400798270072,3.5374007982700717
999,臺南市安平區,華平里,育平九街195號,120.171965,22.995282,臺南市安平區華平里活動中心,華平里,235,"水災,震災",李文江,06-2999759,是,否,是,True,臺南,61,4916.5408959596025,4.916540895959603
1000,高雄市六龜區,義寶里,光復路102號,120.6349,22.9955,六龜綜合社會福利服務中心,文武里土石流潛勢溪流保全住戶及義寶里易淹水地區,120,"水災,震災,土石流,海嘯",林江東里長,6891725,是,否,是,True,美濃,97,16375.049828786214,16.375049828786214
1001,高雄市杉林區,木梓里,茄苳巷26號,120.5784,22.9967,白水泉社區活動中心,木梓里、杉林里,50,"水災,震災,土石流,海嘯",理事長潘慶秋,07-6779430,是,否,是,True,美濃,97,13453.342558158725,13.453342558158726
1002,臺南市安平區,金城里,世平路69號,120.148967,22.997064,臺南市安平區沙灘忠誠社區聯合活動中心,金城里,376,"水災,震災,海嘯",李典安,06-3911821,是,否,是,True,臺南,61,7280.502317828208,7.2805023178282084
1003,臺南市中西區,民權里,民權路三段135號,120.1962,22.9971,臺南市中西區民權里活動中心,民權里,75,水災,鄭榮霖,06-2229249,是,否,是,True,臺南,61,2538.8328756993305,2.5388328756993306
1004,臺南市安平區,平通里,平通路580巷102號,120.170604,22.99731,臺南市安平區平通里活動中心,平通里,92,"水災,震災",李秀珀,06-2936812,是,否,是,True,臺南,61,5089.187283656651,5.089187283656651
1005,臺南市安平區,平通里,慶平路687號,120.168263,22.997889,臺南市安平區安平國中-安平館,平通里,308,"水災,震災",陳進明,06-2990461-2,是,否,是,True,臺南,61,5336.743056685587,5.336743056685587
1006,臺東縣東河鄉,泰源村,8鄰225號,121.286015,22.997948,泰源活動中心村辦公處,泰源村,80,"水災,土石流,海嘯",吳占勝村長,089-891512宅089-891143村辦公處,否,否,否,True,關山,29,13747.364982490879,13.747364982490879
1007,臺南市中西區,天后里,新美街167號,120.201382,22.998046,臺南市中西區天后里活動中心,天后里,80,水災,王長春,06-2276839,是,否,是,True,臺南,61,2093.851709498768,2.0938517094987676
1008,高雄市杉林區,杉林里,合森巷41號,120.548069,22.998095,高雄市杉林區杉林國民小學,杉林里,480,"水災,震災",校長郭明科,07-677-2658,是,否,是,True,美濃,97,12807.280802106327,12.807280802106327
1009,臺南市中西區,藥王里,民權路三段232號,120.1938,22.9982,臺南市中西區龍盛社區活動中心,藥王里,350,水災,邱彌文,06-2288409,是,否,是,True,臺南,61,2811.842212710773,2.811842212710773
1011,臺東縣東河鄉,泰源村,本部落11鄰297號,121.285041,22.998414,泰源國小,泰源村,310,土石流,劉雪珍總務主任,089-891011泰源國小,否,否,否,True,關山,29,13635.399801839592,13.635399801839592
1012,臺南市中西區,協進里,金華路四段17號,120.1875,22.9987,臺南市中西區協進國小,西賢里、西湖里、光賢里、文賢里、協和里、藥王里、協進里、大涼里、民主里、安海里,900,"水災,震災",林志丞,06-2223369#809,是,是,是,True,臺南,61,3440.5067626294035,3.4405067626294037
1013,臺南市永康區,復興里,復興路356巷13號,120.2415,22.9988,臺南市永康區復興里活動中心,復興里、周邊居民,44,水災,李鎮國,06-3125548,是,否,否,True,林森,86,2488.2707769095873,2.4882707769095873
1014,臺南市中西區,赤嵌里,成功路 235 號,120.20317,22.998887,臺南市中西區成功國小,三合里、普濟里、水仙里、民權里、中正里、天后里、赤崁里,1200,"水災,震災",黃千芳,06-2222239#709,是,是,是,True,臺南,61,1981.662520388075,1.981662520388075
1015,高雄市六龜區,六龜里,華北街60-1號,120.6301,22.9991,六龜社區活動中心,六龜里,100,"水災,震災,土石流,海嘯",六龜里長邱國輝,07-6893020,是,否,是,True,美濃,97,16367.16015104538,16.36716015104538
1016,高雄市杉林區,新庄里,司馬路384巷5號,120.574128,22.999381,新和社區活動中心,新庄里,30,"水災,震災,土石流,海嘯",賴春義,6774013,是,否,是,True,美濃,97,13579.716605849577,13.579716605849576
1017,臺南市安平區,平安里,民權路四段325號,120.17692,22.999443,臺南市安平區平安里活動中心,平安里,237,"水災,震災",蔡陳阿麗,06-2258366,是,否,是,True,臺南,61,4506.089700994383,4.506089700994383
1018,臺東縣海端鄉,加拿村,1鄰加南1號,121.130244,22.999481,原加拿托兒所,加拿村,50,"水災,震災,土石流,海嘯",胡淑貞,089-811044,是,否,是,True,關山,29,6004.04891490405,6.00404891490405
1020,臺南市安平區,石門里,安平路700號,120.166309,22.999878,臺南市安平區石門國小-操場,全區,1001,震災,郭芳朱,06-2223332,否,是,是,True,臺南,61,5576.09212765887,5.576092127658869
1021,臺南市北區,東興里,小東路401巷51號之1,120.232393,22.99999,臺南市北區東興社區活動中心,東興里、重興里、仁愛里,45,水災,王泉尚,06-2346426,是,否,是,True,臺南,61,1777.3176557334707,1.7773176557334707
1022,彰化縣芬園鄉,圳墘村,彰南路二段36號,120.0,23.0,寶山國小,縣庄村 溪頭村 圳墘村,100,"水災,震災,土石流,海嘯",許安柔,049-2523968,否,否,否,True,臺南,61,22533.779369944605,22.533779369944604
1023,彰化縣芬園鄉,中崙村,大彰路二段100巷36號,120.0,23.0,同安國小,同安村 中崙村 大竹村,100,"水災,震災,土石流,海嘯",許安柔,049-2523968,是,否,是,True,臺南,61,22533.779369944605,22.533779369944604
1024,臺南市北區,公園里,公園南路39號,120.2116,23.0002,臺南市北區公園里活動中心,公園里,45,水災,陳逸恬,06-2110711,是,否,是,True,臺南,61,1453.9917900714952,1.4539917900714951
1025,臺南市龍崎區,石[石曹]里,4鄰刺子崙13之3號,120.3974,23.0002,臺南市龍崎區石[石曹]里里民活動中心,石[石曹]里,30,水災,陳新振,06-5941326,是,否,是,True,善化,85,16188.877117737185,16.188877117737185
1026,臺南市北區,公園里,公園路180號,120.2091,23.0003,臺南市北區公園國小,公園里、玉皇里、興南里,1400,"水災,震災",曾詠郎,06-2223291#701,是,是,是,True,臺南,61,1618.8812758615793,1.6188812758615794
1028,高雄市杉林區,杉林里,合森巷109號,120.552286,23.00041918,杉林社區活動中心,杉林,30,"水災,震災,土石流,海嘯",江明成,939723777,是,否,是,True,美濃,97,13128.655878259247,13.128655878259247
1029,高雄市六龜區,中興里,中庄194號,120.6448,23.0008,中興社區活動中心,中興里,100,"水災,震災,土石流,海嘯",中興里長王茗洋,0958-288315,是,否,是,True,美濃,97,17486.94827661969,17.48694827661969
1031,臺南市北區,安民里,西門路三段41號,120.2021,23.0014,臺南市北區立人國小,五福里、和順里、安民里、三德里,1400,"水災,震災",高斌領,06-2222054#88,是,是,是,True,臺南,61,2230.5227323333584,2.2305227323333585
1032,臺南市永康區,中華里,忠勇街51號,120.2381,23.0015,臺南市永康區中華里活動中心,中華里、成功里、神洲里、周邊居民,325,水災,林義泰,06-3131777,是,否,是,True,臺南,61,2339.878289262742,2.339878289262742
1033,臺南市中西區,西湖里,湖美街60巷31號,120.1808,23.0016,臺南市中西區西湖社區活動中心,西湖里、西賢里,260,水災,陳中海,931912566,是,否,是,True,臺南,61,4193.558681541357,4.193558681541357
1034,臺南市永康區,勝利里,勝利街37巷39號,120.2294,23.0021,臺南市永康區勝利里活動中心,勝利里、周邊居民,172,水災,卓進鏞,06-3126777,是,否,是,True,臺南,61,1746.1844585439067,1.7461844585439066
1035,臺南市北區,安民里,海安路三段59號,120.1992,23.0022,臺南市北區安民社區活動中心,安民里,80,水災,陳正武,06-2288999,是,否,是,True,臺南,61,2523.6328632003033,2.5236328632003033
1036,臺南市安平區,西門里,安北路180號,120.159508,23.002924,臺南市安平區西門國小-多功能教室及普通教室,全區,694,"水災,震災,海嘯",呂翠玲,06-3914142,是,否,是,True,臺南,61,6331.316529140509,6.331316529140509
1038,臺南市中西區,光賢里,和善街98巷7號,120.189831,23.003161,臺南市中西區光賢里活動中心,光賢里、西湖里、文賢里,120,水災,楊隆郡,06-3583967,是,否,是,True,臺南,61,3406.0556160712918,3.4060556160712916
1039,臺南市北區,裕民里,臨安路二段93號,120.1973,23.0032,臺南市北區裕民社區活動中心,裕民里、文成里,80,水災,鄭智化,06-2287756,是,否,是,True,臺南,61,2746.944675273388,2.746944675273388
1040,高雄市內門區,金竹里,吉民53號,120.5074,23.0033,金竹社區活動中心,溝坪里、金竹里,120,"水災,震災,土石流,海嘯",林熾杉,6601992,是,否,是,True,美濃,97,13467.698753885195,13.467698753885195
1041,臺南市北區,重興里,東豐路451巷169號,120.2266,23.0036,臺南市北區重興社區活動中心,重興里、力行里、仁愛里、國興里、華興里,74,水災,鄭林阿雪,06-2383773,是,否,是,True,臺南,61,1745.4889068434143,1.7454889068434143
1042,臺南市北區,和順里,公園南路406號,120.2012,23.0037,臺南市北區和順里活動中心,和順里、成德里、長德里、興南里、六甲里,300,水災,吳杰,06-2253155,是,否,是,True,臺南,61,2461.8954240993057,2.4618954240993056
1043,臺南市安平區,海頭里,古堡街90巷33號,120.160277,23.004411,臺南市安平區海頭社區活動中心,海頭里,99,"水災,震災",丁榕萱,06-3915863,是,否,是,True,臺南,61,6296.54765051451,6.29654765051451
1044,臺南市永康區,崑山里,崑山街222巷11號,120.2602,23.0048,臺南市永康區崑山里活動中心,崑山里、周邊居民,187,,李忠信,06-2729843,是,否,否,True,林森,86,4461.932832415153,4.461932832415153
1045,臺南市永康區,東灣里,民族路291號,120.2694,23.0051,臺南市永康區東灣里活動中心,東灣里、南灣里、大灣里、周邊居民,142,水災,李明堂,06-2721561,是,否,是,True,林森,86,5319.827675314558,5.319827675314558
1046,高雄市六龜區,興龍里,土龍74號,120.6482,23.0051,興龍社區活動中心,興龍里,50,"水災,震災,土石流,海嘯",興龍里長張榮華,6893923、0926393713,是,否,是,True,美濃,97,18074.02151759194,18.07402151759194
1047,臺南市北區,和順里,西門路三段223號,120.2052,23.0054,臺南市北區民德國中,和順里、成德里、長德里、興南里、六甲里,700,"水災,震災",蔡美燕,06-2223014#16,是,是,是,True,臺南,61,2308.378414901138,2.308378414901138
1048,臺南市北區,文成里,文賢一路2號,120.1962,23.0057,臺南市北區文賢國中,文成里、裕民里、和順里,3100,"水災,震災",陳伯菖,06-2587571#111,是,是,是,True,臺南,61,3000.2018968629145,3.0002018968629147
1049,臺南市永康區,復國里,復國二路46號,120.2474,23.006,臺南市永康區復國里活動中心,復國里、光復里、建國里、周邊居民,447,水災,許建國,06-3116684,是,否,是,True,臺南,61,3408.9780475285465,3.4089780475285467
1050,臺東縣關山鎮,電光里,中興93號,121.1737,23.0061,關山鎮電光國民小學,電光里,200,"水災,震災",總務主任 游家榮,089-951142#03,是,是,否,True,關山,29,4482.0422294636,4.4820422294636
1051,臺南市永康區,中興里,中興街40號,120.2402,23.0063,臺南市永康區中興里活動中心,中興里、三合里、周邊居民,96,水災,楊森斌,06-3128094,是,否,是,True,臺南,61,2839.7434374452823,2.839743437445282
1052,臺南市左鎮區,岡林里,31號,120.4153,23.0074,臺南市左鎮區岡林國小,岡林里、草山里,150,"水災,震災",羅周文,06-5730389,是,是,是,True,善化,85,16842.734002523746,16.842734002523745
1053,臺南市北區,賢北里,大興街599號,120.1792,23.0076,臺南市北區賢北國小,大和里、大港里、大豐里、賢北里,1320,"水災,震災",鍾祁芳,06-3501433#830,是,是,是,True,臺南,61,4600.784926063356,4.600784926063356
1054,臺南市北區,國姓里,公園路433巷15號1樓,120.209,23.0078,臺南市北區國姓社區活動中心,國姓里、興南里、六甲里、興北里,30,水災,莊金胞,06-2513827,是,否,是,True,臺南,61,2314.972767225189,2.3149727672251887
1055,臺南市北區,賢北里,賢北街108號,120.1833,23.0086,臺南市北區賢北里活動中心,大和里、大港里、大豐里、賢北里,60,水災,黃富得,06-2800889,是,否,是,True,臺南,61,4281.7931238137935,4.281793123813793
1056,臺南市北區,大仁里,和緯路一段1號,120.2165,23.009,臺南市北區大仁社區活動中心,大仁里、大山里、大道里、光武里,60,水災,莊淑芬,06-2832365,是,否,是,True,臺南,61,2204.7376062055246,2.2047376062055246
1057,臺南市新化區,大坑里,大坑尾182號,120.3849,23.009,臺南市新化區大坑里活動中心,大坑里,80,水災,黃永源里長,930858857,是,否,是,True,善化,85,14628.287832124437,14.628287832124437
1058,臺南市永康區,六合里,中華二路358巷43號,120.2303,23.0091,臺南市永康區六合里活動中心,六合里、五王里、周邊居民,203,水災,李信輝,06-2012122,是,否,是,True,臺南,61,2459.0225070241777,2.459022507024178
1059,高雄市內門區,金竹里,吉民28號,120.514514,23.009137,高雄市內門區金竹國民小學,金竹里,20,水災,龐偉華,6601106-30,是,否,否,True,美濃,97,14000.11325973106,14.00011325973106
1060,臺東縣關山鎮,電光里,3鄰中興85號,121.1652,23.0093,電光活動中心,電光里,50,"水災,震災",里長 潘寶瑩,89951472,是,是,否,True,關山,29,3976.506705409741,3.976506705409741
1061,臺南市北區,延平里,公園路750號,120.2107,23.0095,臺南市北區延平國中,延平里、六甲里、大山里、國姓里、大道里,3376,"水災,震災",洪麗里,06-2514720#102,是,是,是,True,臺南,61,2412.9898352531354,2.4129898352531356
1063,臺南市北區,文元里,和緯路三段370號,120.1942,23.0099,臺南市北區文元文成里聯合活動中心,文元里、大豐里、文成里,30,水災,蘇來椿,06-2595189,是,否,是,True,臺南,61,3453.883860968727,3.453883860968727
1064,臺南市永康區,西灣里,永華街201巷12號,120.259,23.0102,臺南市永康區西灣里活動中心,西灣里、周邊居民,134,,陳永祥,06-2058388,是,否,否,True,臺南,61,4667.10121821932,4.66710121821932
1065,臺南市永康區,北灣里,文賢街332號,120.2673,23.0119,臺南市永康區北灣里活動中心,北灣里、周邊居民,51,,鄭瑞益,06-2714453,是,否,否,True,林森,86,5490.201754594801,5.490201754594801
1066,臺東縣關山鎮,月眉里,盛豐路1號,121.1425,23.0126,關山鎮月眉國民小學,月眉里,40,"水災,震災,土石流",總務主任 陳慶榕,89811074,是,是,否,True,關山,29,4111.5712303547925,4.111571230354793
1067,臺南市北區,實踐里,大武街161號,120.2158,23.0134,臺南市北區實踐社區活動中心,實踐里、永祥里、小康里、光武里,35,水災,郭繼明,06-2520335,是,否,是,True,臺南,61,2697.247042104882,2.697247042104882
1068,臺南市北區,開元里,開元路71巷32號,120.2219,23.0138,臺南市北區開元國小,勝安里、中樓里、長榮里、新勝里、開元里、元寶里、振興里,2851,"水災,震災",蔡錦治,06-2375509#201,是,是,是,True,臺南,61,2726.3631028450836,2.7263631028450837
1069,臺南市安南區,海南里,府安路七段1巷2號,120.1822,23.0142,臺南市安南區海南里活動中心,海南里、幸福里,45,"水災,海嘯",吳森芳,06-2588013,是,否,是,True,臺南,61,4713.843416486684,4.713843416486684
1070,臺南市北區,正風里,長榮路五段452巷18號,120.2146,23.0142,臺南市北區昇平社區活動中心,正風里、正覺里、小康里,68,水災,陳雍明,06-2811148,是,否,是,True,臺南,61,2804.308784109494,2.804308784109494
1071,臺南市永康區,安康里,中華西街122巷62號,120.2281,23.0151,臺南市永康區安康里活動中心,安康里、周邊居民,52,水災,王君哲,06-3020833,是,否,是,True,臺南,61,2992.4968057398446,2.9924968057398447
1072,臺南市北區,文元里,海安路三段815號,120.2,23.0154,臺南市北區文元國小,成德里、成功里、文成里、文元里,1852,"水災,震災",黃振恭,06-3584371#801,是,是,是,True,臺南,61,3514.666104477955,3.514666104477955
1073,臺東縣關山鎮,月眉里,中和7之3號,121.1516,23.0159,月眉活動中心,月眉里,50,"水災,震災,土石流",里長 鄒秀清,89812872,是,是,否,True,關山,29,3400.6465435901778,3.400646543590178
1074,臺南市永康區,復華里,國華街110號,120.2452,23.0168,臺南市永康區復華里活動中心,復華里、二王里、周邊居民,467,水災,王松俊,06-2037669,是,否,是,True,臺南,61,4029.745299384063,4.029745299384063
1075,臺南市安南區,四草里,大眾路656號,120.128311,23.017087,臺南市安南區四草里活動中心,四草里,197,"水災,震災",王佐雄,06-2841285,是,否,是,True,安南,87,9769.239263290354,9.769239263290354
1076,臺南市永康區,永康里,永大二路88號,120.26,23.0187,臺南市永康區社教中心,永康里、網寮里、崑山里、西灣里、北灣里、周邊居民,1500,水災,徐屏屏,06-2029666,是,否,是,True,臺南,61,5279.097045412634,5.279097045412634
1077,臺南市南化區,東和里,東和19-1號,120.4741,23.0206,臺南市南化區東和里活動中心,東和里 西埔里,110,"水災,震災",林志明,06-5775001,是,是,是,True,美濃,97,16239.276056100984,16.239276056100984
1078,臺南市永康區,尚頂里,中華路920號,120.2233,23.0211,臺南市永康區尚頂里活動中心,尚頂里、永康居民,46,水災,周三貴,06-2532328,是,否,是,True,安南,87,3059.096436459649,3.0590964364596487
1079,臺南市永康區,東橋里,東橋十街158號,120.2365,23.0212,臺南市永康區東橋里活動中心,東橋里、周邊居民,278,水災,陳振安,06-2325980,是,否,是,True,安南,87,3568.0008457177923,3.5680008457177923
1080,臺南市永康區,大橋里,大橋三街230號,120.2296,23.0218,臺南市永康區大橋里活動中心,大橋里、西橋里、周邊居民,134,水災,李建志,06-2333420,是,否,是,True,安南,87,3175.4491928402376,3.1754491928402375
1081,高雄市杉林區,集來里,通仙巷221-1號,120.5615,23.0222,集來社區活動中心,集來里8-11鄰,30,"水災,震災,土石流,海嘯",理事長黃保全,07-6779477,是,否,是,True,美濃,97,15674.663061624144,15.674663061624143
1082,高雄市杉林區,集來里,通仙巷333號,120.561499,23.022241,高雄市杉林區集來國民小學,集來里,480,"水災,震災,土石流,海嘯",校長潘淑琦,07-6779196,否,否,是,True,美濃,97,15679.088311882855,15.679088311882856
1083,臺南市永康區,新樹里,富強路二段98號,120.2751,23.0229,臺南市永康區新樹里活動中心,新樹里、西勢里、周邊居民,133,水災,陳日祥,06-2721555,是,否,是,True,安南,87,6534.558006214003,6.534558006214003
1084,臺南市永康區,甲頂里,中華路920-1號,120.2144,23.0237,臺南市永康區甲頂里活動中心,甲頂里、周邊居民,46,水災,吳和祥,06-2519748,是,否,是,True,安南,87,2731.396185615986,2.731396185615986
1085,臺南市安南區,安富里,郡安路5段164巷12弄1號,120.1966,23.02479,臺南市安南區安富里活動中心,國安里.安富里,221,"水災,震災",吳財國,06-2806601,是,否,是,True,安南,87,3362.714880356665,3.3627148803566653
1086,臺南市永康區,埔園里,中山南路655號,120.257,23.0261,臺南市永康區公所3樓禮堂,埔園里、正強里、周邊居民,98,水災,王峻明,06-2010308,是,否,是,True,安南,87,4730.529768258683,4.730529768258683
1087,臺南市左鎮區,澄山里,77-3號,120.3855,23.0262,臺南市左鎮區光榮國小澄山分校,澄山里、二寮里,80,"水災,震災",穆宏男,06-5731848,是,是,是,True,善化,85,13216.607706618332,13.216607706618332
1090,臺東縣成功鎮,信義里,"都歷路58號No.58, Duli Rd., Chenggong Township, Taitung County 961, Taiwan R.O.C.",121.330869,23.02686,"成功鎮信義國民小學 Xin-Yi Elementary School,Chenggon Township",信義里,100,"水災,土石流",楊正雄,089-841029,否,否,否,True,關山,29,17430.761520526845,17.430761520526843
1091,臺南市安南區,溪東里,安富街166號,120.197792,23.026965,臺南市安南區海佃國民中學,本區各里,367,"水災,震災",吳振壬,06-3507486,是,否,是,True,安南,87,3099.7745127085095,3.0997745127085095
1092,臺南市安南區,溪北里,文安街66號,120.213,23.027,臺南市安南區溪北里活動中心,溪北里,199,水災,王東從,06-2511066,是,否,是,True,安南,87,2392.284958001729,2.392284958001729
1093,臺南市安南區,溪墘里,海佃路一段372巷50號,120.1922,23.0279,臺南市安南區溪墘里活動中心,溪墘里、海佃里,228,水災,許義雄,06-2592098,是,否,是,True,安南,87,3431.6510996197035,3.4316510996197036
1094,臺南市永康區,永康里,中山南路637號,120.24811,23.027954,臺南市永康區永康國民小學,永康里、周邊居民,616,"水災,震災",周正偉,06-2324462#930,是,是,是,True,安南,87,3855.883298423329,3.855883298423329
1095,臺東縣成功鎮,信義里,"都歷路115號No.115, Duli Rd., Chenggong Township, Taitung County 961, Taiwan R.O.C.",121.33089,23.028107,都歷活動中心 Du-Li Community Center,信義里,20,,林坤壇,089-85100437,否,否,否,True,關山,29,17417.376289767482,17.417376289767482
1097,臺南市安南區,安順里,安和路三段227號,120.2126,23.0313,臺南市安南區安順國中-順中館,安西里、新順里,1900,"水災,震災",鄭誌忠,06-3559652#140,是,是,是,True,安南,87,1937.433184590627,1.937433184590627
1098,臺東縣東河鄉,北源村,美蘭19鄰43-1號,121.286649,23.031352,北源活動中心村辦公處,北源村,100,"水災,土石流,海嘯",江清霖理事長黃光福村幹事,089-891588宅089-891173村辦公處,否,否,否,True,關山,29,12871.526987552204,12.871526987552205
1099,臺南市永康區,龍潭里,龍國街400號,120.2667,23.0314,臺南市永康區龍潭里活動中心,龍潭里、烏竹里、蔦松里、周邊居民,159,"水災,土石流,海嘯",陳舒奕,06-2012626,是,否,是,True,安南,87,5374.652485794536,5.374652485794536
1100,高雄市六龜區,新發里,和平路130號,120.662467,23.031783,高雄市六龜區新發國民小學,新發里,354,"水災,土石流",畢家偉,6791387#40,否,否,否,True,美濃,97,21268.179292114248,21.268179292114247
1101,高雄市六龜區,新發里,和平路115之1號,120.6633,23.032,新發社區活動中心,新發里第一開設順位,100,"水災,震災,土石流,海嘯",新發里長劉俊麟,6791413、0963114332,是,否,是,True,美濃,97,21341.108526780197,21.341108526780197
1102,臺南市安南區,安西里,安西路101號,120.208978,23.032486,臺南市安南區安西里活動中心,安西里,310,水災,劉昆河,06-2475999,是,否,是,True,安南,87,1946.7981234596898,1.9467981234596898
1104,臺南市安南區,安東里,安和路一段478巷2弄120號,120.214219,23.033564,臺南市安南區安東里活動中心,安東里,385,水災,吳金城,06-2462476,是,否,是,True,安南,87,1655.0144223560224,1.6550144223560224
1105,高雄市杉林區,木梓里,茄苳巷160號,120.534542,23.033981,慈霖園原木梓國小,木梓里,200,"水災,震災,土石流,海嘯",李美鳳,07-6779232,是,否,是,True,美濃,97,16659.448550600842,16.659448550600843
1106,臺南市安南區,理想里,大安街135號,120.1931,23.034,臺南市安南區理想大安社區活動中心,理想里、大安里,281,水災,吳朝安,06-2456979,是,否,是,True,安南,87,2953.9102668170713,2.953910266817071
1107,臺東縣關山鎮,豐泉里,忠孝路18巷2號1樓,121.1682,23.0352,關山鎮老人文康活動中心,豐泉里里?里,100,"水災,震災",會長 張家禎,0963-002822,是,是,否,True,關山,29,1268.9238512862514,1.2689238512862515
1108,臺南市安南區,?田里,?安路28號,120.1411,23.0367,臺南市安南區?田里活動中心,?田里,287,"水災,震災",王正德,06-3841797,是,是,是,True,安南,87,7933.011151481837,7.933011151481837
1109,臺南市新化區,唪口里,太平街176 號,120.2991,23.0379,臺南市新化區大新國小大禮堂,視需要開設不分里,150,震災,林月珍總務主任,06-5982953#705,是,否,是,True,善化,85,8360.142494348012,8.360142494348013
1110,臺南市新化區,護國里,中興路722號,120.3076,23.0379,臺南市新化區新化國中大禮堂,視需要開設不分里,500,水災,楊長春總務主任,06-5902269,是,否,是,True,善化,85,8423.350896706293,8.423350896706294
1112,臺南市安南區,海西里,海環街186號,120.18432,23.038021,臺南市安南區海西里活動中心,海西里,202,水災,吳欽郎,06-2569119,是,否,是,True,安南,87,3582.4209017172498,3.5824209017172497
1114,臺南市新化區,協興里,中山路173號,120.311,23.0383,臺南市新化區新化國小大禮堂,視需要開設不分里,200,水災,黃春雄總務主任,06-5901810#704,是,否,是,True,善化,85,8429.912145449058,8.429912145449057
1115,臺南市新化區,東榮里,信義路52號,120.3193,23.0386,臺南大學附屬啟聰學校活動中心,視需要時開設不分里,100,水災,蔡文卿總務主任,06-5903355#511,是,否,是,True,善化,85,8579.300220306797,8.579300220306797
1116,臺南市新化區,太平里,忠孝路2號,120.3326,23.0391,臺南市新化區新化高中新民館,視需要時開設不分里,1000,水災,黃昆銘庶務組長,06-5982065#4002,是,否,是,True,善化,85,8981.171322673115,8.981171322673115
1117,臺東縣關山鎮,里?里,崁頂46之1號,121.161,23.0392,里?活動中心,里?里,100,"水災,震災",里長 潘顯堂,89811229,是,是,否,True,關山,29,658.426930448442,0.658426930448442
1118,臺南市安南區,安慶里,長溪路一段168巷133號,120.2101,23.0397,臺南市安南區安慶里活動中心,安慶里、頂安里,413,水災,蕭振隆,06-2559812,是,否,是,True,安南,87,1208.5610694861562,1.2085610694861562
1119,臺東縣東河鄉,北源村,順那21號,121.292706,23.039731,北源國小,北源村,111,"水災,土石流,海嘯",黃正吉總務主任,089-891103公,否,否,否,True,關山,29,13414.836876473275,13.414836876473275
1120,臺南市永康區,埔園里,永大路三段618巷111號,120.252374,23.040107,臺南市永康區埔園里活動中心,埔園里、周邊居民,147,"水災,震災",王宗敏,06-2325631,是,否,是,True,安南,87,3684.695617653524,3.684695617653524
1121,臺南市永康區,?行里,正南八街1號,120.2395,23.0402,臺南市永康區鹽行文化會館,鹽行里、鹽洲里、三民里、周邊居民,167,水災,盧文良,06-2531977,是,否,是,True,安南,87,2422.3975330213443,2.4223975330213445
1123,臺南市安南區,梅花里,安中路一段703巷80號,120.192929,23.040741,臺南市安南區安慶國民小學,安和里、溪頂里、溪東里,1600,"水災,震災",黃俊傑,06-2460334,是,是,是,True,安南,87,2650.1237975512245,2.6501237975512244
1124,臺南市安南區,顯宮里,媽祖宮一街136號,120.10991,23.04156,臺南市安南區鹿耳門天后宮-公館,鹿耳里,500,"水災,震災",林玉山,06-2841386,是,是,是,True,安南,87,11051.117929009624,11.051117929009624
1125,臺東縣池上鄉,振興村,6鄰36號,121.1951,23.0426,臺東縣池上鄉萬安國民小學振興分校,振興村,100,"水災,震災,土石流",邱強義,089-951068,是,是,否,True,關山,29,3410.042763585005,3.4100427635850052
1126,臺南市南化區,南化里,南化172-1號,120.4776,23.0431,臺南市南化區老人文康中心,南化里,160,"水災,震災",黃玲玉,06-5771513,是,是,是,True,美濃,97,18479.683332862456,18.479683332862457
1128,臺南市永康區,?洲里,鹽行路100巷40弄16號,120.2338,23.0448,臺南市永康區鹽洲里活動中心,鹽洲里、三民里、周邊居民,294,,毛三寶,06-2532090,是,否,否,True,安南,87,1712.3417635099902,1.7123417635099902
1129,臺南市永康區,烏竹里,烏竹北街85號,120.2633,23.0449,臺南市永康區烏竹里活動中心,烏竹里、蔦松里、周邊居民,109,,陳壬子,06-2326561,是,否,否,True,安南,87,4707.981664618338,4.707981664618338
1130,臺南市安南區,顯宮里,媽祖宮五街10號,120.127812,23.045997,臺南市安南區媽祖宮社區活動中心,顯宮里,393,水災,林進成,06-2841343,是,否,是,True,安南,87,9194.97382468764,9.19497382468764
1131,臺東縣關山鎮,新福里,溪埔34之1號,121.1722,23.0461,新福活動中心,新福里,50,"水災,震災",里長 白光輝,89811777,是,是,否,True,關山,29,1058.1534183162755,1.0581534183162755
1133,臺東縣關山鎮,中福里,中華路68號2樓,121.1636,23.0491,中福活動中心,中福里,100,"水災,震災",里長 黃昭仁,89811579,是,否,否,True,關山,29,476.4934511480289,0.4764934511480289
1134,臺南市安南區,海東里,安中路三段381號,120.174766,23.049279,臺南市安南區海東國民小學,淵中里、淵西里、海東里,1200,"水災,震災",劉珍琳,06-2567146,是,是,是,True,安南,87,4381.191537130084,4.381191537130084
1135,高雄市甲仙區,寶隆里,光華路20號,120.555507,23.049345,高雄市甲仙區寶隆國民小學（備用）,寶隆里,150,,校長梁一成、總務主任林逸誠,675299810、675299831,是,否,是,True,美濃,97,18533.37858931297,18.53337858931297
1136,臺南市安南區,淵西里,安中路三段252號,120.1773,23.0496,臺南市安南區安南國中-禮堂,溪心里、淵東里,1750,"水災,震災",郭憲璋,06-2567384,是,是,是,True,安南,87,4122.780886748943,4.122780886748943
1137,臺東縣成功鎮,信義里,"豐田路90號No.90, Fongtian Rd., Chenggong Township, Taitung County 961, Taiwan R.O.C.",121.338751,23.050198,豐田活動中心 Fong-Tian Community Center,信義里,20,"水災,土石流",林坤壇,089-85100437,否,否,否,True,關山,29,18128.65236827214,18.128652368272142
1138,臺南市安南區,原佃里,本原街一段167巷36弄46號,120.1971,23.0505,臺南市安南區原佃里活動中心,原佃里,284,水災,林世民,06-2476967,是,否,是,True,安南,87,2106.158764334485,2.1061587643344852
1139,臺東縣關山鎮,豐泉里,中華路101號,121.1634,23.0506,關山鎮關山國民小學,豐泉里里?里,500,"水災,震災",事務組長 劉香君,89811012,是,是,是,True,關山,29,629.1442645028121,0.6291442645028121
1141,臺南市永康區,王行里,王行路866巷29弄118號,120.2778,23.0511,臺南市永康區王行里活動中心,王行里、周邊居民,104,水災,陳丁為,06-2044559,是,否,是,True,安南,87,6188.038028205475,6.188038028205475
1142,臺東縣關山鎮,豐泉里,忠孝路18巷2號2樓,121.1536,23.0533,豐泉活動中心,豐泉里里?里,50,"水災,震災",里長 黃綱榮,89811858,是,是,否,True,關山,29,1247.8432003488201,1.24784320034882
1143,臺東縣關山鎮,德高里,7鄰永豐16號,121.1536,23.0533,關山鎮德高國民小學,德高里,200,"水災,震災,土石流",總務主任 方家銘,089-931149,是,是,是,True,關山,29,1247.8432003488201,1.24784320034882
1144,臺南市安南區,梅花里,安中路一段557巷25號,120.1699,23.05388,臺南市安南區梅花里活動中心,梅花里、鳳凰里,164,水災,蔡和豐,06-2550389,是,否,是,True,安南,87,4918.5897708038,4.9185897708038
1145,臺南市南化區,中坑里,中坑38-6號,120.4715,23.0539,臺南市南化區中坑里活動中心,中坑里 北平里,80,"水災,震災",余玉糸,06-5775023,是,是,是,True,善化,85,19013.911975949424,19.013911975949423
1146,高雄市桃源區,寶山里,二集團98號,120.7221,23.0554,高雄市桃源區寶山國民小學,寶山里,250,"水災,海嘯",里長陳林彩秀/里幹事謝巧孟,07-6894007/0977406671,是,否,是,True,美濃,97,27345.79348745211,27.34579348745211
1147,高雄市桃源區,寶山里,寶山里98 號,120.72159,23.055409,高雄市桃源區寶山國民小學,寶山里,150,"水災,震災",顏裕華,07-6861132,是,否,否,True,美濃,97,27308.950803132462,27.30895080313246
1148,臺南市左鎮區,中正里,170號,120.4106,23.0562,臺南市左鎮區左鎮國中,中正里、睦光里、內庄里,230,"水災,震災",蔡宜興,06-5731015,是,是,是,True,善化,85,13213.105010439247,13.213105010439246
1150,臺南市安南區,城西里,城西街三段431號,120.0956,23.057,臺南市安南區城西里活動中心,城西里,291,"水災,海嘯",嚴文正,06-2577688,是,否,是,True,安南,87,12530.534933919032,12.530534933919032
1151,臺南市左鎮區,中正里,15-4號,120.4061,23.0577,臺南市左鎮區老人活動中心,中正里、左鎮里,40,水災,郭淑櫻,06-5731611,是,否,是,True,善化,85,12729.018867872208,12.729018867872208
1152,臺南市安南區,城南里,城西街一段61巷28弄98號,120.1272,23.0606,臺南市安南區城南里活動中心,城南里,220,水災,蔡炳輝,06-2574626,是,否,是,True,安南,87,9355.35008816963,9.355350088169631
1153,臺南市安南區,東和里,長和路一段805號,120.2287,23.062,臺南市安南區東和里活動中心,東和里,73,水災,莊福清,06-3566551,是,否,是,True,安南,87,1911.5184093316295,1.9115184093316295
1154,臺南市安南區,布袋里,長和路四段231巷60弄41號,120.2071,23.0632,臺南市安南區布袋里活動中心,布袋里,223,水災,姜吉成,06-2471685,是,否,是,True,安南,87,1973.9213339979187,1.9739213339979187
1155,臺南市安南區,佃西里,海佃路4段493號,120.173444,23.064001,臺南市安南區安佃國民小學,本區各里,150,"水災,震災",陳美惠,06-2567642,否,是,是,True,安南,87,4842.156871007841,4.842156871007841
1157,臺南市左鎮區,榮和里,60-7號,120.3887,23.0646,臺南市左鎮區榮和里活動中心,榮和里,30,水災,邱國輝,06-5732282,是,否,是,True,善化,85,10800.874238422959,10.80087423842296
1158,臺南市安南區,長安里,長溪路三段249號,120.197829,23.065467,臺南市安南區長安國民小學,長安里、公親里、總頭里,1250,"水災,震災",鄭國斌,06-3365595,是,是,是,True,安南,87,2778.7341302061736,2.7787341302061734
1159,臺南市安南區,州北里,安和路5段84巷66號,120.2208,23.06584,臺南市安南區和順國民中學,本區各里,1179,"水災,震災",林明正,06-3551440,是,是,否,True,安南,87,1982.8799602493227,1.9828799602493228
1160,臺南市安南區,佃西里,公學路四段325號,120.1743,23.0661,臺南市安南區佃東佃西社區活動中心,佃東里、佃西里,169,水災,高進見,06-2872962,是,否,是,True,安南,87,4850.718821923941,4.850718821923941
1161,臺南市安南區,城東里,城北路195號,120.131192,23.066375,臺南市安南區土城國民小學,本區各里,1498,"水災,震災",張世昌,06-2577645,否,否,否,True,安南,87,9070.87774516535,9.07087774516535
1163,臺南市安南區,州北里,安和路五段178巷5號,120.218204,23.066821,臺南市安南區和順國民小學,州南里,1180,"水災,震災",柯禧慧,06-3560691,是,是,是,True,安南,87,2063.7301597606256,2.0637301597606257
1164,臺南市安南區,城東里,城安路73號,120.127576,23.066898,臺南市安南區城東里活動中心,城東里,285,"水災,震災",郭峻民,06-2572101,是,是,是,True,安南,87,9445.072954099533,9.445072954099533
1165,臺南市南化區,玉山里,玉山132-3號,120.5153,23.0676,臺南市南化區茅埔活動中心,玉山里,100,"水災,震災,土石流",邱永霖,06-5772128,是,是,是,True,美濃,97,20437.123669339933,20.437123669339933
1166,臺南市新化區,[上廿下那]拔里,那拔54號,120.3497,23.0677,臺南市新化區那拔國小操場,新化區,300,震災,李世賢總務主任,06-5911591,否,是,是,True,善化,85,7368.143442340606,7.368143442340607
1167,臺南市安南區,[土?]南里,安昌街22號,120.2174,23.0682,臺南市安南區州北里活動中心,州北里,325,水災,謝加榮,06-3559953,是,否,是,True,安南,87,2215.2067919166807,2.215206791916681
1168,臺南市安南區,[土?]南里,安昌街130號,120.219603,23.071146,臺南市安南區塭南里活動中心,塭南里,335,水災,林同寶,06-3560368,是,否,是,True,安南,87,2550.5512591600955,2.5505512591600956
1169,高雄市六龜區,荖濃里,南橫路97號,120.673772,23.0731,荖濃社區活動中心,荖濃里第1開設順位,100,"水災,震災,土石流",荖濃里長陳俊福,07-6882527,是,否,是,True,美濃,97,25614.090435423128,25.61409043542313
1170,臺南市安南區,南興里,公學路五段627號,120.160816,23.07394,臺南市安南區南興國民小學,南興里、公塭里,1090,"水災,震災",潘秀妲,06-2870077,是,是,是,True,安南,87,6470.566680170873,6.470566680170873
1171,臺東縣關山鎮,德高里,8鄰永豐105之1號,121.1776,23.0748,德高活動中心,德高里,100,"水災,震災,土石流",里長 莊贄平,89931111,是,是,否,True,關山,29,3661.3923583055625,3.6613923583055628
1172,臺南市新市區,新和里,忠孝街189號,120.2945,23.0751,臺南市新市區文康育樂中心,永就里、新和里,290,"水災,震災",謝雪蓮,06-5898318,是,否,是,True,善化,85,4249.220145373186,4.249220145373186
1173,臺南市南化區,玉山里,玉山65號,120.5201,23.0757,臺南市南化區玉山里活動中心,玉山里,90,"水災,震災,土石流",邱永霖,06-5772128,是,是,是,True,美濃,97,21301.169558740006,21.301169558740007
1174,臺南市安南區,青草里,青砂街二段371巷2號,120.112012,23.07598,臺南市安南區青草里活動中心,青草里,278,水災,魏武雄,06-2571178,是,否,是,True,安南,87,11239.188740662521,11.23918874066252
1175,臺南市新市區,社內里,社內91-22號,120.2816,23.0766,臺南市新市區老人文康活動中心,社內里、大洲里,410,水災,李秋虹,06-5994711#138,是,否,是,True,善化,85,4382.752700695036,4.382752700695036
1176,臺南市安南區,青草里,青砂街二段105巷32號,120.117215,23.076717,臺南市安南區青草國民小學,本區各里,725,"水災,震災",耿育文,06-2577631,是,是,是,True,安南,87,10751.035064229096,10.751035064229097
1177,臺南市山上區,豐德里,豐德49-2號,120.3596,23.0774,臺南市山上區豐德里活動中心,豐德里,50,水災,林美瑜,06-5781801#21,是,否,是,True,善化,85,7514.6559039430085,7.514655903943009
1178,臺南市南化區,北寮里,北寮3號,120.4915,23.0774,臺南市南化區北寮里活動中心,北寮里 小崙里,110,"水災,震災",林金蒼,06-5772237,是,是,是,True,善化,85,20279.23049734226,20.27923049734226
1179,高雄市甲仙區,大田里,新興路49-1號,120.5823,23.078,大田老人活動中心（備用）,大田里,100,,理事長林秀美、社區總幹事張琪,921233279,是,否,是,True,美濃,97,22173.253487605987,22.173253487605987
1180,臺南市安南區,學東里,公學路6段589號,120.145483,23.07819,臺南市安南區學東國民小學,本區各里,600,"水災,震災",鄭勝男,06-2870017,否,是,是,True,安南,87,8092.861030202227,8.092861030202227
1181,臺南市新市區,新市里,中興街12號,120.2952,23.0787,臺南市新市區公所三樓大禮堂,新市里,100,"水災,震災",盧家倫,06-5994711#280,是,否,是,True,善化,85,3846.7549017366355,3.8467549017366354
1182,臺南市新市區,新市里,中興街1號,120.2958,23.0787,臺南市新市區新市國小學生活動中心,三舍里、豐華里,300,水災,蘇首銘,06-5992895#831,是,否,是,True,善化,85,3843.6344684775163,3.843634468477516
1183,臺南市安南區,學東里,公學路六段661號,120.1431,23.0793,臺南市安南區學東里活動中心,學東里,276,"水災,震災",黃南忠,06-2872927,是,是,是,True,安南,87,8365.974043128503,8.365974043128503
1184,臺南市安南區,砂崙里,城北路871巷94弄17號,120.127523,23.079511,臺南市安南區砂崙里活動中心,砂崙里,250,"水災,震災",陳清海,06-2573077,是,是,是,True,安南,87,9850.80348180692,9.85080348180692
1185,臺南市安定區,六嘉里,六嘉30號,120.219,23.0798,臺南市安定區南興國小,臨時備用場所,100,水災,郭茂松,06-5931038,是,否,是,True,安南,87,3503.1722966974976,3.5031722966974974
1186,臺南市安定區,六嘉里,六嘉30號,120.219,23.0798,臺南市安定區南興國小,臨時備用場所,150,水災,郭茂松,06-5931038,是,否,是,True,安南,87,3503.1722966974976,3.5031722966974974
1187,高雄市甲仙區,東安里,文化南路6號,120.592022,23.080974,高雄市立甲仙國民中學（備用）,東安里,270,水災,校長鍾文杰、總務主任劉勇君,675101810、 675101840,是,否,是,True,美濃,97,22748.921024402116,22.748921024402115
1189,高雄市甲仙區,西安里,文化路45號,120.588891,23.081444,高雄市甲仙區甲仙國民小學備用,西安里,521,"水災,震災,土石流",校長陳姚如、總務主任張淑女,6751025111、6751025140,否,否,否,True,美濃,97,22712.276411276074,22.712276411276076
1190,臺南市新市區,港墘里,民族路76號,120.3005,23.0834,臺南市新市區新市國中育樂堂,大營里、港墘里,500,水災,陳盈秀,06-5991420#6001,是,否,是,True,善化,85,3334.734289973265,3.334734289973265
1191,臺南市新市區,港墘里,民族路76號,120.3005,23.0834,臺南市新市區新市國中操場,視災情因應調整,2000,震災,陳盈秀,06-5991420#6001,否,是,是,True,善化,85,3334.734289973265,3.334734289973265
1192,臺南市安定區,大同里,大同81號,120.2231,23.0839,臺南市安定區大同社區活動中心,大同里、六嘉里、港南里、中沙里。,100,水災,陳柏宏,06-5921116,是,否,是,True,安南,87,3995.266863461236,3.995266863461236
1193,高雄市甲仙區,和安里,中山路56號,120.5875,23.084,甲仙和安社區活動中心備用,和安里,80,,理事長李新福、總幹事呂文豪,937645339,是,否,是,True,美濃,97,22948.727846423786,22.948727846423786
1194,臺南市西港區,新復里,溪埔寮19-9號,120.184578,23.085261,臺南市西港區新復里活動中心,新復里,270,"水災,震災",黃國文,06-7957668,是,是,是,True,安南,87,5313.027617325501,5.313027617325501
1196,臺南市新市區,大社里,大社39號,120.3191,23.0863,臺南市新市區大社國小育賢三樓〈學生活動中心）,大社里、潭頂里,300,水災,宋政賢,06-5991593#805,是,否,是,True,善化,85,3732.323726005699,3.732323726005699
1197,臺南市山上區,平陽里,平陽48號,120.3807,23.0868,臺南市山上區平陽里活動中心,平陽里,50,水災,林美瑜,06-5781801#21,是,否,是,True,善化,85,9026.19832111748,9.02619832111748
1198,臺東縣成功鎮,忠仁里,"麒麟路45-12號No.45-12, Chilin Rd., Chenggong Township, Taitung County 961, Taiwan R.O.C.",121.356735,23.092456,麒麟活動中心 Chi-Lin Community Center,忠仁里,30,"水災,土石流",張淑娟,089-85100433,否,否,否,True,關山,29,20637.499824272505,20.637499824272506
1201,臺南市七股區,十份里,十份24-28號,120.1055,23.0942,臺南市七股區十份里漁民活動中心,十份里,94,"水災,震災",張水金,06-7880746,是,否,是,True,安南,87,12556.356867996761,12.556356867996762
1203,臺南市七股區,永吉里,永吉16-8號,120.1288,23.0954,臺南市七股區永吉里多功能活動中心,永吉里,37,"水災,震災",莊弘松,06-7880024,是,否,是,True,安南,87,10484.890158254131,10.484890158254132
1204,臺南市安定區,海寮里,海寮15之3號,120.2112,23.0965,臺南市安定區海寮社區活動中心,海寮里、港口里、新吉里。,200,水災,陳柏宏,06-5921116,是,否,是,True,安南,87,5388.020162067694,5.388020162067694
1205,臺南市安定區,南安里,南安62號,120.225,23.0984,臺南市安定區南安國小,臨時備用場所,100,"水災,震災",曹麗優,06-5922023,是,否,是,True,安南,87,5612.4755001936555,5.612475500193655
1206,臺南市山上區,新莊里,大庄32號,120.3637,23.0987,臺南市山上區新莊里大庄活動中心,新莊里,50,水災,林美瑜,06-5781801#21,是,否,是,True,善化,85,6982.873763683061,6.982873763683061
1208,臺南市七股區,三股里,三股39號,120.1182,23.0993,臺南市七股區三股社區活動中心,三股里,61,"水災,震災",黃仙立,06-7880745,是,否,是,True,安南,87,11642.837926106618,11.642837926106619
1209,臺東縣海端鄉,海端村,"3鄰山界17-3號No.17-3, Shanjie, Haiduan Township, Taitung County 957, Taiwan",121.1767,23.100134,海端鄉立托兒所Haiduan Nursery School,海端村、崁頂村、加拿村、廣原村,80,"水災,震災,土石流,海嘯",史慧玲,089-931466,是,否,是,True,關山,29,6280.988877617194,6.280988877617194
1210,臺南市山上區,南洲里,南洲43號,120.3557,23.1008,臺南市山上區國民小學,全區,1000,"水災,震災",方聰安,06-5781203,是,是,是,True,善化,85,6131.810179882137,6.131810179882137
1211,臺南市山上區,南洲里,南洲197號,120.3536,23.1011,臺南市山上區南洲里農民教育活動中心,南洲里,150,水災,林美瑜,06-5781801#21,是,否,是,True,善化,85,5914.786294649668,5.914786294649668
1212,臺南市七股區,義合里,義合72之2號,120.1382,23.1013,臺南市七股區義合里多功能活動中心,義合里,136,"水災,震災",黃文乾,06-7891113,是,否,是,True,安南,87,10030.306968535806,10.030306968535806
1213,臺東縣海端鄉,海端村,"4鄰山界36號No.36, Shanjie, Haiduan Township, Taitung County 957, Taiwan",121.1761798,23.10145705,海端國小Haiduan Elementary School,海端村、崁頂村、加拿村、廣原村,100,"水災,震災,土石流,海嘯",廖坤峰,089-931184,是,否,是,True,關山,29,6410.932531750759,6.410932531750759
1214,臺東縣成功鎮,忠智里,"中正路1號No.1, Jhongjheng Rd., Chenggong Township, Taitung County 961, Taiwan R.O.C.",121.376599,23.101696,"成功鎮新港國民中學 Hsin-kang Junior High School, Chenggon Township",忠智里,250,震災,鄭瑞銀,089-851034,否,否,否,True,關山,29,22870.19468235369,22.870194682353688
1215,臺南市山上區,山上里,山上134-1號,120.3577,23.1017,臺南市山上區山上里農民教育活動中心,山上里,150,水災,林美瑜,06-5781801#21,是,否,是,True,善化,85,6310.305496836631,6.310305496836631
1216,臺南市山上區,玉?里,玉?35號,120.3891,23.1017,臺南市山上區玉?里活動中心,玉?里,50,水災,林美瑜,06-5781801#21,是,否,是,True,善化,85,9481.482098866598,9.481482098866598
1218,臺南市七股區,三股里,三股100號,120.116949,23.102173,臺南市七股區三股國小操場,三股里,100,震災,陳易志,06-7880744,否,是,是,True,安南,87,11911.376364511058,11.911376364511058
1219,臺東縣成功鎮,三民里,"三民路20號No.20, Sanmin Rd., Chenggong Township, Taitung County 961, Taiwan R.O.C.",121.371943,23.10221,三民里活動中心 San-Min Community Center,三民里,20,,陳鼎欣,089-85100432,否,否,否,True,關山,29,22427.749310373067,22.427749310373066
1220,臺南市七股區,竹橋里,竹橋33-1號,120.1637,23.1029,臺南市七股區竹橋里多功能活動中心,竹橋里,134,"水災,震災,海嘯",張靜堯,06-7891110,是,否,是,True,安南,87,8190.700752206231,8.190700752206231
1221,臺南市山上區,山上里,山上130號,120.3584,23.103,臺南市山上區山上國民中學,全區,1000,"水災,震災",劉育志,06-5781023#11,是,是,是,True,善化,85,6352.86588353681,6.3528658835368095
1222,臺南市安定區,南安里,南安1號,120.2274,23.1033,臺南市安定區南安社區活動中心,南安里、管寮里,50,水災,陳柏宏,06-5921116,是,否,是,True,安南,87,6185.990118940306,6.185990118940306
1223,臺南市安定區,港尾里,港尾74-11號,120.2338,23.1038,臺南市安定區港尾社區活動中心,港尾里、中榮里。,50,水災,陳柏宏,06-5921116,是,否,是,True,安南,87,6380.10003208225,6.38010003208225
1224,臺南市西港區,竹林里,竹林11號,120.1794,23.1042,臺南市西港區成功國小,竹林里、劉厝里、永樂里、新復里,850,"水災,震災",徐育仁,06-7952204#2820,是,是,是,True,安南,87,7328.317888431018,7.328317888431018
1227,臺東縣成功鎮,忠智里,太平路52號,121.381984,23.104484,國立成功商業水產職業學校,忠智里,200,震災,蔡吉郎,089-850011,否,否,否,True,關山,29,23485.657666724506,23.485657666724506
1228,臺東縣成功鎮,忠智里,"五權路164號No.164, Wucyuan Rd., Chenggong Township, Taitung County 961, Taiwan R.O.C.",121.380248,23.104757,忠智里活動中心 Jhong-Jhi Community Center,忠智里,30,,李明穎,089-85100434,否,否,否,True,關山,29,23323.48823668549,23.323488236685492
1229,高雄市桃源區,建山里,建山里96號,120.682598,23.105377,高雄市桃源區建山國民小學,建山里,68,"水災,震災",顏裕華,07-6861132,是,否,否,True,美濃,97,29089.77674036421,29.08977674036421
1230,臺南市玉井區,望明里,望明76號,120.4562,23.1058,臺南市玉井區望明里活動中心,望明里,70,水災,李麗華,06-5742458,是,否,否,True,善化,85,16287.68376936317,16.28768376936317
1232,高雄市桃源區,建山里,建山巷86號,120.684,23.1067,建山社區活動中心,建山里,120,"水災,海嘯",里長金阿美/里幹事謝巧孟,0938317097/0919397714,是,否,是,True,美濃,97,29290.480169538943,29.29048016953894
1233,臺南市山上區,明和里,明和98號,120.3481,23.1078,臺南市山上區明和里活動中心,明和里,150,水災,林美瑜,06-5781801#21,是,否,是,True,善化,85,5229.485946502589,5.22948594650259
1235,高雄市六龜區,寶來里,中正路89號,120.70089,23.10881,寶來社區活動中心,寶來里,100,"水災,震災,土石流",寶來里長沈振揚,07-6881125,是,否,是,True,美濃,97,30446.77325176525,30.44677325176525
1236,高雄市六龜區,寶來里,中正路89號,120.700921,23.108831,高雄市六龜區寶來國民小學,寶來里,257,"水災,土石流",魏滋鋒,6881009#40,否,否,否,True,美濃,97,30450.50021372426,30.450500213724258
1237,高雄市六龜區,寶來里,中正路137號,120.703635,23.109359,高雄市立寶來國民中學,寶來里,244,"水災,震災,土石流",陳嘉玲,6881258#31,否,否,否,True,美濃,97,30658.58257813069,30.658582578130687
1238,臺南市七股區,樹林里,樹林65-11號,120.156033,23.110999,臺南市七股區樹林國小操場,樹林里,100,震災,李貞慧,06-7891031,否,是,是,True,安南,87,9382.70636436664,9.38270636436664
1239,臺南市玉井區,沙田里,沙田33-3號,120.4791,23.1118,臺南市玉井區沙田里活動中心,沙田里,60,水災,邱文化,06-5742362,是,否,否,True,善化,85,18612.182578289052,18.61218257828905
1240,高雄市甲仙區,關山里,中興路17號,120.6054,23.1126,關山社區活動中心,關山里,80,,理事長劉國寶、總幹事柯文賢,932971316,是,否,是,True,美濃,97,26496.021703050148,26.496021703050147
1241,臺南市七股區,樹林里,樹林5-8號,120.1572,23.1139,臺南市七股區樹林社區活動中心,樹林里,138,"水災,震災",黃寶田,06-7891009,是,否,是,True,安南,87,9545.39254099071,9.54539254099071
1242,臺南市安定區,安加里,安加262-1號,120.234,23.114,臺南市安定區安定國中操場,安加里、保西里,500,震災,陳慧如,06-5922003,否,是,是,True,善化,85,6495.185967966292,6.495185967966292
1243,臺南市七股區,竹港里,竹港52-19號,120.1748,23.1142,臺南市七股區竹港社區活動中心,竹港里,74,"水災,震災",郭仲義,06-7891040,是,否,是,True,安南,87,8518.686127159684,8.518686127159684
1244,臺南市安定區,安加里,安加262之8號,120.2343,23.1145,臺南市安定區圖書館,港尾里、蘇林里、蘇厝里,150,水災,陳茂林,06-5921116,是,否,否,True,善化,85,6465.274129156258,6.465274129156258
1245,臺東縣池上鄉,新興村,7鄰新興88號,121.20497,23.115321,臺東縣立池上國民中學,本鄉各村,300,"水災,震災,土石流",校長王淑冠,089-862040,是,是,否,True,關山,29,8940.640454013408,8.940640454013408
1246,臺東縣池上鄉,萬安村,1鄰5號之2,121.1896,23.1172,臺東縣池上鄉萬安國民小學,萬安村、振興村、富興村、錦園村,90,"水災,震災,土石流",校長鍾明宏,089-862371,是,是,是,True,關山,29,8473.969660893361,8.473969660893362
1247,臺南市大內區,曲溪里,曲溪51-2號,120.3874,23.1181,臺南市大內區曲溪社區活動中心,曲溪里,15,"水災,震災",楊春寶,06-5765072,是,是,是,True,善化,85,9233.025819390972,9.233025819390972
1250,臺南市大內區,大內里,大內63號,120.3613,23.1186,臺南市大內區大內國小,大內里、內江里、內郭里、石城里、石林里、石湖里,230,"水災,震災",呂麗蓉,928619583,是,是,是,True,善化,85,6570.2787545573765,6.570278754557377
1251,臺南市西港區,營西里,後營1-2號,120.1958,23.1188,臺南市西港區老人文康活動中心,營西里、後營里、檨林里,340,"水災,震災",謝淑麗,06-7961482,是,是,是,True,安南,87,8128.762714008133,8.128762714008133
1252,臺南市安定區,安加里,安加262-1號,120.2381,23.1196,臺南市安定區安定國中,臨時備用場所,100,"水災,震災",陳慧如,06-5922003,是,否,是,True,善化,85,6113.686248304937,6.113686248304937
1253,臺南市安定區,安定里,安定131之1號,120.2372,23.1198,臺南市安定區老人文康活動中心,安定里、安加里、保西里,50,水災,陳柏宏,06-5921116,是,否,是,True,善化,85,6207.790404314693,6.207790404314693
1255,臺南市玉井區,玉井里,中正路1號,120.4588,23.121,臺南市玉井區玉井國小,玉井里,450,"水災,震災",江隆安,06-5742047,是,是,否,True,善化,85,16552.998318679973,16.552998318679972
1256,臺南市西港區,慶安里,新興街107巷32號,120.1805,23.1211,臺南市西港區慶安社區活動中心,慶安里、西港里,730,"水災,震災",吳明欽,06-7952196,是,是,是,True,安南,87,8919.230156313663,8.919230156313663
1257,臺南市西港區,港東里,烏竹林58-5號,120.2019,23.1211,臺南市西港區港東里活動中心,港東里,240,"水災,震災",方郭秀雲,06-7953001,是,是,是,True,安南,87,8230.1935731236,8.2301935731236
1259,臺南市大內區,內江里,內江319-1號,120.3544,23.1219,臺南市大內區大內國中,全區,800,震災,李世昌,06-5761010,是,是,是,True,善化,85,5913.7426143053935,5.913742614305393
1260,臺南市大內區,石城里,石城114-66號,120.354388,23.122181,臺南市大內區石子瀨社區活動中心,大內里、內江里、內郭里、石湖里、石林里、石城里,20,"水災,震災",曾博楊,06-5761341,是,是,是,True,善化,85,5917.570873621625,5.917570873621624
1261,臺南市大內區,二溪里,二溪198-1號,120.3926,23.1223,臺南市大內區二溪社區活動中心,二溪里,30,水災,楊春木,06-5763878,是,否,是,True,善化,85,9800.626280340612,9.800626280340612
1263,臺南市善化區,小新里,小新113號之24,120.3146,23.1226,臺南市善化區小新社區活動中心,小新里,100,水災,黃瑞芳,06-5837154,是,否,是,True,善化,85,2036.0016956422844,2.0360016956422844
1264,臺南市安定區,安定里,安定1號,120.2466,23.1229,臺南市安定區安定國小操場,蘇林里、蘇厝里、安定里,300,震災,王聰敏,06-5922024,否,是,是,True,善化,85,5309.7761572715945,5.309776157271594
1265,臺南市玉井區,玉田里,民族路216號,120.4683,23.1229,臺南市玉井區綜合體育館,玉田里,200,"水災,震災",陳金敏,06-5744763,是,是,否,True,善化,85,17536.134671787375,17.536134671787377
1267,臺南市玉井區,玉田里,大成路152號,120.4703,23.1231,臺南市玉井區玉井國中,玉田里,450,"水災,震災",蔡佳宏,06-5742214,是,是,否,True,善化,85,17741.938610674097,17.741938610674097
1269,臺南市西港區,西港里,文化路41號,120.20505,23.123745,臺南市西港區西港國中,西港里、港東里、檨林里,180,水災,蘇靖萍,06-7952071#115,是,否,是,True,安南,87,8463.097525250361,8.463097525250362
1270,臺東縣池上鄉,福原村,公園路2號,121.208,23.1238,米鄉-池上文化館,福原村,100,"水災,震災,土石流","邱靜沂CIOU,Jing-Yi",089-862041,是,是,是,True,關山,29,9912.344846232272,9.912344846232273
1272,臺南市西港區,南海里,慶安路229號,120.2153,23.1239,臺南市西港區私立港明中學,南海里,150,水災,林毓杰,06-7952025#18,是,否,是,True,安南,87,8386.603332564197,8.386603332564196
1273,臺南市玉井區,豐里里,豐里59-10號,120.4444,23.124,臺南市玉井區豐里里活動中心,豐里里,60,"水災,土石流",陳耀哲,06-5741141,是,否,否,True,善化,85,15102.223907638128,15.102223907638129
1275,臺南市善化區,小新里,小新79號,120.312,23.125,臺南市善化區小新國小,小新里,360,"水災,震災",王文亮,06-5837019,是,是,是,True,善化,85,1972.7354470180376,1.9727354470180376
1276,臺南市佳里區,龍安里,塭子內40號,120.165,23.1253,臺南市佳里區塭內國小,龍安里、蚶寮里,1200,震災,陳金生校長,06-7891054#10,否,是,是,True,安南,87,10091.646132373593,10.091646132373594
1277,臺東縣池上鄉,福原村,中華路17號,121.2149,23.1253,臺東縣池上鄉福原國民小學,新興村、福原村、慶豐村、大坡村、福文村、大埔村,300,"水災,震災,土石流",校長毛慧莉,862017,是,是,否,True,關山,29,10409.117950320948,10.409117950320947
1278,臺東縣池上鄉,慶豐村,87號,121.2308,23.1255,臺東縣池上鄉大坡國民小學,慶豐村、大坡村,50,"水災,土石流",校長毛慧莉,089-862664,是,是,否,True,關山,29,11361.139187260018,11.361139187260019
1280,臺南市佳里區,蚶寮里,蚶寮21號,120.1596,23.1267,臺南市佳里區蚶寮社區活動中心,蚶寮里、龍安里,550,"水災,震災",林子昆里長,06-7892305,是,是,是,True,安南,87,10524.769218600532,10.524769218600532
1282,臺南市善化區,文昌里,光復路175-1號,120.2907,23.1273,臺南市善化區文昌社區活動中心,文昌里,110,"水災,震災",李立先,06-5811845,是,是,是,True,善化,85,1687.96578088204,1.68796578088204
1283,臺南市七股區,溪南里,溪南28號,120.1198,23.1276,臺南市七股區溪南里漁民活動中心,溪南里,134,"水災,震災",黃榮輝,06-7872074,是,否,是,True,安南,87,13323.708649180608,13.323708649180608
1284,臺南市善化區,坐駕里,大成路385號,120.2951,23.1284,臺南市善化區大成國小,全區,420,"水災,震災",王文玲,06-5837520,是,是,是,True,善化,85,1680.4096648680004,1.6804096648680005
1285,高雄市桃源區,高中里,興中巷44號,120.719029,23.128565,高雄市桃源區興中國民小學,高中里,199,"水災,震災",謝巧孟,07-6861132,是,否,否,True,美濃,97,33305.58909515805,33.30558909515805
1286,高雄市桃源區,高中里,興中巷44號,120.719,23.1286,高中社區活動中心,高中里,80,"水災,海嘯",里長余金鐘/里幹事謝巧孟,0919892255/0981248529,是,否,是,True,美濃,97,33307.02032013224,33.30702032013224
1287,高雄市桃源區,高中里,興中巷44號,120.719,23.1286,高雄市桃源區興中國民小學,高中里,250,"水災,海嘯",里長余金鐘/里幹事謝巧孟,0919064347/0981248529,是,否,是,True,美濃,97,33307.02032013224,33.30702032013224
1289,臺南市玉井區,中正里,健康路10號,120.4693,23.1313,臺南市玉井區清芳社區活動中心,中正里,60,水災,鄭錦堂,06-5745531,是,是,否,True,善化,85,17717.800106505474,17.717800106505475
1291,臺南市七股區,七股里,七股103-1號,120.1275,23.1343,臺南市七股區七股社區活動中心,七股里,50,"水災,震災",黃進士,06-7874227,是,否,是,True,安南,87,13264.435482092344,13.264435482092344
1292,臺南市善化區,文正里,進學路63號,120.2888,23.1354,臺南市善化區善化國小,全區,400,"水災,震災",黃莉雯,06-5817020,是,是,是,True,善化,85,2593.3077790950188,2.593307779095019
1293,臺南市善化區,文正里,文正路25巷18號,120.2863,23.1364,臺南市善化區文正社區活動中心,文正里,170,水災,胡志賢,06-5815009,是,否,是,True,善化,85,2791.8879234606834,2.7918879234606835
1294,臺南市七股區,玉成里,玉成17號,120.1343,23.1369,臺南市七股區玉成社區活動中心,玉成里,44,"水災,震災",陳國慶,06-7872075,是,否,是,True,安南,87,13005.973278829946,13.005973278829947
1295,臺南市七股區,龍山里,龍山211-33號,120.1146,23.1371,臺南市七股區龍山里漁民活動中心,龍山里,326,"水災,震災",王文財,06-7872072,是,否,是,True,安南,87,14424.728706605047,14.424728706605046
1296,臺南市善化區,文正里,進學路150號,120.2891,23.1378,臺南市善化區文康育樂中心,全區,560,"水災,震災",邱維嘉,06-5812454,是,是,是,True,善化,85,2835.3293115232336,2.8353293115232336
1297,臺南市善化區,嘉北里,茄拔280號,120.3248,23.1383,臺南市善化區茄拔國小,嘉南里、嘉北里,350,"水災,震災",陳俊吉,06-5837031,是,是,是,True,善化,85,3935.8411035186427,3.935841103518643
1298,臺南市善化區,牛庄里,牛庄138號,120.3172,23.1385,臺南市善化區牛庄里活動中心,牛庄里,170,"水災,震災",蘇坤修,06-5838346,是,是,是,True,善化,85,3442.56983062625,3.44256983062625
1299,臺南市善化區,嘉北里,茄拔271號,120.3248,23.1387,臺南市善化區老人文康活動中心,嘉北里、嘉南里,440,"水災,震災",梁楊玉華,06-5836067,是,是,是,True,善化,85,3967.027640415811,3.9670276404158114
1300,臺南市善化區,嘉北里,茄拔271號,120.3248,23.1387,臺南市善化區老人文康活動中心,嘉北里、嘉南里,440,"水災,震災",梁楊玉華,06-5836067,是,是,是,True,善化,85,3967.027640415811,3.9670276404158114
1301,臺南市七股區,大埕里,大埕395號,120.1384,23.1392,臺南市七股區七股國小,大埕里,145,"水災,震災,海嘯",陳智揚,06-7872076,是,否,是,True,安南,87,12932.079217100947,12.932079217100947
1302,臺南市西港區,永樂里,大塭寮59-35號,120.2159,23.1392,臺南市西港區永樂里活動中心,永樂里,250,"水災,震災",郭吉山,06-7950656,是,是,是,True,善化,85,8824.343419912628,8.824343419912628
1303,臺南市七股區,大埕里,大埕315號,120.1422,23.1422,臺南市七股區私立昭明國中,大埕里,350,"水災,震災,海嘯",李娉,06-7872053,是,否,是,True,安南,87,12957.077630567577,12.957077630567577
1304,臺南市善化區,胡家里,胡家300號,120.2733,23.143,臺南市善化區陽明國小,胡家里、胡厝里,400,"水災,震災",陳義豊,06-5817165,是,是,是,True,善化,85,4105.813788376941,4.105813788376941
1305,臺南市大內區,頭社里,頭社10-1號,120.3848,23.143,臺南市大內區頭社社區活動中心,頭社里,20,水災,羅文宗,06-5762925,是,否,是,True,善化,85,9533.274168503023,9.533274168503024
1306,花蓮縣富里鄉,豐南村,豐南7鄰12-3號,121.2686,23.143,豐南社區活動中心,豐南村,50,"水災,震災,土石流,海嘯",黃瓊瑤,03-8831820,是,否,是,True,關山,29,15393.819380857138,15.393819380857138
1307,臺南市佳里區,通興里,埔頂5-1號,120.1576,23.1448,臺南市佳里區通興國小,通興里、蚶寮里、龍安里,1400,"水災,震災",王怡仁校長,06-7873531#11,是,是,是,True,安南,87,12333.262097192313,12.333262097192314
1308,臺南市大內區,環湖里,環湖56號,120.4204,23.145,臺南市大內區環湖社區活動中心,環湖里,65,"水災,震災",鄭燦彬,06-5760202,是,是,是,True,善化,85,13074.834374027325,13.074834374027326
1309,臺南市七股區,大埕里,大埕271-1號,120.1421,23.1452,臺南市七股區大埕里漁民活動中心,大埕里,127,"水災,震災",吳榮華,06-7872414,是,否,是,True,安南,87,13231.416066488953,13.231416066488952
1310,臺南市善化區,胡家里,胡厝寮42-2號,120.2722,23.1456,臺南市善化區胡家里活動中心,胡家里、胡厝里,270,"水災,震災",丁水明,06-5817341,是,是,是,True,善化,85,4404.3895576453615,4.404389557645361
1311,高雄市甲仙區,小林里,五里路24-2號,120.63203,23.148576,高雄市甲仙區小林國民小學備用,小林里,370,"水災,震災",校長方文慧、總務主任趙璿皓,6761065100、6761065400,否,否,否,True,美濃,97,31133.558541684863,31.133558541684863
1312,臺南市七股區,?榔里,?榔42-1號,120.1518,23.1487,臺南市七股區?榔里多功能活動中心,?榔里,138,"水災,震災,海嘯",楊松原,06-7891542,是,否,是,True,安南,87,13006.989922028979,13.006989922028978
1313,臺南市七股區,大寮里,大寮36-12號,120.1531,23.1502,臺南市七股區大寮社區活動中心,大寮里,143,"水災,震災",汪聰慧,06-7872719,是,否,是,True,安南,87,13081.726573463726,13.081726573463726
1314,高雄市甲仙區,小林里,西拉雅路2巷1號,120.6356,23.1503,小林社區活動中心備用,小林里,0,,理事長劉秋田、總幹事劉榮顯,6761455,是,否,是,True,美濃,97,31436.995653376558,31.43699565337656
1315,臺南市七股區,?埕里,鹽埕165-1號,120.0891,23.1512,臺南市七股區鹽埕社區活動中心,鹽埕里,138,"水災,震災",李財教,06-7800174,是,否,是,True,安南,87,17411.231637779932,17.41123163777993
1316,臺南市善化區,溪美里,溪美71號,120.2843,23.1512,臺南市善化區溪美社區活動中心,溪美里,300,"水災,震災",施富卿,06-5850620,是,是,是,True,善化,85,4398.45875695626,4.39845875695626
1317,臺南市佳里區,鎮山里,仁愛路307號,120.1794,23.1532,臺南市佳里區仁愛國小,鎮山里,1700,"水災,震災",楊宗?校長,06-7222227#800,是,是,是,True,安南,87,12265.982919266413,12.265982919266413
1318,臺南市善化區,田寮里,田寮里15鄰六分寮168之9號,120.3041,23.1533,臺南市善化區田寮里活動中心,六分里、田寮里,300,水災,楊柳塘,06-5838449,是,是,是,True,善化,85,4474.06099994618,4.474060999946181
1319,臺南市七股區,中寮里,中寮63-2號,120.1083,23.1546,臺南市七股區中寮社區活動中心,中寮里,331,"水災,震災",許全田,06-7800071,是,否,是,True,安南,87,16248.084289299579,16.24808428929958
1320,臺南市七股區,城內里,城內16-3號,120.1085,23.1546,臺南市七股區城內里活動中心,城內里,104,"水災,震災",蘇龍標,06-7943168,是,否,是,True,安南,87,16233.98386032379,16.23398386032379
1321,臺南市善化區,六德里,六分寮227之1號,120.304,23.1552,臺南市善化區六德里活動中心,六德里,140,"水災,震災",鄭宗枝,06-5838753,是,是,是,True,善化,85,4680.606999100649,4.6806069991006485
1322,臺南市善化區,六德里,六分寮200號,120.3057,23.1555,臺南市善化區大同國小,東昌里、東隆里,500,"水災,震災",吳明方,06-5837352,是,是,是,True,善化,85,4741.564151961148,4.741564151961148
1323,臺南市西港區,西港里,中山路370號,120.2023,23.1556,臺南市西港區圖書館,西港里,210,水災,康明然,06-7951840,是,否,是,True,善化,85,10804.706028736548,10.804706028736547
1324,臺南市西港區,金砂里,砂凹子10-1號,120.205562,23.156565,臺南市西港區後營國小金砂分校,金砂里,290,"水災,震災",謝慶皇,06-7221655#11,是,是,是,True,善化,85,10552.491280399992,10.552491280399993
1325,臺東縣成功鎮,忠孝里,"成廣路8號No.8, Chengguang Rd., Chenggong Township, Taitung County 961, Taiwan R.O.C.",121.399532,23.156879,"成功鎮忠孝國民小學 Jhong-Hsiao Elementary School, Chenggon Township",忠孝里,150,"水災,土石流",王金地,089-871109,否,否,否,True,關山,29,27306.446132486133,27.306446132486133
1326,臺東縣成功鎮,忠孝里,"成廣路7號No.7, Chengguang Rd., Chenggong Township, Taitung County 961, Taiwan R.O.C.",121.400891,23.157523,小港活動中心 Siao-Gang Community Center,忠孝里,20,"水災,土石流",林永勝,8985100436,否,否,否,True,關山,29,27462.809905378916,27.462809905378915
1327,臺南市佳里區,建南里,安南路523號,120.1707,23.1577,臺南市佳里區佳里國中,全區,3600,"水災,震災",陳仲卿校長,06-7222244#218,是,是,是,True,安南,87,13040.095771053911,13.040095771053911
1328,臺南市七股區,篤加里,篤加47-7號,120.1277,23.1592,臺南市七股區篤加社區活動中心,篤加里,238,"水災,震災",邱炳貴,06-7873772,是,否,是,True,安南,87,15353.983470064904,15.353983470064904
1329,臺南市佳里區,忠仁里,信義路336號,120.1821,23.1596,臺南市佳里區信義國小,忠仁里、東寧里,1700,"水災,震災",黃寶塘校長,06-7211918#100,是,是,是,True,安南,87,12859.115093980492,12.859115093980492
1330,高雄市桃源區,桃源里,北進巷50號,120.765756,23.160472,高雄市桃源區桃源國民小學,桃源里,2871,"水災,震災",謝巧孟,07-6861132,是,否,否,True,美濃,97,39004.48712294426,39.004487122944255
1331,高雄市桃源區,桃源里,北進巷50號,120.7658,23.1605,桃源文物館,桃源里,150,"水災,海嘯",里長高慕源/里幹事謝巧孟,07-6861089,是,否,是,True,美濃,97,39009.7105121527,39.0097105121527
1334,臺南市佳里區,忠仁里,佳東路327巷20號,120.1826,23.1616,臺南市佳里區六里活動中心,全區,400,"水災,震災",莊辰翊,921286689,是,是,是,True,善化,85,12913.8662719168,12.9138662719168
1335,臺南市佳里區,安西里,公園路445號,120.1723,23.1639,臺南市佳里區佳里國小,安西里,1750,"水災,震災",康瑞中校長,06-7221400#701,是,是,是,True,安南,87,13624.336833781486,13.624336833781486
1336,臺中市太平區,大興里,?仔坑路95號,121.0434,23.1671,坪林國小坪?分校〈音樂教室.綜合教室.籃球場〉,大興,58,水災,李宏仁,04-23924646,否,否,是,True,關山,29,18165.318752209932,18.16531875220993
1337,臺東縣海端鄉,霧鹿村,3鄰霧鹿37號,121.043335,23.16749,原霧鹿托兒所,霧鹿村,50,"水災,震災,土石流,海嘯",黃萬松,089-935074,是,否,否,True,關山,29,18201.895638744623,18.201895638744624
1338,臺南市佳里區,六安里,六安269號,120.1766,23.1675,臺南市佳里區北門高中,全區,2460,"水災,震災",朱水永校長,06-7234421#210,是,否,是,True,善化,85,13747.54665413384,13.747546654133838
1339,臺東縣海端鄉,霧鹿村,"2鄰12號No.12, Wulu, Haiduan Township, Taitung County 957, Taiwan",121.0415684,23.16932024,霧鹿國小Wulu Elementary School,霧鹿村,180,"水災,震災,土石流,海嘯",邱冠儒,089-935053,是,否,是,True,關山,29,18473.53977074427,18.47353977074427
1340,臺南市七股區,西寮里,西寮1-3號,120.097,23.1701,臺南市七股區西寮社區活動中心,西寮里,316,"水災,震災",陳銀謀,06-7800262,是,否,是,True,安南,87,18292.758514323643,18.292758514323644
1341,臺南市官田區,拔林里,拔林77號之1,120.3266,23.1708,臺南市官田區渡拔國小,拔林里、渡頭里,550,"水災,震災",劉蕙莉,06-5791118#173,是,是,是,True,善化,85,7026.983209953019,7.026983209953019
1342,花蓮縣富里鄉,永豐村,永豐10鄰20-1號,121.2565,23.1714,永豐社區活動中心,永豐村,50,"水災,土石流",黃瓊瑤,03-8831821,是,否,是,True,關山,29,17014.29851561455,17.014298515614552
1343,高雄市桃源區,桃源里,南橫公路三段 201 號,120.774908,23.171435,高雄市立桃源國民中學,桃源里,329,"水災,震災",謝巧孟,07-6861132,是,否,否,True,美濃,97,40537.991297903536,40.53799129790354
1344,高雄市桃源區,勤和里,南橫公路3段平台巷36號,120.7756,23.1716,勤和活動中心,勤和里,80,"水災,海嘯",里長柯文龍/里幹事謝巧孟,07-6861115,是,否,是,True,美濃,97,40596.19223606272,40.59619223606272
1345,臺南市南化區,關山里,關山84-3號,120.5949,23.1735,臺南市南化區關山里活動中心,關山里,90,"水災,震災,土石流",謝國男,06-5770095,是,是,是,True,善化,85,31184.821918598434,31.184821918598434
1346,臺南市南化區,關山里,關山96號,120.5953,23.1736,臺南市南化區瑞峰國小,關山里,30,"水災,震災,土石流",謝國男,06-5770095,是,是,是,True,善化,85,31227.19303066036,31.22719303066036
1347,臺南市佳里區,三協里,潭墘5號,120.202,23.1739,臺南市佳里區子龍國小,子龍里、三協里、民安里,1680,"水災,震災",郭耿舜校長,06-7262913#11,是,是,是,True,善化,85,11848.543026108384,11.848543026108384
1349,臺南市楠西區,楠西里,四維路69號,120.484764,23.174264,臺南市楠西區楠西國小,全區、東山區南勢里,690,"水災,震災,土石流",李勝建主任、宋秉璋,5751062,是,是,是,True,善化,85,20337.365279961217,20.33736527996122
1350,花蓮縣富里鄉,富里村,中山路205號,121.247624,23.174527,富里老人文康中心,富里村,100,"水災,土石流",古智雄,03-8831048,是,否,是,True,關山,29,16807.86698275786,16.807866982757858
1351,臺南市佳里區,六安里,六安117號,120.1799,23.1757,臺南市佳里區北門農工,全區,2470,"水災,震災",張福祥校長,06-7261713#200,是,是,是,True,善化,85,13872.571368923109,13.87257136892311
1352,臺南市麻豆區,龍泉里,溝子墘20號,120.257,23.178,臺南市麻豆區龍泉社區活動中心預備,龍泉里、晉江里、總榮里,50,水災,王益標,06-5724926,是,否,是,True,善化,85,8266.707113836641,8.266707113836642
1353,花蓮縣卓溪鄉,古風村,23鄰16-1號,121.2359,23.1784,石平社區活動中心,古風村石平社區,50,"水災,土石流",林章成,03-8881852,是,否,是,True,關山,29,16593.453260050515,16.593453260050516
1354,臺南市佳里區,頂?里,頂?136號,120.1526,23.1785,臺南市佳里區延平國小,漳洲里、海澄里、嘉福里、頂?里,1550,"水災,震災",何鑫憲校長,06-7233348#10,是,是,是,True,安南,87,15888.033840733713,15.888033840733714
1356,臺南市楠西區,楠西里,民族路128號,120.483134,23.180566,臺南市楠西區老人文康活動中心,全區含東山區南勢里,80,"水災,土石流",江玉雪、黃瓊枝,06-5751615,是,否,是,True,善化,85,20423.32500344961,20.42332500344961
1357,臺南市七股區,頂山里,頂山144-3號,120.1122,23.1815,臺南市七股區頂山里漁民活動中心,頂山里,121,"水災,震災",陳俊德,06-7800068,是,否,是,True,安南,87,18283.310295507585,18.283310295507583
1358,臺南市官田區,社子里,2鄰社子11號,120.3595,23.1818,臺南市官田區社子社區活動中心,社子里,30,水災,劉蕙莉,06-5791118#173,是,否,是,True,善化,85,9891.992264799643,9.891992264799642
1360,臺南市楠西區,楠西里,中興路107號,120.484334,23.182736,臺南市楠西區楠西國中,全區、東山區南勢里,630,"水災,震災,土石流",標耿安校長、黃昇平,06-5751712,是,是,是,True,善化,85,20625.94709209696,20.62594709209696
1361,臺南市佳里區,民安里,新宅34-1號,120.1959,23.1829,臺南市佳里區佳興國中,佳化里、民安里、三協里,1950,"水災,震災",江俊賢校長,06-7260291#11,是,是,是,True,善化,85,12935.719650494371,12.935719650494372
1362,臺南市麻豆區,南勢里,南勢36號,120.259982,23.183514,麻豆國中學生活動中心,各里,400,震災,黃春太,06-5722128#31,是,否,否,True,善化,85,8661.224360379094,8.661224360379094
1364,臺南市麻豆區,南勢里,南勢168號,120.2677,23.1847,臺南市麻豆區台灣首府大學圖資大樓6樓預備,寮?里、南勢里,300,水災,黃道明,06-5718888#461,是,否,是,True,善化,85,8464.08952983334,8.46408952983334
1365,臺南市官田區,官田里,官田315號,120.3391,23.1855,臺南市官田區官田社區活動中心,官田里,90,水災,劉蕙莉,06-5791118#173,是,否,是,True,善化,85,9056.731856739383,9.056731856739383
1366,臺南市麻豆區,南勢里,南勢1號,120.2627,23.1872,國立曾文高級農工職業學校操場室外避難處所,全區,1300,震災,張榮德,06-5721137#503,否,是,是,True,善化,85,8914.49493792761,8.914494937927609
1367,臺南市佳里區,興化里,興化545-11號,120.186,23.1873,臺南市佳里區興化社區活動中心,興化里、禮化里,350,"水災,震災",林黃秋香里長,06-7260873,是,是,是,True,善化,85,14041.9017969461,14.0419017969461
1368,臺南市七股區,大潭里,臺潭1號,120.134384,23.187513,臺南市七股區後港國小操場,大潭里,600,震災,黃文信,06-7941305,否,是,是,True,安南,87,17621.609445575137,17.62160944557514
1369,臺南市七股區,大潭里,頂潭93號,120.134441,23.188062,臺南市七股區後港國中操場,大潭里,200,震災,陳育生,06-7941357,否,是,是,True,安南,87,17672.0459817845,17.6720459817845
1370,臺南市七股區,大潭里,台潭28-6號,120.1327,23.1881,臺南市七股區大潭里漁民活動中心,大潭里,177,"水災,震災",許鵬翔,06-7941118,是,否,是,True,安南,87,17762.262894956995,17.762262894956994
1371,臺南市官田區,東庄里,西庄125號之2,120.2964,23.1881,臺南市官田區東西庄社區活動中心,東庄里、西庄里,70,水災,劉蕙莉,06-5791118#173,是,否,是,True,善化,85,8275.689187460499,8.275689187460499
1372,臺南市官田區,隆田里,三民路29號,120.315915,23.18904,臺南市官田區官田國民中學,全區,2890,"水災,震災",劉蕙莉,06-5791118#173,是,是,是,True,善化,85,8590.847707729461,8.590847707729461
1373,臺南市佳里區,佳化里,佳化214號,120.1928,23.1891,臺南市佳里區佳興國小,佳化里、禮化里、營頂里、溪州里,1440,"水災,震災",陳伯照校長,06-7263432#5,是,是,是,True,善化,85,13604.142595953646,13.604142595953647
1376,臺南市官田區,大崎里,4鄰大崎30號之6,120.3707,23.1906,臺南市官田區大崎社區活動中心,大崎里,60,水災,劉蕙莉,06-5791118#173,是,否,是,True,善化,85,11378.407836937176,11.378407836937177
1377,臺南市官田區,隆田里,中山路一段129號,120.3141,23.1923,臺南市官田區隆田國小活動中心,隆田里,1000,"水災,震災",劉蕙莉,06-5791118#173,是,是,是,True,善化,85,8905.783558214323,8.905783558214324
1379,花蓮縣富里鄉,石牌村,8鄰富北34-2號,121.2643,23.1928,石牌社區活動中心,石牌村,30,"水災,土石流",王貞予,03-8831323,是,否,是,True,關山,29,19429.268091733367,19.429268091733366
1381,澎湖縣七美鄉,南港村,1鄰43號,119.425916,23.193387,南港社區活動中心,海豐村及南港村,200,"水災,海嘯",許雅珮,69971007,是,否,是,True,馬公,61,44011.988157246684,44.011988157246684
1382,臺南市官田區,隆本里,興隆街33號,120.3159,23.1977,臺南市官田區隆本里活動中心,隆本里,60,水災,劉蕙莉,06-5791118#173,是,否,是,True,善化,85,9528.275640051079,9.52827564005108
1383,臺南市將軍區,長榮里,長榮4號,120.1594,23.1978,臺南市將軍區漚汪國小,鯤鯓里、鯤溟里,300,"水災,震災,海嘯",閻祺祥,06-7942012,是,是,是,True,善化,85,16944.79263875015,16.94479263875015
1384,臺南市將軍區,長榮里,長榮4號,120.1594,23.1978,臺南市將軍區漚汪國小,忠興里、嘉昌里、長榮里、西和里、西華里,300,"水災,震災,海嘯",黃秋萍,06-7942012,是,是,是,True,善化,85,16944.79263875015,16.94479263875015
1385,臺南市佳里區,營頂里,營頂102號,120.1918,23.1987,臺南市佳里區營頂社區活動中心,營頂里,300,"水災,震災",莊順治里長,06-7260953,是,是,是,True,善化,85,14360.704713511492,14.360704713511492
1386,花蓮縣富里鄉,明里村,3鄰明里37號,121.2522,23.1998,明里社區活動中心,明里村,50,"水災,土石流",徐祥寶,03-8846057,是,否,是,True,關山,29,19467.920119027178,19.467920119027177
1387,臺南市將軍區,忠興里,忠興180-50號,120.1606,23.201,臺南市將軍區老人文康活動中心,三吉里、將富里、將貴里,200,"水災,震災,海嘯",謝佩芬,06-7944851,是,是,是,True,善化,85,17041.574731844437,17.041574731844438
1388,臺南市將軍區,忠興里,忠興180-50號,120.1606,23.201,臺南市將軍區老人文康活動中心,忠興里、嘉昌里、長榮里、西和里、西華里苓和里、保源里、仁和里、北埔里長沙里、平沙里、鯤鯓里、鯤溟里將富里、將貴里、三吉里、玉山里、廣山里,200,"水災,震災,海嘯",謝佩芬,06-7944851,是,是,是,True,善化,85,17041.574731844437,17.041574731844438
1390,澎湖縣七美鄉,中和村,中和村10鄰55號,119.428683,23.202412,七美鄉老人文康老人中心,中和及平和村本鄉主要災民收容指揮所,600,"水災,海嘯",王羿窕,06-9971007,是,否,是,True,馬公,61,42974.532705344434,42.97453270534444
1391,澎湖縣七美鄉,中和村,中和村4鄰1號,119.4286,23.2025,七美國小視聽教室,中和村,46,"水災,震災,海嘯",吳桂美,06-9971003,是,否,是,True,馬公,61,42968.09783348805,42.96809783348805
1393,臺南市麻豆區,港尾里,港子尾48之2號,120.2036,23.2042,臺南市麻豆區港尾社區活動中心預備,港尾里、海埔里、莊禮里,50,水災,蔡淑綢,06-5701592,是,否,是,True,善化,85,13908.018986090836,13.908018986090836
1394,臺南市佳里區,溪州里,溪州2-1號,120.184,23.2047,臺南市佳里區溪州社區活動中心,溪州里,300,"水災,震災",陳進源里長,06-7261120,是,是,是,True,善化,85,15399.22006615149,15.399220066151491
1395,澎湖縣七美鄉,海豐村,海豐村9鄰3-1號,119.4335,23.2056,海豐社區活動中心,海豐村,47,"水災,震災",陳家輝,06-9971015,是,否,是,True,馬公,61,42481.07570092532,42.481075700925324
1396,澎湖縣七美鄉,中和村,中和村5鄰41-1號,119.4295,23.2058,中和村社區活動中心,中和村,54,"水災,震災,海嘯",張生水,06-9971006,是,否,是,True,馬公,61,42592.526748428565,42.59252674842857
1397,臺南市將軍區,嘉昌里,昌平1-1號,120.1507,23.206,臺南市將軍區將軍國中,玉山里、廣山里,300,"水災,震災,海嘯",李淑招,06-7942042,是,是,是,True,善化,85,18190.439913728227,18.190439913728227
1398,臺南市將軍區,嘉昌里,昌平1-1號,120.1507,23.206,臺南市將軍區將軍國中,長沙里、平沙里、鯤鯓里、鯤溟里,300,"水災,震災,海嘯",李淑招,06-7942042,是,是,是,True,善化,85,18190.439913728227,18.190439913728227
1399,臺南市將軍區,三吉里,三吉34號,120.1341,23.2068,臺南市將軍區三吉社區活動中心,三吉里,50,水災,許明輝,06-7944815,是,否,是,True,安南,87,19531.459185910673,19.531459185910673
1400,澎湖縣七美鄉,平和村,平和村8鄰23-1,119.4286,23.2069,平和社區活動中心,平和村,58,"水災,震災,海嘯",蔡美華,06-9971009,是,否,是,True,馬公,61,42507.79149731388,42.50779149731388
1401,臺南市下營區,西連里,西寮13之25號,120.2632,23.2082,臺南市下營區老人休閒活動中心,西連里,50,水災,林文祥,06-6898715,是,否,是,True,善化,85,11069.731403848851,11.06973140384885
1403,臺南市將軍區,玉山里,玉山79-5號,120.1232,23.2109,臺南市將軍區玉山社區活動中心,玉山里,100,"水災,震災",陳天華,06-7930829,是,是,否,True,安南,87,20443.891234453018,20.44389123445302
1404,澎湖縣七美鄉,西湖村,西湖村6鄰38號,119.4376,23.211,西湖社區活動中心,西湖村,49,"水災,震災",許進徒,06-9971012,是,否,是,True,馬公,61,41780.777848950944,41.78077784895094
1405,澎湖縣七美鄉,東湖村,3鄰39-1號,119.437357,23.211082,東湖社區暨農漁民活動中心,東湖村及西湖村,200,"水災,海嘯",林成威,69971007,是,否,是,True,馬公,61,41779.981635253665,41.77998163525366
1406,臺南市官田區,南?里,5鄰南?65號之2,120.3046,23.2116,臺南市官田區南?里活動中心,南?里,110,水災,劉蕙莉,06-5791118#173,是,否,是,True,新營,72,10493.666208766064,10.493666208766065
1407,臺南市下營區,開化里,中營270號,120.2764,23.213,臺南市下營區中營國小活動中心,開化里,200,"水災,震災",王清得,06-6790162,是,是,是,True,新營,72,11077.379182367575,11.077379182367574
1408,澎湖縣七美鄉,中和村,中和村4鄰4號,119.4287,23.2135,七美國中學生活動中心,中和村,300,"水災,震災,海嘯",夏德清,06-9971019,是,否,是,True,馬公,61,41815.04351280235,41.815043512802355
1409,臺南市將軍區,將貴里,將貴58號,120.13448,23.21436,臺南市將軍區將軍國小,將富里、將貴里,300,"水災,震災",黃冠評,06-7942034,是,是,是,True,善化,85,20084.509334759856,20.084509334759854
1410,臺南市將軍區,將貴里,將貴58號,120.13448,23.21436,臺南市將軍區將軍國小,將富里、將貴里、三吉里、玉山里、廣山里,300,"水災,震災",黃冠評,06-7942034,是,是,是,True,善化,85,20084.509334759856,20.084509334759854
1411,澎湖縣七美鄉,西湖村,西湖村7鄰9號,119.4294,23.2148,雙湖國小學生活動中心,西湖村,85,"水災,震災",林美美,06-9971018,是,否,是,True,馬公,61,41655.3423451845,41.6553423451845
1412,臺南市官田區,二鎮里,8鄰二鎮68號之1,120.3296,23.2168,臺南市官田區二鎮社區活動中心,二鎮里,200,水災,劉蕙莉,06-5791118#173,是,否,是,True,新營,72,9918.473125277827,9.918473125277828
1414,臺南市官田區,嘉南里,六甲區龍湖里珊瑚路301號,120.365156,23.217484,臺南市六甲區嘉南國民小學,嘉南里、湖山里,400,"水災,震災",劉蕙莉,06-5791118-173,是,否,是,True,新營,72,10923.410365655618,10.923410365655618
1415,臺南市將軍區,保源里,苓保65-25號,120.1657,23.2175,臺南市將軍區苓保社區活動中心,保源里,50,水災,何朝明,06-7942235,是,否,是,True,善化,85,17743.59237341105,17.74359237341105
1417,高雄市桃源區,復興里,愛玉路38號,120.8046,23.218,高雄市桃源區樟山國民小學復興分校,復興里,250,"水災,海嘯",里長江維名/里幹事李建和,07-6866209,是,否,是,True,關山,29,41302.193274969766,41.30219327496977
1418,臺南市下營區,開化里,中營242號,120.276,23.2181,臺南市下營區中營開化社區活動中心,中營里,50,水災,陳清化,06-6892494,是,否,是,True,新營,72,10572.732347853773,10.572732347853773
1419,臺南市將軍區,長沙里,長沙24-30號,120.095,23.2182,臺南市將軍區馬沙溝濱海活動中心,長沙里、平沙里,50,水災,謝四川,06-7931099,是,否,是,True,安南,87,22624.57479946837,22.62457479946837
1421,臺南市六甲區,大丘里,大丘園5號派出所旁,120.4369,23.2191,臺南市六甲區大丘里活動中心,大丘里,50,水災,李金村,06-6988386,是,否,否,True,新營,72,15546.923356498817,15.546923356498818
1422,花蓮縣卓溪鄉,古風村,崙天18號,121.2645,23.2192,古風國小,古風村崙天,100,"水災,土石流",黃印龍,03-8846058,是,否,是,True,關山,29,21956.585814049355,21.956585814049355
1423,臺南市將軍區,苓和里,苓和132號,120.161368,23.219838,臺南市將軍區苓和國小,長沙里、平沙里,300,"水災,震災,海嘯",邱河清,06-7942031,是,是,是,True,善化,85,18249.13838709533,18.24913838709533
1424,臺南市將軍區,苓和里,苓和132號,120.161368,23.219838,臺南市將軍區苓和國小,苓和里、保源里、仁和里、北埔里,300,"水災,震災,海嘯",邱河清,06-7942031,是,是,是,True,善化,85,18249.13838709533,18.24913838709533
1425,臺南市下營區,茅港里,茅港尾81-1號,120.2839,23.22,臺南市下營區中營地區民眾活動中心,茅港里,260,水災,馮朝義,06-6892622,是,否,是,True,新營,72,10078.554154101663,10.078554154101663
1426,花蓮縣卓溪鄉,古風村,1鄰20號,121.2649,23.2202,崙天社區活動中心,古風村崙天社區,50,"水災,土石流",林章成,03-8881852,是,否,是,True,關山,29,22073.41403516044,22.07341403516044
1427,臺南市將軍區,苓和里,苓和12-1號,120.1669,23.2206,臺南市將軍區苓和社區活動中心,苓和里,100,"水災,震災",黃銀澤,06-7942998,是,是,是,True,善化,85,17876.439602219514,17.876439602219513
1429,臺南市六甲區,七甲里,七甲街89巷2號,120.3454,23.2223,臺南市六甲區七甲龍湖聯合多功能活動中心,七甲里、龍湖里,100,水災,黃德明,06-6982032,是,否,是,True,新營,72,9667.571869726587,9.667571869726588
1430,臺南市將軍區,北埔里,北埔94號,120.1491,23.2224,臺南市將軍區北埔社區活動中心,北埔里,100,"水災,震災",侯許玉霞,06-7942968,是,是,是,True,善化,85,19400.300511263697,19.400300511263698
1431,臺東縣長濱鄉,寧埔村,16鄰9-3號,121.414327,23.223299,膽曼社區活動中心,寧埔村,100,"水災,震災,土石流,海嘯",陳萬順,089-801061,是,是,是,True,關山,29,32520.6540669114,32.5206540669114
1432,臺南市將軍區,仁和里,仁巷56號,120.1596,23.2239,臺南市將軍區巷口社區活動中心,仁和里,100,"水災,震災",謝武德,06-7940929,是,是,是,True,新營,72,18496.63839002689,18.496638390026888
1433,臺南市六甲區,六甲里,中正路319號,120.3503,23.2256,臺南市六甲區六甲國小,六甲里、甲南里,500,水災,陳志強,06-6982041,是,否,是,True,新營,72,9486.275003560591,9.486275003560591
1434,花蓮縣富里鄉,竹田村,1鄰東竹10號,121.2899,23.2261,新興竹田聯合社區活動中心,新興村,80,"水災,土石流",陳韋睿,03-8821423,是,否,是,True,關山,29,23948.84970932764,23.94884970932764
1435,臺南市六甲區,王爺里,番子坑19-1號黃萬枝旁,120.4002,23.2266,臺南市六甲區王爺里活動中心,王爺里,100,水災,蔡吉祥,06-6983591,是,否,是,True,新營,72,12191.539938179576,12.191539938179575
1436,臺南市六甲區,甲南里,珊瑚路17巷2-1號,120.3526,23.2267,臺南市六甲區甲南里活動中心,甲南里,100,水災,劉國賢,06-6982030,是,否,是,True,新營,72,9460.004930696623,9.460004930696623
1437,臺南市六甲區,六甲里,民權街43號,120.3489,23.2271,臺南市六甲區六甲國中,二甲里、龍湖里,400,水災,黃添勇,06-6892040,是,否,是,True,新營,72,9280.306891747918,9.280306891747918
1438,臺南市六甲區,二甲里,建工街266號,120.3461,23.2278,臺南市六甲區二甲里活動中心,二甲里,50,水災,林英慧,06-6982034,是,否,是,True,新營,72,9110.891961785672,9.110891961785672
1439,臺南市學甲區,慈福里,華宗路260號,120.1835,23.2279,臺南市學甲區東陽國小活動中心,新達里、新榮里,500,"水災,震災",蔡淑芬,06-7833322,是,是,是,True,新營,72,16167.365189198897,16.167365189198897
1440,臺南市六甲區,六甲里,信義街238巷14弄17號,120.3493,23.2295,臺南市六甲區六甲里活動中心,六甲里,200,"水災,震災",李鴻榮,06-6982028,是,是,是,True,新營,72,9046.450844777537,9.046450844777537
1441,臺南市學甲區,仁得里,建國路37-7號,120.181455,23.229895,學甲區綜合體育館,大灣里、三慶里,250,水災,吳桂芬,7832100#103,是,否,是,True,新營,72,16229.495069900719,16.229495069900718
1442,臺南市學甲區,仁得里,建國路36號,120.1822,23.2299,臺南市學甲藝文展示館,平和里,150,水災,李美蕙,06-7832100#106,是,否,否,True,新營,72,16163.997540832219,16.16399754083222
1444,臺南市學甲區,慈福里,民生路1號,120.1836,23.2312,臺南市學甲區慈福里活動中心,慈福里,90,水災,李新進,06-7821803,是,否,是,True,新營,72,15966.860734194785,15.966860734194784
1445,臺南市六甲區,甲東里,忠孝街215號,120.3553,23.2313,臺南市六甲區甲東里活動中心,甲東里,30,水災,顏党春,06-6982029,是,否,是,True,新營,72,9106.00993841336,9.10600993841336
1448,臺南市下營區,仁里里,中山路二段72號,120.2606,23.2322,臺南市下營區下營國小活動中心,仁里里,400,"水災,震災",楊銀發,06-6898129,是,是,是,True,新營,72,9986.430966037207,9.986430966037208
1450,臺南市六甲區,水林里,民族街269號,120.3466,23.2335,臺南市六甲區水林里活動中心,水林里,100,水災,李宗霖,06-6982035,是,否,是,True,新營,72,8534.006937046011,8.534006937046012
1451,臺南市下營區,大屯里,大屯寮23之2號,120.2388,23.2343,臺南市下營區大屯社區活動中心,大屯里,160,水災,李宗益,06-6892473,是,是,是,True,新營,72,11261.925347753424,11.261925347753424
1453,臺東縣長濱鄉,寧埔村,12鄰21-2號,121.413271,23.235256,烏石鼻社區活動中心,寧埔村,60,"水災,震災,土石流,海嘯",連聰忠,089-801029,是,是,是,True,關山,29,33256.12230273206,33.25612230273206
1454,臺南市六甲區,菁埔里,菁埔83號,120.3025,23.2359,臺南市六甲區菁埔里活動中心,菁埔里,150,水災,蔡清吉,06-6988803,是,否,是,True,新營,72,7868.5534293049195,7.868553429304919
1455,臺南市六甲區,中社里,中社351號,120.3258,23.237,臺南市六甲區中社里活動中心,中社里,100,水災,陳仙藏,06-6982118,是,否,是,True,新營,72,7650.820942991539,7.650820942991539
1456,臺南市學甲區,秀昌里,一秀30號,120.1745,23.2378,臺南市學甲區學甲國小體育館,秀昌里、豐和里,300,水災,蔡玉葉,06-7833220,是,否,是,True,新營,72,16423.94130776311,16.423941307763112
1458,臺南市下營區,新興里,中山路一段412號,120.2715,23.2387,臺南市下營區下營國中活動中心,新興里,550,"水災,震災",陳榮鴻,06-6897418,是,是,是,True,新營,72,8766.624274604585,8.766624274604585
1459,臺南市六甲區,中社里,中社240號,120.3257,23.239,臺南市六甲區林鳳國小,中社里、林鳳里,300,水災,林文榮,06-6983583,是,否,是,True,新營,72,7429.632677528954,7.4296326775289545
1460,高雄市桃源區,拉芙蘭里,南橫公路5段108號,120.8116,23.239,拉芙蘭里活動中心,拉芙蘭里,70,"水災,海嘯",里長高秀雄/里幹事李建和,0928134763/0987852551,是,否,是,True,關山,29,41811.21553574132,41.81121553574132
1461,臺南市下營區,後街里,大孝街1號,120.2625,23.2418,臺南市下營區下營地區民眾活動中心,後街里,200,水災,洪榮隆,06-6793101,是,是,是,True,新營,72,9019.4036129726,9.0194036129726
1462,臺東縣長濱鄉,寧埔村,10鄰41號,121.414152,23.244341,寧埔國民小學,寧埔村,140,"水災,震災,土石流,海嘯",校長 林龍泉,089-801082#221,是,是,是,True,關山,29,33970.0196562521,33.9700196562521
1464,臺東縣長濱鄉,寧埔村,10鄰15號,121.416268,23.244736,寧埔社區活動中心,寧埔村,120,"震災,土石流",林勝雄,089-801367,是,是,是,True,關山,29,34163.326190714644,34.16332619071464
1465,臺東縣長濱鄉,竹湖村,10鄰14號,121.416268,23.244736,竹湖國民小學,竹湖村,140,"水災,震災,土石流,海嘯",校長 廖允伶,089-831295#12,是,是,是,True,關山,29,34163.326190714644,34.16332619071464
1466,臺東縣長濱鄉,樟原村,1鄰7號,121.416268,23.244736,樟原國民小學,樟原村,140,"水災,震災,土石流,海嘯",校長 林克銘,089-881019,是,是,是,True,關山,29,34163.326190714644,34.16332619071464
1467,臺南市學甲區,光華里,中洲645號,120.1599,23.2451,臺南市學甲區中洲國小禮堂,中洲里、光華里,350,"水災,震災",馮郁元,06-7833214,是,是,是,True,新營,72,17438.61647742921,17.438616477429207
1468,臺南市下營區,紅厝里,紅毛厝57號,120.2671,23.2455,臺南市下營區紅厝社區活動中心,紅厝里,80,水災,顏榮泰,06-6899363,是,是,是,True,新營,72,8406.698060610359,8.406698060610358
1469,臺東縣長濱鄉,寧埔村,00鄰00號,121.413361,23.247318,光榮社區活動中心,寧埔村,100,"水災,震災,土石流,海嘯",張萬嬌,089-832139,是,是,是,True,關山,29,34123.69709592116,34.12369709592116
1470,高雄市那瑪夏區,瑪雅里,平和巷220號,120.7021,23.2478,高雄市那瑪夏區民權國民小學,瑪雅里,300,"水災,震災,土石流",瑪雅里長蔡運福,937492360,是,否,是,True,嘉義,84,35897.859052434454,35.897859052434455
1471,嘉義縣大埔鄉,西興村,菜瓜坪4號之2,120.5732,23.2491,西興村活動中心,大埔鄉西興村,32,土石流,西興村幹事,05-252131028,是,否,否,True,新營,72,26923.165596441857,26.92316559644186
1472,臺南市六甲區,龜港里,龜子港80巷38弄8號,120.3084,23.2499,臺南市六甲區龜港里活動中心,龜港里,100,水災,許聰茂,06-6982117,是,否,是,True,新營,72,6238.130365555531,6.238130365555532
1473,臺南市下營區,甲中里,十六甲29-1號,120.274,23.2504,臺南市下營區甲中里活動中心,甲中里,90,水災,顏財福,06-6891163,是,否,是,True,新營,72,7549.383348385433,7.549383348385433
1474,花蓮縣富里鄉,萬寧村,7鄰鎮寧100號,121.2982,23.251,萬寧社區活動中心,萬寧村,50,"水災,土石流",彭家玲,03-8861120,是,否,是,True,關山,29,26733.096891580968,26.733096891580967
1475,高雄市桃源區,拉芙蘭里,南橫公路五段440號,120.819366,23.252766,高雄市桃源區樟山國民小學,拉芙蘭里,393,"水災,震災",李建和,07-6861132,是,否,否,True,關山,29,41945.36610359936,41.945366103599355
1476,臺東縣長濱鄉,寧埔村,35號,121.418162,23.253252,八桑安社區社活動中心,寧埔村,110,"水災,震災,土石流,海嘯",李俊雄,089-801571,是,是,是,True,關山,29,34925.89910125649,34.92589910125649
1477,臺南市下營區,賀建里,麻豆寮49號,120.2969,23.2541,臺南市下營區賀建國小活動中心,賀建里,200,水災,柯玉堂,06-6791890,是,是,是,True,新營,72,6074.848514714114,6.074848514714113
1478,臺南市鹽水區,南港里,南港202號,120.2498,23.2557,臺南市鹽水區?頭港國小,河南里、南港里、大豐里、下林里,250,"水災,震災",關向君,06-6892014,否,是,是,True,新營,72,8842.847363864565,8.842847363864564
1479,臺南市柳營區,神農里,神農284-5號,120.3672,23.2571,臺南市柳營區果毅後多功活動中心廣場,果毅里、神農里（地震）,100,震災,劉忠正,06-6221245,否,是,是,True,新營,72,7416.229026203593,7.4162290262035935
1480,臺南市柳營區,神農里,神農284-5號,120.3672,23.2571,臺南市柳營區果毅後多功活動中心,旭山里、果毅里、神農里,100,"水災,震災",劉忠正,06-6221245,是,否,是,True,新營,72,7416.229026203593,7.4162290262035935
1481,臺南市柳營區,果毅里,果毅61號,120.3719,23.2577,臺南市柳營區果毅國小運動場,旭山里、果毅里、神農里（地震）,600,震災,周明毅,06-6231310,否,是,是,True,新營,72,7709.4623119370135,7.709462311937013
1482,臺南市新營區,鐵線里,鐵線1號,120.2684,23.2649,臺南市新營區新橋國民小學,鐵線里、五興里,650,"水災,震災",洪千賀,06-6581343#12,是,是,是,True,新營,72,6732.251518383364,6.7322515183833636
1484,臺南市東山區,水雲里,水雲29號,120.4183,23.2667,臺南市東山區水雲活動中心,水雲里,40,水災,陳福松,06-6230315,是,否,是,True,新營,72,11200.53524936145,11.20053524936145
1485,臺南市柳營區,士林里,柳營路一段755號,120.310478,23.266707,臺南市柳營區柳營國小運動場,人和里、八翁里、士林里、光福里、東昇里、中埕里,400,震災,張菁?,06-6222124,否,是,是,True,新營,72,4366.122091412429,4.366122091412429
1486,臺南市鹽水區,竹埔里,竹子92-1號,120.2462,23.267,臺南市鹽水區竹埔國小,竹埔里、桐寮里、飯店里,280,"水災,震災",邱健一,06-6551001,否,是,是,True,新營,72,8434.223021994505,8.434223021994505
1487,花蓮縣富里鄉,東里村,1鄰福安路6-1號,121.3052,23.2673,東里社區活動中心,東里村,50,"水災,土石流",廖維正,03-8861165,是,否,是,True,關山,29,28648.324599890497,28.648324599890497
1489,臺南市北門區,北門里,66號,120.1213,23.2707,臺南市北門區老人文康活動中心,北門里、永隆里、永華里,280,"水災,震災,海嘯",洪昇賢,06-7862001,是,是,是,True,新營,72,20415.870258305586,20.415870258305585
1490,嘉義市西區,劉厝里,劉厝131號,120.250364,23.274909,劉厝社區活動中心,劉厝里,30,,謝明祥,2366576,否,否,否,True,新營,72,7641.6429299890915,7.641642929989091
1491,臺南市新營區,姑爺里,姑爺52號,120.2589,23.2752,臺南市新營區新生國民小學,姑爺里,550,"水災,震災",陳今屏,06-6552524#12,是,是,是,True,新營,72,6854.856619428495,6.854856619428495
1492,嘉義市西區,福民里,新民路601號,120.262468,23.27536,民生國民中學,福民里,1192,"水災,震災,土石流,海嘯,核子事故",陳明君校長,05-2855331,是,是,是,True,新營,72,6530.362909644467,6.5303629096444675
1493,臺南市東山區,南溪里,南溪14-11號,120.399,23.2754,臺南市東山區南溪活動中心,南溪里,40,水災,洪志忠,06-6232983,是,否,是,True,新營,72,9008.099003587049,9.008099003587049
1494,臺東縣長濱鄉,竹湖村,17鄰34號,121.421409,23.275404,南竹湖社活動中心,竹湖村,80,"水災,震災,土石流",胡梅花,089-831471,是,是,是,True,關山,29,36828.98318676336,36.82898318676336
1495,花蓮縣玉里鎮,長良里,長良143-1號,121.2878,23.2768,長良社區活動中心,長良里,20,"水災,土石流",吳光玉,03-8801450,是,否,否,True,關山,29,28714.037499025228,28.714037499025228
1496,臺南市柳營區,士林里,柳營路二段59號,120.3124,23.2773,臺南市柳營區圖書館,人和里、八翁里、士林里、光福里、東昇里、中埕里,50,"水災,震災",王美華,06-6221245,是,否,是,True,新營,72,3176.6858561339627,3.176685856133963
1498,臺南市柳營區,東昇里,中山西路二段19巷35號,120.3178,23.2775,臺南市柳營區柳營聯合活動中心,光福里、東昇里、中埕里、太康里,200,"水災,震災",鄭麗華,06-6223577,是,否,是,True,新營,72,3116.0603485653037,3.116060348565304
1499,臺南市柳營區,東昇里,中山西路二段19巷35號,120.3178,23.2775,臺南市柳營區聯合活動中心廣場,光福里、東昇里、中埕里（地震）,300,震災,鄭麗華,06-6221245,否,是,否,True,新營,72,3116.0603485653037,3.116060348565304
1500,花蓮縣卓溪鄉,卓清村,1鄰13號,121.2725,23.2775,清水社區活動中心,卓清村清水,50,"水災,土石流",劉筠捷,03-8885593,是,否,是,True,關山,29,28116.78676194243,28.11678676194243
1501,花蓮縣富里鄉,吳江村,6鄰吳江65-3號,121.3227,23.2787,吳江社區活動中心,吳江村,70,"水災,土石流",彭家玲,03-8861180,是,否,是,True,關山,29,30662.87802530782,30.66287802530782
1502,臺南市東山區,青山里,青山31-1號,120.4682,23.279,臺南市東山區青山活動中心,青山里,50,水災,李正才,06-6861658,是,否,是,True,新營,72,15720.598735940877,15.720598735940877
1503,臺南市柳營區,東昇里,東昇563號,120.3315,23.2794,臺南市柳營區柳營國中運動場,太康里、光福里、東昇里、中程里（地震）,600,震災,周憲章校長,06-6223209,否,是,是,True,新營,72,3250.34797360339,3.25034797360339
1505,臺南市東山區,高原里,2鄰高原14-2號,120.4703,23.2808,臺南市東山區高原活動中心,高原里,165,水災,鄭宗仁,06-6803077,是,否,是,True,新營,72,15895.85298210651,15.89585298210651
1506,臺東縣長濱鄉,竹湖村,11鄰43-3號,121.4262,23.282134,竹湖活動中心,竹湖村,70,"水災,震災,土石流,海嘯",陳武雄,089-831327,是,是,是,True,關山,29,37699.02699762937,37.699026997629375
1507,臺南市東山區,東原里,東原8號,120.4397,23.2828,臺南市東山區東原老人活動中心,東原里、林安里、嶺南里、南勢里、青山里、高原里,150,"水災,土石流",葉孟亮,06-6861310,是,否,是,True,新營,72,12778.558261868735,12.778558261868735
1508,嘉義市西區,大溪里,大溪厝路593附1號,120.241078,23.285036,大溪社區活動中心,大溪里,50,水災,王章哲,2850878,否,否,否,True,新營,72,8119.003226302782,8.119003226302782
1509,臺南市柳營區,重溪里,重溪1號,120.3641,23.2859,臺南市柳營區重溪國小運動場,重溪里、篤農里、大農里（地震）,600,震災,姜文通,06-6231824,否,是,是,True,新營,72,5267.165071230005,5.267165071230005
1512,臺南市新營區,太南里,太南316號,120.2761,23.2867,臺南市新營區新興國民小學,太南里、舊?里,300,"水災,震災",林佳慧,06-6523779#13,是,是,是,True,新營,72,4702.679920375248,4.702679920375248
1514,臺南市柳營區,篤農里,篤農226-1號,120.368,23.2902,臺南市柳營區小腳腿多功活動中心廣場,重溪里、篤農里、大農里（地震）,100,震災,謝沂秦,06-6221245,否,是,是,True,新營,72,5465.403327651138,5.4654033276511385
1515,臺南市柳營區,篤農里,篤農226-1號,120.368,23.2902,臺南市柳營區小腳腿多功活動中心,重溪里、篤農里、大農里、旭山里,200,"水災,震災",謝沂秦,06-6221245,是,否,是,True,新營,72,5465.403327651138,5.4654033276511385
1516,臺南市柳營區,太康里,太康4-1號,120.3294,23.2904,臺南市柳營區太康國小運動場,人和里、太康里（地震）,200,震災,魏稚恩,06-6220684,否,是,是,True,新營,72,2095.3511282410323,2.0953511282410324
1517,臺南市新營區,太北里,太北140之21號,120.2721,23.2913,臺南市新營區太子國民中學,角帶里,400,"水災,震災",方玠仁,06-6524762,是,是,是,True,新營,72,4883.640229443892,4.883640229443892
1518,臺南市鹽水區,歡雅里,歡雅31號,120.2434,23.2923,臺南市鹽水區歡雅國小,田寮里、歡雅里、大莊里,100,"水災,震災",黃秋月,06-6552558,是,是,是,True,新營,72,7697.214094016456,7.697214094016457
1519,嘉義縣大埔鄉,茄苳村,茄苳村竹圍仔5號,120.591,23.2933,大埔國中小國中室內,茄苳村,137,"水災,震災,土石流",總務主任,05-2521014-203,是,否,否,True,嘉義,84,24391.765673966085,24.391765673966084
1520,嘉義縣大埔鄉,茄苳村,茄苳村竹圍仔5號,120.591,23.2933,大埔國中小國中室外,茄苳村,200,震災,總務主任,05-2521334,否,是,否,True,嘉義,84,24391.765673966085,24.391765673966084
1521,嘉義縣大埔鄉,茄苳村,8鄰坪林24號,120.5857,23.2934,大埔國中小坪林分校-室內,茄苳村,54,"水災,土石流",茄苳村幹事,05-2521310轉28,是,否,否,True,嘉義,84,24046.691015718767,24.046691015718768
1522,嘉義縣大埔鄉,茄苳村,茄苳村竹圍仔38之1號,120.5902,23.2938,茄苳活動中心,茄苳村,34,水災,茄苳村幹事,05-2521024-103,是,否,否,True,嘉義,84,24297.332330120345,24.297332330120344
1523,嘉義縣大埔鄉,大埔村,大埔村57號,120.5917,23.2944,大埔國中小國小室內,大埔村,50,"水災,土石流",總務主任,05-2521024,是,否,否,True,嘉義,84,24342.157111155528,24.342157111155526
1524,嘉義縣大埔鄉,大埔村,大埔村57號,120.5917,23.2944,大埔國中小國小室外,大埔村,200,震災,總務主任,05-2521310轉29,否,是,否,True,嘉義,84,24342.157111155528,24.342157111155526
1525,臺南市東山區,東河里,2鄰東河16-1號,120.3857,23.2945,臺南市東山區東河活動中心,東河里,70,水災,吳火生,06-6232966,是,否,是,True,新營,72,7109.45977414233,7.10945977414233
1526,嘉義縣大埔鄉,大埔村,607嘉義縣大埔鄉53之2號,120.5932,23.2949,大埔圖書館,大埔村,20,水災,黃金菊,05-2521310轉36,是,否,否,True,嘉義,84,24396.585866880952,24.39658586688095
1527,臺南市新營區,太北里,太子宮45-2號、45-9號,120.2743,23.2955,臺南市新營區太子爺廟香客大樓,嘉芳里、太北里,150,"水災,震災",曾文貞,06-6524038,是,是,是,True,新營,72,4534.425615131018,4.534425615131019
1528,花蓮縣卓溪鄉,卓清村,12鄰18號,121.2703,23.2956,卓樂社區活動中心,卓清村卓樂社區,50,"水災,土石流",劉筠捷,03-8885593,是,否,是,True,關山,29,29877.69097755889,29.877690977558892
1529,臺東縣長濱鄉,竹湖村,2鄰永福26-2號,121.434067,23.296186,永福社區活動中心,竹湖村,140,"水災,震災,土石流,海嘯",蔡利木,089-831930,是,是,是,True,關山,29,39363.598547371425,39.363598547371424
1530,嘉義縣阿里山鄉,茶山村,3鄰47號,120.666773,23.298248,茶山國小室內,茶山村,30,"水災,震災",吳世全,05-2513014,是,是,否,True,嘉義,84,29522.522209226427,29.522522209226427
1532,臺南市新營區,南興里,建業路191號,120.298,23.299,臺南市新營區南梓國民小學,南興里、南紙里,700,"水災,震災",林志展,06-6562904,是,是,是,True,新營,72,2101.6157642216604,2.1016157642216604
1534,臺南市鹽水區,舊營里,舊營117號,120.25746,23.299369,臺南市鹽水區仁光國小,舊營里、桐寮里,220,"水災,震災",陳岳男,06-6523620,是,是,是,True,新營,72,6155.08430934351,6.1550843093435095
1535,臺南市新營區,興業里,公誠街5號,120.3189,23.3036,臺南市新營區公誠國民小學,永生里、興業里、興安里、中營里,650,"水災,震災",陳桂霖,06-6323071#804,是,是,是,True,新營,72,281.37791787006836,0.2813779178700684
1536,臺南市新營區,延平里,公園路一段136號,120.3063,23.3052,臺南市新營區新民國民小學,民榮里、好平里、延平里、新南里,500,"水災,震災",王秋雅,06-6562152#204,是,是,是,True,新營,72,1121.062720074402,1.121062720074402
1537,臺南市新營區,民權里,中正路4號,120.3165,23.3062,臺南市新營區新營國民小學,民權里,1150,"水災,震災",黃明漢,06-6320374,是,是,是,True,新營,72,99.1358768853743,0.0991358768853743
1538,嘉義縣義竹鄉,西過村,279號,120.2082,23.3064,過路國小-室內,東過 西過 官順 官和,30,水災,謝桐偉校長,05-3437884,是,否,否,True,新營,72,11154.713403444188,11.154713403444187
1539,嘉義縣義竹鄉,西過村,279號,120.2082,23.3064,過路國小-室外,東過、西過、官和、官順,300,震災,謝桐偉,3420104,否,是,否,True,新營,72,11154.713403444188,11.154713403444187
1540,嘉義縣義竹鄉,官順村,356號,120.1817,23.3067,和順國小-室外,官和 官順,200,震災,張文良校長,3427394,否,是,否,True,新營,72,13865.517779472617,13.865517779472617
1542,臺南市新營區,大宏里,民族路21-62號,120.3181,23.3085,臺南市新營區大宏王公社區活動中心,大宏里,150,水災,王瑞和,06-6373770,是,否,是,True,新營,72,329.1914150234406,0.32919141502344057
1543,臺南市新營區,民生里,民治路65號,120.3088,23.3092,臺南市新營區南新國民中學,三仙里、民生里、新北里,1450,"水災,震災",沈志衿,06-6563129#15,是,是,是,True,新營,72,950.3005887063961,0.9503005887063961
1544,臺南市白河區,六溪里,六溪26號,120.4595,23.3092,河東國小六溪分校,六溪里,112,"水災,土石流",蔡育諭,06-6852442,是,否,是,True,新營,72,14555.207551161866,14.555207551161866
1545,臺南市東山區,聖賢里,19鄰聖賢50-4號,120.3472,23.3096,臺南市東山區聖賢里頂田活動中心,聖賢里,72,水災,林俊儀,06-6331119,是,否,是,True,新營,72,3094.7588116808574,3.0947588116808573
1547,臺東縣長濱鄉,長濱村,15鄰180號,121.458956,23.314728,長濱國中,長濱村,140,"水災,震災,土石流,海嘯",校長王中興,089-831017,是,是,是,True,關山,29,42617.696224842904,42.6176962248429
1548,臺南市新營區,忠政里,中正路41號,120.3164,23.315,臺南市新營區新進國民小學,忠政里、埤寮里、護鎮里,850,"水災,震災",許坤鎮,06-6322378#103,是,是,是,True,新營,72,1040.9756691974924,1.0409756691974923
1549,嘉義縣大埔鄉,永樂村,4鄰埔頂13-1號,120.5801,23.3156,埔頂集會所,永樂村,17,"水災,土石流",永樂村幹事,05-2521310轉28,是,否,否,True,嘉義,84,21779.776920613982,21.779776920613983
1550,臺南市新營區,新東里,東學路77號,120.3273,23.3161,臺南市新營區新泰國民小學,新東里,300,"水災,震災",林佳惠,06-6330496#804,是,是,是,True,新營,72,1549.2880475449113,1.5492880475449113
1551,臺南市東山區,東中里,青葉路一段132號,120.4031,23.3166,臺南市東山區東山國中,全區,1000,"水災,震災",黃旭陽,06-6802175,是,是,是,True,新營,72,8864.44076085606,8.86444076085606
1552,臺南市鹽水區,橋南里,月津路16號,120.2663,23.3168,臺南市鹽水區月津國小,橋南里、舊營里、岸內里、孫厝里、桐寮里,770,"水災,震災",楊淑敏,06-6521113,是,是,是,True,新營,72,5356.0160107697975,5.356016010769798
1554,臺南市鹽水區,橋南里,治水路254-1號,120.2635,23.3179,臺南市鹽水區老人文康中心,後宅里、水正里、下中里,150,水災,楊晴如,06-6521038#115,是,否,是,True,新營,72,5663.017468722313,5.663017468722313
1555,花蓮縣玉里鎮,樂合里,樂合65-5號,121.345,23.3183,樂合社區活動中心,樂合里,35,"水災,土石流",陳阿洲,03-8887126,是,否,否,True,關山,29,35589.53568309174,35.58953568309174
1557,臺南市新營區,土庫里,土庫71之1號,120.3452,23.3197,臺南市新營區土庫國民小學,土庫里,300,震災,蕭彥鈞,06-6362323#112,否,是,是,True,新營,72,3255.6481396803183,3.2556481396803183
1558,臺南市鹽水區,中境里,三福路63號,120.2631,23.3213,臺南市鹽水區鹽水國中,武廟里、岸內里、中境里、水仙里,530,"水災,震災",方崑合,06-6521075,是,是,是,True,新營,72,5803.906210718946,5.803906210718946
1559,花蓮縣玉里鎮,源城里,水源57-1號,121.3004,23.3219,源城社區活動中心,源城里,35,"水災,土石流",徐永成,03-8889333,是,否,否,True,關山,29,33772.626627335325,33.77262662733533
1560,臺南市鹽水區,水秀里,朝琴路137號,120.2707,23.3226,臺南市鹽水區鹽水國小,汫水里、水秀里、福得里、岸內里、三生里,390,"水災,震災",盧彥賓,06-6521046,是,是,是,True,新營,72,5118.505848250153,5.118505848250153
1561,臺南市東山區,東中里,青葉路二段49號,120.4048,23.3234,臺南市東山區東山國小,全區,800,"水災,震災",蔡青?,06-6802274,是,是,是,True,新營,72,9168.114660883233,9.168114660883234
1563,臺東縣長濱鄉,三間村,2鄰12號,121.439437,23.32597,真柄社區活動中心,三間村,100,"水災,震災,土石流,海嘯",高志偉,089-831567,是,是,是,True,關山,29,42125.485021628665,42.12548502162866
1565,臺南市後壁區,福安里,福安170-2號,120.3567,23.3288,臺南市後壁區福安社區活動中心,福安里,45,水災,廖國龍,06-6872284#303,是,否,是,True,新營,72,4781.43550973184,4.78143550973184
1566,臺東縣長濱鄉,長濱村,24鄰長光105-1號,121.461868,23.329484,長光社區活動中心,長濱村,110,"水災,震災,土石流,海嘯",高德勝,089-831923,是,是,是,True,關山,29,43984.5414722047,43.9845414722047
1567,臺南市鹽水區,岸內里,新岸內96號,120.2609,23.3295,臺南市鹽水區岸內國小,義稠里、下中里,50,"水災,震災",蘇淑娟,06-6524651,是,否,是,True,新營,72,6340.529085798225,6.3405290857982255
1568,嘉義縣布袋鎮,新民里,新塭374號,120.1606,23.3303,新塭國小-室內,新民里,193,水災,周姿吟,05-3431064,是,否,否,True,新營,72,16253.108539209656,16.253108539209656
1569,嘉義縣布袋鎮,新民里,新塭374號,120.160148,23.330464,新塭國小-室外,新民里、復興里,1139,震災,謝燕慧,05-3431064,否,是,否,True,新營,72,16301.72748603316,16.30172748603316
1570,臺南市白河區,關嶺里,關嶺94之3號,120.5074,23.3307,仙草國小關嶺分校,關嶺里,1033,震災,黃萍靖,06-6822317,否,是,是,True,嘉義,84,16315.13237581623,16.31513237581623
1571,臺東縣長濱鄉,忠勇村,58號,121.43699,23.331466,忠勇國小,忠勇村,130,"水災,震災,土石流",潘金枝,089-832412,是,是,是,True,關山,29,42409.732259950375,42.409732259950374
1572,臺南市後壁區,長安里,長安105-1號,120.3564,23.3323,臺南市後壁區長安社區活動中心,長安里,50,水災,黃秀梅,06-6872284#303,是,否,是,True,新營,72,4975.3545898142,4.9753545898142
1573,臺南市後壁區,頂安里,頂安91-1號,120.3525,23.3327,臺南市後壁區頂安社區活動中心,頂安里,150,水災,林丁和,06-6872284#303,是,否,是,True,新營,72,4688.557114027374,4.6885571140273745
1574,嘉義縣義竹鄉,仁里村,333-1號,120.241899,23.33444,義竹鄉老人文康中心,"全鄉,",50,水災,顏蔡鄉長淑惠,05-3412001,是,否,否,True,新營,72,8340.807547946473,8.340807547946474
1575,臺南市後壁區,烏樹里,烏樹78號,120.3777,23.3347,臺南市後壁區烏樹社區活動中心,烏樹里,20,"水災,震災",詹國鐘,06-6872284#303,是,是,是,True,新營,72,6970.301535359445,6.970301535359445
1578,臺南市白河區,大林里,檨子林20之16號,120.4412,23.3357,大林社區活動中心,大林里,65,"水災,土石流",曾遠增,06-6858659,是,否,是,True,新營,72,13106.817092148414,13.106817092148415
1580,嘉義縣義竹鄉,六桂村,208號,120.2456,23.3359,義竹國小中正堂,全鄉,250,震災,顏蔡鄉長淑惠,05-3412001,否,是,否,True,新營,72,8058.24173388355,8.05824173388355
1581,嘉義縣義竹鄉,六桂村,208號,120.2456,23.3359,義竹國小-室外,全鄉,1000,震災,林校長曜輝,05-3412025,否,是,否,True,新營,72,8058.24173388355,8.05824173388355
1582,嘉義縣義竹鄉,平溪村,1號,120.2463,23.3368,南興國小東華分校-室內,後鎮 平溪 新店 北華,40,水災,蔡志榮校長,05-3427394,是,否,否,True,新營,72,8035.475378576275,8.035475378576274
1583,嘉義縣義竹鄉,平溪村,1號,120.2463,23.3368,南興國小東華分校-室外,後鎮 平溪 新店 北華,100,震災,蔡校長志榮,05-3426194,否,是,否,True,新營,72,8035.475378576275,8.035475378576274
1585,嘉義縣布袋鎮,好美里,虎尾寮106號,120.13813,23.337005,好美國小-室外,好美里,856,震災,蔡旭宮,05-3431524,否,是,否,True,朴子,66,18105.07564698219,18.10507564698219
1586,嘉義縣布袋鎮,好美里,虎尾寮106號,120.1379,23.3373,好美國小-室內,好美里,45,水災,蔡旭宮,05-3431524,是,否,否,True,朴子,66,18094.01107429989,18.094011074299893
1588,嘉義縣阿里山鄉,新美村,4鄰78號,120.683345,23.337733,新美國小室內,新美村,160,"水災,震災",林坤杉,05-2513015,是,是,否,True,嘉義,84,28464.342470857264,28.464342470857265
1589,花蓮縣玉里鎮,東豐里,東豐石岡32之1號,121.3399,23.3389,東豐社區活動中心,東豐里,25,"水災,土石流",黎煥發,03-8883720,是,否,否,True,關山,29,37289.49218367205,37.28949218367205
1590,嘉義縣義竹鄉,新店村,77號,120.1928,23.3408,南興國小-室外,新店 北華 平溪,240,震災,蔡志榮校長,05-3412025,否,是,否,True,新營,72,13310.503944940283,13.310503944940283
1591,嘉義縣布袋鎮,新岑里,郭岑寮7號之26,120.171569,23.340872,新岑社區活動中心,新岑里,62,水災,蔡裕閔,911779708,是,否,否,True,新營,72,15402.012696726919,15.402012696726919
1592,臺南市後壁區,竹新里,竹新33號,120.3013,23.3422,臺南市後壁區新厝活動中心,竹新里、新厝里,40,"水災,震災",王虎雄,06-6872284,是,是,是,True,新營,72,4365.788961004571,4.365788961004571
1593,嘉義縣義竹鄉,岸腳村,59-2號,120.24985,23.34264,義竹國中-室外,岸腳 義竹 仁里 六桂 傳芳,1000,震災,曾崇賢,05-3412025,否,是,否,True,新營,72,8019.49096389136,8.019490963891359
1594,嘉義縣布袋鎮,新岑里,郭岑寮4號,120.174442,23.34271,新岑國小-室外,新岑里,134,震災,謝貞如,05-3431525,否,是,否,True,新營,72,15171.669580076908,15.171669580076909
1595,臺南市後壁區,竹新里,竹新106號,120.3023,23.3433,臺南市後壁區竹新社區活動中心,竹新里,70,水災,王虎雄,06-6872284#303,是,否,是,True,新營,72,4442.787557608477,4.442787557608477
1596,臺南市白河區,仙草里,仙草22號,120.4738,23.3439,仙草國小,仙草里,166,"水災,土石流",呂郁靜,06-6854144,是,否,是,True,嘉義,84,13793.621351833204,13.793621351833204
1597,臺南市白河區,河東里,河東83-1號,120.4378,23.3443,河東國小,河東里、大林里、虎山里、崁頭里,405,震災,蕭敏華,06-6852527,是,是,是,True,新營,72,13051.171332924476,13.051171332924476
1598,臺南市後壁區,新嘉里,新嘉210-2號,120.316,23.3444,臺南市後壁區新嘉國小,新嘉里,400,"水災,震災",林良駿,06-6621981,是,是,是,True,新營,72,4295.122589319024,4.295122589319024
1599,臺南市白河區,仙草里,仙草埔7之5號,120.4734,23.3449,仙草社區活動中心,仙草里,30,"水災,土石流",謝麗玫,06-6831963,是,否,是,True,嘉義,84,13676.291775226096,13.676291775226096
1600,臺南市白河區,河東里,糞箕湖80之19號,120.4365,23.3456,河東農村社區活動中心,河東里、大林里、虎山里、崁頭里,200,"水災,土石流",吳明凱,06-6830453,是,否,是,True,新營,72,12974.00413204745,12.974004132047451
1601,花蓮縣卓溪鄉,卓溪村,7鄰73號,121.3038,23.3457,卓溪多功能活動中心,卓溪村,50,"水災,土石流",施慧玉,03-8980525,是,否,否,True,關山,29,36318.98675363335,36.31898675363335
1602,臺南市後壁區,嘉苳里,嘉苳67-2號,120.3637,23.351,臺南市後壁區嘉苳社區活動中心,嘉苳里,120,水災,林虔彪,06-6872284#303,是,否,是,True,新營,72,6914.311714783039,6.914311714783039
1604,臺南市白河區,永安里,三民路448號,120.4157,23.351,白河國小,白河里、永安里、秀祐里、外角里,200,"水災,土石流",董勝雄,06-6852177,是,否,是,True,新營,72,11252.191680957993,11.252191680957992
1605,臺南市白河區,永安里,新興路528號,120.4164,23.3527,白河商工,白河里、永安里、秀祐里、外角里,265,"水災,土石流",邱進興,06-6852054,是,否,是,True,新營,72,11401.065885384023,11.401065885384023
1606,臺南市後壁區,仕安里,仕安72號,120.32,23.3539,臺南市後壁區仕安社區活動中心,仕安里,200,"水災,震災",廖育諒,06-6872284#303,是,是,是,True,新營,72,5352.6840740758435,5.352684074075843
1607,臺東縣長濱鄉,長濱村,7鄰48號,121.469004,23.355514,長濱鄉老人會館,長濱村,80,"水災,土石流,海嘯",石晶瑩,089-832596,否,否,否,True,關山,29,46580.22491296435,46.580224912964354
1608,臺東縣長濱鄉,三間村,7鄰16號,121.467768,23.35573,三間國民小學,三間村,110,"水災,震災,土石流,海嘯",校長李秀琴,089-831306#204,是,是,是,True,關山,29,46512.61211680472,46.51261211680472
1609,嘉義縣中埔鄉,石?村,石?村藤寮54號,120.5413,23.3558,中山藤寮分校童軍營區前排教室-室內,石?村,50,土石流,李崇傑,05-2531684,是,否,否,True,嘉義,84,15817.91742062831,15.81791742062831
1610,嘉義縣番路鄉,草山村,永興22號,120.5914,23.3566,大埔國小永興分校舊校址-室內,草山村,22,土石流,鄭永章,05-2931013,是,否,否,True,嘉義,84,19468.056583673373,19.468056583673373
1611,嘉義縣布袋鎮,光復里,六棟寮40號,120.1809,23.3595,布袋國中-室內,光復里,187,水災,張智雄,05-3472044,是,否,否,True,朴子,66,13573.899317558617,13.573899317558617
1612,嘉義縣布袋鎮,光復里,六棟寮40號,120.1809,23.3595,布袋國中-室外,光復里、永安里,424,震災,邵冰瑩,05-3472044,否,是,否,True,朴子,66,13573.899317558617,13.573899317558617
1613,澎湖縣望安鄉,西安村,西安村36-1號,119.496973,23.361206,望安鄉多功能活動中心,望安鄉,150,,歐金星,06-9991311,否,否,否,True,馬公,61,24081.942068009354,24.081942068009354
1614,臺南市白河區,昇安里,三間厝220號,120.4239,23.3614,白河國中,昇安里、庄內里,250,"水災,土石流",于淑英,06-6852067,是,否,是,True,嘉義,84,11585.02854562251,11.58502854562251
1615,嘉義縣中埔鄉,隆興村,2鄰8號,120.5476,23.3627,社口國小 室外,隆興村、社口村,50,土石流,朱家輝,05-2531094#113,是,否,否,True,嘉義,84,15681.924986832892,15.681924986832891
1616,臺南市後壁區,平安里,平安58-5號,120.3334,23.3632,臺南市後壁區平安社區活動中心,平安里,70,水災,廖春旗,06-6622190,是,否,是,True,新營,72,6585.661874582797,6.585661874582797
1618,臺南市後壁區,頂長里,長短樹58號,120.3293,23.3659,臺南市後壁區頂長社區活動中心,頂長里,40,水災,蕭國瑞,06-6872284#303,是,否,是,True,新營,72,6787.025279924257,6.787025279924257
1619,彰化縣二林鎮,西平里,莊敬街26號,120.366378,23.366378,西平社區活動中心,本里,18,"水災,土石流,海嘯",蘇國雄,48960778,否,否,否,True,新營,72,8396.097357102908,8.396097357102908
1620,彰化縣二林鎮,香田里,儒林路10-1號,120.366378,23.366378,香田國小,香田里,60,"水災,震災,土石流,海嘯",陳麗梅,48967708,否,否,否,True,新營,72,8396.097357102908,8.396097357102908
1621,彰化縣二林鎮,中西里,中三路1號,120.366378,23.366378,中西社區活動中心,本李,60,"水災,土石流,海嘯",洪正男,48967561,否,否,否,True,新營,72,8396.097357102908,8.396097357102908
1622,彰化縣二林鎮,廣興里,廣興巷2-1號,120.366378,23.366378,廣興國小,廣興里,75,"水災,震災,土石流,海嘯",詹金水,48955009,否,否,否,True,新營,72,8396.097357102908,8.396097357102908
1623,彰化縣二林鎮,北平里,明德街249號,120.366378,23.366378,老人文康活動中心,本李,303,"水災,土石流,海嘯",陳凱偉,48961008,否,否,否,True,新營,72,8396.097357102908,8.396097357102908
1624,臺南市後壁區,後壁里,後壁193號,120.3664,23.3673,臺南市後壁區後壁侯伯社區活動中心,後壁里、侯伯里,150,水災,陳志成,06-6872284#303,是,否,是,True,新營,72,8479.450291926465,8.479450291926465
1625,臺南市白河區,大竹里,大竹3號,120.4127,23.3683,大竹國小,大竹里,30,"水災,土石流",林正忠,06-6852508,是,否,是,True,嘉義,84,11075.667564308547,11.075667564308548
1626,嘉義縣中埔鄉,金蘭村,金蘭村頂山門25號,120.509,23.3703,頂六國小活動中心-室內,金蘭村,100,土石流,黎萬元,05-2394042,是,否,否,True,嘉義,84,12546.278687016917,12.546278687016917
1627,嘉義縣中埔鄉,中埔村,中正路1號,120.509,23.3703,中埔國小-室外,中埔村、頂埔村、龍門村、??村,2500,震災,葉淑欣,05-2531003,否,是,否,True,嘉義,84,12546.278687016917,12.546278687016917
1628,嘉義縣中埔鄉,中埔村,中埔村177號,120.4975,23.3707,中埔國中活動中心-室內,中埔村,500,土石流,何玉翔,05-2531002,是,否,否,True,嘉義,84,11899.196597042637,11.899196597042637
1629,臺南市後壁區,新嘉里,新嘉172號,120.3103,23.3721,臺南市後壁區新嘉社區活動中心,新嘉里,55,水災,張細雲,06-6872284#303,是,否,是,True,新營,72,7395.081278685932,7.395081278685932
1630,臺南市後壁區,仕安里,仕安81號,120.3095,23.3727,臺南市後壁區新東國小,仕安里,400,"水災,震災",林秋美,06-6320902,是,是,是,True,新營,72,7469.460282146145,7.469460282146145
1631,臺南市後壁區,土溝里,土溝56-18號,120.3872,23.3734,臺南市後壁區土溝社區活動中心,土溝里,150,水災,林木己,06-6872284#303,是,否,是,True,新營,72,10367.634983852528,10.367634983852527
1632,嘉義縣鹿草鄉,光潭村,196號,120.28601,23.373691,下潭國小室外,光潭村,250,震災,謝為任,05-3651544-10,否,是,否,True,新營,72,8186.138813065043,8.186138813065043
1633,嘉義縣番路鄉,草山村,22號,120.6371,23.3745,隙頂國小草山分校舊校址-室內,草山村,22,土石流,劉宏基,05-2586331,是,否,否,True,嘉義,84,22372.887812275214,22.372887812275213
1634,嘉義縣鹿草鄉,光潭村,196號,120.286841,23.374584,下潭社區活動中心,本鄉,180,水災,郭海南,05-3651326,是,否,否,True,新營,72,8244.853581688842,8.244853581688842
1635,臺南市白河區,竹門里,竹門113號,120.445,23.3766,竹門國小,竹門里、汴頭里、崎內里,95,"水災,土石流",李雯智,06-6851290,是,否,是,True,嘉義,84,9772.704529613657,9.772704529613657
1636,嘉義縣布袋鎮,岱江里,環河街1號,120.1565,23.3773,九江社區活動中心,岱江里,49,水災,黃水上,05-3475835,是,否,否,True,朴子,66,13498.825459634221,13.49882545963422
1637,臺南市後壁區,菁寮里,菁寮77號,120.3351,23.3785,臺南市後壁區菁寮墨林社區活動中心,菁寮里,100,水災,楊端立,06-6872284#303,是,否,是,True,新營,72,8273.463368884628,8.273463368884627
1638,臺南市後壁區,墨林里,墨林282號,120.339,23.3787,臺南市後壁區菁寮國小,墨林里、菁寮里、後?里,400,"水災,震災",戴淑娟,06-6621271,是,是,是,True,新營,72,8391.843360449817,8.391843360449817
1639,嘉義縣布袋鎮,岑海里,文昌街61號,120.1522,23.3788,布新國小-室內,岑海里,133,水災,陳靖鈞,05-3476886,是,否,否,True,朴子,66,13689.347067076571,13.689347067076572
1640,臺南市後壁區,菁豊里,菁豐68-3號,120.3469,23.3788,臺南市後壁區菁豐社區活動中心,菁豐里,200,水災,楊玉年,06-6872284#303,是,否,是,True,新營,72,8651.49246631629,8.65149246631629
1641,嘉義縣布袋鎮,岑海里,文昌街61號,120.152166,23.378925,布新國小-室外,岑海里,1003,震災,陳靖鈞,05-3476886,否,否,否,True,朴子,66,13682.132875813766,13.682132875813766
1642,嘉義縣義竹鄉,東光村,64號,120.2474,23.3795,光榮國小-室內,東光 東榮 溪洲 龍蛟,70,水災,林秀英校長黃俊璋主任,05-3420104,是,否,否,True,朴子,66,9511.037270770488,9.511037270770489
1643,嘉義縣義竹鄉,東光村,64號,120.2474,23.3795,光榮國小-室外,東光、東榮、溪洲、龍蛟,280,震災,林秀英,05-3420104,否,是,否,True,朴子,66,9511.037270770488,9.511037270770489
1644,臺南市白河區,玉豐里,玉豐85號,120.4159,23.3802,玉豐國小,玉豐里、廣安里、詔安里、蓮潭里,50,"水災,土石流",紀美娟,06-6852524,是,否,是,True,嘉義,84,9718.243011550014,9.718243011550014
1645,花蓮縣玉里鎮,大禹里,大禹226號,121.3289,23.3805,大禹社區活動中心,大禹里,40,"水災,土石流",張添富,03-8886293,是,否,否,True,關山,29,40885.793613384776,40.88579361338478
1647,嘉義縣中埔鄉,中埔村,中埔村中正路1號,120.5307,23.3815,中埔國小活動中心-室內,中埔國小,100,土石流,陳威良,05-2531003,是,否,否,True,嘉義,84,12985.120084123293,12.985120084123293
1648,嘉義縣中埔鄉,同仁村,同仁24號,120.5307,23.3815,同仁國小 室外,同仁村、瑞豐村,600,震災,張勝雄,05-2531205#105,否,是,否,True,嘉義,84,12985.120084123293,12.985120084123293
1649,臺南市後壁區,崁頂里,崁頂38-2號,120.3451,23.3818,臺南市後壁區崁頂社區活動中心,崁頂里,100,水災,黃啟明,06-6872284#303,是,否,是,True,新營,72,8902.82753108391,8.902827531083911
1651,嘉義縣布袋鎮,見龍里,內田2號之4,120.1808,23.382,見龍社區活動中心,見龍里,55,水災,邱弘毓,921551168,是,否,否,True,朴子,66,11495.83317522576,11.49583317522576
1652,嘉義縣布袋鎮,新厝里,65號,120.1712,23.3824,布袋國小-室內,新厝里,140,水災,李天讚,05-3472007,是,否,否,True,朴子,66,12072.129254107253,12.072129254107253
1653,嘉義縣布袋鎮,新厝里,新厝仔65號,120.1712,23.3824,布袋國小-室外,龍江里、新厝里、見龍里、光復里、興中里,1407,震災,李天讚,05-3472007,否,是,否,True,朴子,66,12072.129254107253,12.072129254107253
1654,嘉義縣布袋鎮,東港里,東港136號,120.1933,23.3827,景山國小-室外,東港里、振寮里、考試里、江山里,396,震災,蔡惠芬,05-3472734,否,是,否,True,朴子,66,10717.538863656082,10.717538863656081
1655,嘉義縣阿里山鄉,山美村,61號,120.668975,23.383138,山美國小室內,山美村,100,"水災,震災",溫麗珍,05-2586520,是,是,否,True,嘉義,84,24966.051790614147,24.966051790614145
1656,嘉義縣鹿草鄉,碧潭村,18之3號,120.297035,23.38451,碧潭社區活動中心,本鄉,50,水災,林國軒,05-3651608,是,否,否,True,新營,72,8976.455726744505,8.976455726744506
1657,臺南市後壁區,後?里,後?49-1號,120.3373,23.3846,臺南市後壁區後?社區活動中心,後?里,60,水災,黃正雄,06-6872284#303,是,否,是,True,新營,72,8982.257018046168,8.982257018046168
1658,嘉義縣鹿草鄉,碧潭村,184號,120.299389,23.386773,碧潭國小室外,碧潭村,300,震災,王秋蘭,05-3652001,否,是,否,True,新營,72,9169.54939691922,9.16954939691922
1659,臺南市後壁區,嘉田里,嘉田76號,120.3825,23.3868,臺南市後壁區嘉田嘉民社區活動中心,嘉田里、嘉民里,150,水災,林順福,06-6872284#303,是,否,是,True,嘉義,84,10517.704626198552,10.517704626198553
1660,嘉義縣中埔鄉,沄水村,沄水村竹頭崎20號,120.5195,23.3927,沄水社區活動中心,沄水村,30,土石流,吳金才,05-2693667,是,否,否,True,嘉義,84,11298.403040854493,11.298403040854494
1661,嘉義縣鹿草鄉,重寮村,160號,120.315098,23.393291,重寮國小室外,重寮村,350,震災,翁嘉祿,05-3752544,否,是,否,True,新營,72,9710.137940152154,9.710137940152153
1662,花蓮縣玉里鎮,觀音里,觀音9-1號,121.3573,23.3951,觀音社區活動中心,觀音里,0,"水災,土石流",李貴福,8851223,是,否,是,True,關山,29,43613.37934928525,43.613379349285246
1663,嘉義縣中埔鄉,灣潭村,17鄰1-1號,120.5333,23.3968,灣潭國小 室外,灣潭村,140,土石流,蔡榮松,05-2531660#222,是,否,否,True,嘉義,84,12047.81227941313,12.047812279413131
1664,臺南市白河區,內角里,內角1號,120.4409,23.3973,內角國小,內角里、草店里、甘宅里,280,"水災,土石流",徐俊雄,06-6817363,是,否,是,True,嘉義,84,7472.9057117627935,7.4729057117627935
1665,嘉義縣中埔鄉,瑞豐村,瑞豐村坎?45號,120.5266,23.3992,瑞豐社區活動中心,瑞豐村,30,土石流,范植喜,05-2536830,是,否,否,True,嘉義,84,11349.281080165176,11.349281080165175
1666,嘉義縣中埔鄉,同仁村,同仁村同仁1-9號,120.5121,23.4006,圓山托兒所,同仁村,50,土石流,陳仕仁,05-2301518,是,否,否,True,嘉義,84,10145.34660968654,10.14534660968654
1667,嘉義縣中埔鄉,和美村,後庄16號,120.5121,23.4036,和睦國小 室外,和美村、和睦村、和興村,600,震災,曾輝銘,05-2304511#129,否,是,否,True,嘉義,84,9915.379358320704,9.915379358320704
1668,嘉義縣中埔鄉,和興村,和興路91號,120.5121,23.4036,和興國小-室外,和美村、和睦村、和興村,1000,震災,石鴻賢,05-2306717#02,否,是,否,True,嘉義,84,9915.379358320704,9.915379358320704
1669,嘉義縣鹿草鄉,重寮村,15鄰99之1號,120.341819,23.404675,重寮社區活動中心,本鄉,50,水災,徐麗玲,05-3750616,是,否,否,True,新營,72,11252.348371501666,11.252348371501666
1670,嘉義縣鹿草鄉,後堀村,65之2號,120.341819,23.404675,後堀社區活動中心,本鄉,60,水災,蔡享其,05-3751389,是,否,否,True,新營,72,11252.348371501666,11.252348371501666
1671,嘉義縣阿里山鄉,里佳村,20鄰31號,120.720934,23.405245,達邦國小里佳分校室內,里佳村,10,"水災,震災",溫惠美,972343350,是,否,否,True,嘉義,84,29329.455068762443,29.329455068762442
1672,花蓮縣卓溪鄉,太平村,1鄰2號,121.3205,23.406,太平國小,太平村,100,"水災,土石流",林進明,03-8888713,是,否,是,True,關山,29,43135.80703916146,43.13580703916146
1673,花蓮縣卓溪鄉,太平村,6鄰79-1號,121.3166,23.4071,太平社區活動中心,太平村,50,"水災,土石流",潘佳屏,03-8841364,是,否,是,True,關山,29,43100.489275401684,43.100489275401685
1674,嘉義縣中埔鄉,和美村,和美村7鄰忠明路40巷8號,120.5122,23.4072,和美社區活動中心,和美村,100,土石流,蔡傳信,05-2301768,是,否,否,True,嘉義,84,9654.958319257034,9.654958319257034
1675,嘉義縣朴子市,梅華里,牛桃灣3-20號,120.2587,23.408,梅華活動中心,梅華里、松華里、新庄里、南竹里、德家里,44,水災,陳宜男,05-3795102-87,是,否,否,True,朴子,66,6451.542923728962,6.451542923728962
1676,嘉義縣鹿草鄉,鹿草村,439號,120.3129,23.4099,鹿草國中室外,鹿草村、西井村,1500,震災,郭宗淮,05-3752037-13,否,是,否,True,朴子,66,9055.621719915496,9.055621719915496
1677,嘉義縣鹿草鄉,鹿草村,439號,120.31309,23.410697,鹿草國中室內,鹿草村、西井村,80,水災,郭宗淮,05-3752037-13,是,否,否,True,朴子,66,9010.319666804135,9.010319666804135
1678,嘉義縣中埔鄉,同仁村,同仁村11鄰同仁164號之5,120.5488,23.4108,同仁社區活動中心,同仁村,30,土石流,許萬全,05-2688617,是,否,否,True,嘉義,84,12510.124110811556,12.510124110811555
1679,嘉義縣水上鄉,靖和村,46號,120.3774,23.4109,南靖國小-室外,靖和村,880,震災,總務主任廖峰愷,05-2682004,否,是,否,True,嘉義,84,8841.481423429943,8.841481423429943
1680,嘉義縣朴子市,松華里,345號,120.2505,23.4114,松梅國小[室外],松華里、梅華里,400,震災,黃志強校長,05-3691083,否,是,否,True,朴子,66,5984.4947908320855,5.984494790832086
1681,嘉義縣鹿草鄉,西井村,296號,120.306853,23.41157,鹿草國小室外,鹿草村、西井村,400,震災,李琇瑜,05-3752004-203,否,是,否,True,朴子,66,8480.926960062674,8.480926960062673
1682,嘉義縣中埔鄉,隆興村,隆興村中正路515號,120.5299,23.4125,隆興社區活動中心,隆興村,30,土石流,陳台生,05-2535949,是,否,否,True,嘉義,84,10750.346013833547,10.750346013833546
1683,嘉義縣中埔鄉,和興村,和興村33鄰和興路91號,120.5103,23.4129,和興國小圖書館-室內,和興國小,100,土石流,王姿?,2306717,是,否,否,True,嘉義,84,9098.744551876154,9.098744551876154
1684,嘉義縣水上鄉,義興村,2鄰57-1號,120.422844,23.418214,義興村活動中心,義興村,100,水災,村幹事蔡坤佶,05-2680620,是,否,否,True,嘉義,84,5489.054025405657,5.489054025405657
1685,嘉義縣水上鄉,義興村,2-1號,120.4258,23.4184,義興國小-室外,義興村,260,震災,總務主任王富民,05-2890096#12,否,是,否,True,嘉義,84,5373.331897776379,5.373331897776379
1686,嘉義縣布袋鎮,中安里,頂厝1號,120.183067,23.419651,過溝國小-室內,中安里,351,水災,王天賜,05-3451010,否,是,否,True,朴子,66,8330.746057546346,8.330746057546346
1687,嘉義縣布袋鎮,樹林里,82號,120.214244,23.419879,貴林國小-室外,樹林里、貴舍里,128,震災,蔡幸玲,05-3451641,否,是,否,True,朴子,66,6095.061945366026,6.095061945366026
1688,嘉義縣布袋鎮,中安里,過溝頂厝11號之2,120.1822,23.4204,過溝多功能活動中心,中安里,226,水災,莊瑞福,05-3454199,是,否,否,True,朴子,66,8351.505977687993,8.351505977687994
1689,嘉義縣中埔鄉,龍門村,龍門村龍山?33號,120.517993,23.42188,龍門社區活動中心,龍門村,60,土石流,張寶堂,05-2535560,是,否,否,True,嘉義,84,9168.1697476858,9.1681697476858
1690,嘉義縣中埔鄉,隆興村,隆興村2鄰8號,120.5241,23.4231,社口國小禮堂-室內,隆興村,30,土石流,蕭榮輝,05-2531094,是,否,否,True,嘉義,84,9641.809276563607,9.641809276563606
1691,嘉義縣中埔鄉,裕民村,裕民村石頭厝17號之1,120.5235,23.4235,大有國小圖書館-室內,裕民村,50,土石流,?正發,05-2531561,是,否,否,True,嘉義,84,9566.772396666951,9.56677239666695
1692,嘉義縣中埔鄉,東興村,東興村5鄰25-1號,120.5216,23.4242,東興社區活動中心,東興村,30,震災,汪聰弦,05-2259329,否,是,否,True,嘉義,84,9359.205776593593,9.359205776593594
1693,嘉義縣中埔鄉,灣潭村,灣潭村17鄰1-1號,120.5216,23.4242,灣潭國小視聽教室-室內,灣潭國小,50,土石流,李淑惠,05-2531660,是,否,否,True,嘉義,84,9359.205776593593,9.359205776593594
1694,嘉義縣水上鄉,中庄村,16鄰40之2號,120.433218,23.424345,中庄村活動中心,中庄村,50,水災,村幹事蔡坤佶,05-2688248,是,否,否,True,嘉義,84,4552.387264127949,4.552387264127948
1695,嘉義縣中埔鄉,中埔村,177號,120.5176,23.4244,中埔國中-室外,中埔村、頂埔村、龍門村、??村,1500,震災,蔡宜廷,05-2531002214,否,是,否,True,嘉義,84,8991.79310378826,8.991793103788261
1696,嘉義縣水上鄉,溪洲村,13鄰83-1號,120.389382,23.424537,溪洲村活動中心,溪州村,35,水災,村幹事蔡宗治,05-2686773,是,否,否,True,嘉義,84,6924.57362156908,6.92457362156908
1697,嘉義縣水上鄉,忠和村,檳榔樹角6號,120.4501,23.4246,忠和國中-室外,忠和村,600,震災,總務主任蔡旻興,05-2891026#201,否,是,否,True,嘉義,84,4540.454582312713,4.540454582312713
1699,嘉義縣水上鄉,忠和村,檳榔樹角35號,120.4479,23.4258,忠和國小-室外,忠和村,750,震災,總務主任許秀卿,05-2890635,否,是,否,True,嘉義,84,4369.7635023982775,4.3697635023982775
1700,嘉義縣水上鄉,水上村,進學街54號,120.3974,23.4261,水上國中-室外,水上村,1000,震災,總務主任陳幸琪,05-2682024#38,否,是,否,True,嘉義,84,6198.690221263228,6.198690221263227
1701,嘉義縣中埔鄉,同仁村,同仁村24號,120.5566,23.4278,同仁國小-室內,同仁村,100,土石流,?照恩,05-2531205,是,否,否,True,嘉義,84,12476.974045866915,12.476974045866914
1702,嘉義縣中埔鄉,社口村,社口村9鄰番仔坑7號之1,120.5614,23.4283,社口社區活動中心,社口村,30,土石流,陳建隆,05-2713325,是,否,否,True,嘉義,84,12923.80795043024,12.923807950430241
1704,嘉義縣水上鄉,水上村,正義路182號,120.3972,23.4288,水上國小-室外,水上村,1400,震災,總務主任曾國庭,05-2682073#10,否,是,否,True,嘉義,84,6011.2178362442955,6.011217836244295
1705,嘉義縣中埔鄉,石?村,石?村22號,120.5125,23.4288,中山國小視聽教室-室內,石?村,30,土石流,陳瑞成,05-2531231,是,否,否,True,嘉義,84,8298.885665748257,8.298885665748257
1706,花蓮縣玉里鎮,松浦里,松浦214-3號,121.3737,23.4293,松浦社區活動中心,松浦里,0,"水災,土石流",林誠觀,03-8851650,是,否,否,True,關山,29,47748.12111108521,47.74812111108521
1707,嘉義縣番路鄉,公田村,隙頂4號,120.6601,23.4298,隙頂國小-室外,大湖村,44,震災,賴韋丞,05-2586218,否,是,否,True,嘉義,84,22693.690111677308,22.69369011167731
1708,嘉義縣番路鄉,公田村,隙頂40號,120.6601,23.4298,隙頂國民小學-室內,公田村,71,土石流,賴瑋丞,05-2586218,是,否,否,True,嘉義,84,22693.690111677308,22.69369011167731
1709,嘉義縣中埔鄉,裕民村,裕民村石頭厝8號之1,120.5126,23.4315,裕民社區活動中心,裕民村,30,土石流,許清興,05-2243025,是,否,否,True,嘉義,84,8168.597483137208,8.168597483137209
1710,嘉義縣水上鄉,三界村,153號,120.4756,23.4318,成功國小-室外,三界村,600,震災,總務主任張世杰,05-2393485,否,是,否,True,嘉義,84,5065.099028670375,5.065099028670375
1711,花蓮縣玉里鎮,三民里,三民131-2號,121.3498,23.4321,三民社區活動中心,三民里,25,"水災,土石流",彭新發,03-8841164,是,否,否,True,關山,29,46971.60591794774,46.97160591794774
1712,嘉義縣朴子市,竹村里,36號,120.2389,23.4349,竹村國小[室外],竹村里、崁前里、崁後里，新庄里、順安里,400,震災,黃崇桓校長,05-3693628-11,否,是,否,True,朴子,66,3495.9282586420895,3.4959282586420897
1713,嘉義縣水上鄉,柳林村,92號,120.4151,23.4356,柳林國小-室外,柳林村,1000,震災,總務主任陳香錡,05-2683240#213,否,是,否,True,嘉義,84,4192.993829423195,4.192993829423195
1714,嘉義縣東石鄉,網寮村,?田27號,120.1525,23.4361,網寮國小-室內,"網寮,掌潭",36,水災,吳芊萱,05-3451544,是,否,否,True,朴子,66,10263.226311490302,10.263226311490302
1715,嘉義縣東石鄉,網寮村,?田27號,120.1525,23.4361,網寮國小-室外,網寮村，掌潭村,490,震災,吳芊萱,05-3451544,否,是,否,True,朴子,66,10263.226311490302,10.263226311490302
1716,嘉義縣東石鄉,西崙村,131號,120.1832,23.4363,龍崗國小-室內,"東崙,西崙",38,水災,蔡文山,05-3451070,是,否,否,True,朴子,66,7344.395934567857,7.344395934567856
1717,嘉義縣東石鄉,西崙村,131號,120.1832,23.4363,龍崗國小-室外,"東崙,西崙,塭仔",527,震災,蔡文山,05-3451070,否,是,否,True,朴子,66,7344.395934567857,7.344395934567856
1718,花蓮縣卓溪鄉,古風村,12鄰4號,121.332,23.4363,古楓社區活動中心,古風村卓楓、白端社區,50,"水災,土石流",林章成,03-8881852,是,否,是,True,關山,29,46687.08620906782,46.68708620906782
1719,花蓮縣卓溪鄉,立山村,6鄰58號,121.332,23.4363,立山社區活動中心,立山村,50,"水災,土石流",高雅芯,03-8841572,是,否,是,True,關山,29,46687.08620906782,46.68708620906782
1720,嘉義縣中埔鄉,深坑村,深坑村深坑85號之2,120.5273,23.4383,深坑社區活動中心,深坑村,30,土石流,許清興,05-2243025,是,否,否,True,嘉義,84,9267.840102124199,9.267840102124199
1722,嘉義縣番路鄉,草山村,永興22號,120.6072,23.4384,大埔國小永興分校-室外,草山村,160,土石流,鄭永章,05-2931013,是,否,否,True,嘉義,84,17204.955677498663,17.204955677498663
1724,嘉義縣朴子市,崁前里,崁前24號,120.2368,23.4389,崁前活動中心,崁前、崁後、竹村、順安等里,25,水災,蘇金松,05-3795102-92,是,否,否,True,朴子,66,3140.592164441876,3.140592164441876
1725,嘉義縣中埔鄉,頂埔村,頂埔村8鄰頂埔10-6號,120.5468,23.439,頂埔社區活動中心,頂埔村,30,土石流,吳金才,05-2693667,是,否,否,True,嘉義,84,11155.49512723824,11.15549512723824
1726,花蓮縣卓溪鄉,崙山村,1鄰12號,121.3443,23.4391,崙山國小,崙山村、立山村,100,"水災,土石流",莊凱杰,03-8841350,是,否,是,True,關山,29,47455.600713979,47.455600713979
1727,花蓮縣卓溪鄉,崙山村,1鄰11-1號,121.3438,23.4393,崙山社區活動中心,崙山村,50,土石流,施鎮村,03-8841362,是,否,是,True,關山,29,47455.870844397505,47.4558708443975
1728,嘉義縣中埔鄉,和興村,和興村中華路305巷246號,120.4516,23.4394,和興社區活動中心,和興村,30,土石流,郭進發,05-2536761,是,否,否,True,嘉義,84,3002.8302738465827,3.0028302738465826
1729,嘉義縣中埔鄉,金蘭村,金蘭村1鄰14號,120.5068,23.4401,金蘭社區活動中心,金蘭村,30,土石流,陳季英,05-2362981,是,否,否,True,嘉義,84,7233.34336997017,7.23334336997017
1730,嘉義縣太保市,安仁里,信義二路1號,120.3404,23.4402,永慶高中[室外],安仁里,70,水災,朱俊佳庶務組長,928790668,是,否,否,True,朴子,66,9863.682889931992,9.863682889931992
1731,嘉義縣番路鄉,公田村,番路鄉公田村6鄰34-1號,120.6382,23.441,公田社區活動中心,公田村,35,土石流,林朝新,05-2308662,是,否,否,True,嘉義,84,20293.787054404722,20.29378705440472
1732,嘉義縣中埔鄉,和睦村,和睦村14鄰公?42-18號,120.4742,23.4427,和睦社區活動中心,和睦村,30,土石流,葉瑞華,05-2305520,是,否,否,True,嘉義,84,4160.617598344299,4.160617598344299
1733,嘉義縣中埔鄉,石?村,石?村中山國小旁,120.4536,23.4428,石?社區活動中心,石?村,50,土石流,范植喜,05-2534788,是,否,否,True,嘉義,84,2741.5523583249096,2.7415523583249097
1735,嘉義縣水上鄉,大崙村,111號,120.3584,23.4434,大崙國小-室外,大崙村,1000,震災,總務主任賀惠芳,05-3711381,否,是,否,True,嘉義,84,8789.869377720855,8.789869377720855
1736,嘉義縣中埔鄉,義仁村,義仁村挖仔厝17號前面,120.529,23.4443,義仁社區活動中心,義仁村,30,土石流,陳沁芬,05-2535638,是,否,否,True,嘉義,84,9247.603302616266,9.247603302616266
1737,嘉義縣太保市,春珠里,1鄰8號,120.3299,23.4446,春珠社區活動中心,春珠里,70,水災,蔡雄卿,912750097,是,否,否,True,朴子,66,8698.285802498798,8.698285802498798
1738,嘉義縣中埔鄉,和睦村,和睦村13鄰中華路630巷43-3號,120.459,23.4447,三和公園活動中心,和睦村,30,土石流,葉瑞華,05-2305520,是,否,否,True,嘉義,84,2869.2501957683685,2.8692501957683687
1739,嘉義縣中埔鄉,裕民村,石頭厝17之1,120.4958,23.4456,大有國小-室外,裕民村,50,震災,黃桂菲,05-2531561,否,是,否,True,嘉義,84,5964.160852906107,5.964160852906107
1740,嘉義縣中埔鄉,石?村,22號,120.4958,23.4456,中山國小 室外,石?村,100,震災,黃美維,05-253123113,否,是,否,True,嘉義,84,5964.160852906107,5.964160852906107
1741,嘉義縣中埔鄉,灣潭村,灣潭村客庄15鄰15-7號,120.4597,23.4457,灣潭社區活動中心,灣潭村,30,土石流,高淑貞,05-2533217,是,否,否,True,嘉義,84,2831.4010479585822,2.831401047958582
1742,嘉義縣番路鄉,觸口村,18鄰梅花七路3巷1號,120.582035,23.448022,逐鹿社區活動中心,觸口村,100,震災,楊尚鋒,972310037,是,否,是,True,嘉義,84,14502.718004146527,14.502718004146526
1744,嘉義縣中埔鄉,金蘭村,頂山門25號,120.4632,23.4521,頂六國小-室外,隆興村、金蘭村、富收村,1200,震災,林勝漢,05-2394042#40,否,是,否,True,嘉義,84,2645.7214439017907,2.645721443901791
1745,嘉義縣中埔鄉,和美村,和美村後庄16號,120.463166,23.452229,和睦國小綜合教室-室內,和睦村.和美村,100,土石流,陳振興,05-2304511,是,否,否,True,嘉義,84,2635.2148543103035,2.6352148543103033
1746,嘉義縣阿里山鄉,十字村,52號,120.7494,23.4531,十字村活動中心,十字村,20,水災,潘俊良,05-2511080,是,否,否,True,南投（鹿谷）,79,29768.101165134336,29.768101165134336
1747,嘉義縣阿里山鄉,達邦村,1鄰1號,120.749376,23.453204,達邦國小室內,達邦村,50,"水災,震災",劉秀枝,05-251101704,是,是,否,True,南投（鹿谷）,79,29757.10121448231,29.75710121448231
1748,嘉義縣水上鄉,下寮村,3鄰鴿溪寮23號,120.413159,23.453319,鴿溪寮活動中心,下寮村,15,水災,村幹事 蔡宗治,978632516,是,否,否,True,嘉義,84,3138.1758139562526,3.1381758139562526
1749,嘉義縣中埔鄉,富收村,富收村興化?23-60號,120.4712,23.4537,興化?社區活動中心,富收村、金蘭村、和睦村,50,土石流,詹月秋,05-2396811,是,否,否,True,嘉義,84,3296.5386670867347,3.2965386670867347
1750,嘉義縣朴子市,大鄉里,560號,120.2612,23.4539,大鄉國小[室外],大鄉里、大葛里、佳禾里,200,震災,吳珠羽校長,05-3792952,否,是,否,True,朴子,66,1868.3553507020472,1.8683553507020472
1751,嘉義縣番路鄉,民和村,4鄰12號,120.5879,23.4539,民和社區活動中心,民和村,62,"水災,震災,土石流",蔡宏武,05-2594596,是,否,否,True,嘉義,84,15030.741467841137,15.030741467841137
1752,嘉義縣水上鄉,三和村,榮典路100號,120.4098,23.4544,北回國小-室外,三和村,600,震災,總務主任翁翊秦,05-2356941,否,是,否,True,嘉義,84,3412.6581823692995,3.4126581823692996
1754,嘉義縣太保市,太保里,36號,120.329264,23.454862,太保國中[室外],本市各里,600,,蕭信龍庶務組長,931560712,否,否,否,True,朴子,66,8404.146120408248,8.404146120408248
1755,嘉義縣太保市,田尾里,2鄰田尾15號,120.3316,23.455,田尾社區活動中心,田尾里,50,水災,陳西庚,939198263,是,否,否,True,朴子,66,8638.517542344822,8.638517542344822
1756,嘉義縣太保市,太保里,31號,120.3316,23.455,太保國小[室外],本市各里,500,震災,柯安南總務主任,05-3711015#113,否,是,否,True,朴子,66,8638.517542344822,8.638517542344822
1757,花蓮縣玉里鎮,春日里,75-1號,121.3967,23.455,春日社區活動中心,春日里,35,"水災,土石流",陳青廉,03-8875453,是,否,否,True,關山,29,51357.648662659645,51.35764866265964
1761,嘉義縣朴子市,大葛里,祥和二路西段9號,120.2871,23.4569,祥和國小[室外],大葛里、大鄉里、仁和里,200,震災,謝彩琴校長,05-3621839,否,是,否,True,朴子,66,4123.562408160606,4.1235624081606055
1762,嘉義縣番路鄉,新福村,6鄰14號,120.5304,23.4576,新福社區活動中心,新福村,35,"水災,震災,土石流",林榮格,05-2592922,是,否,否,True,嘉義,84,9142.416926057927,9.142416926057928
1763,嘉義縣東石鄉,猿樹村,151-10號,120.1506,23.4582,東石鄉老人文康中心,"東石,猿樹",94,水災,吳軒瑩,05-3730815,是,否,否,True,朴子,66,9962.58219892994,9.96258219892994
1764,嘉義縣朴子市,大鄉里,大?榔197-3號,120.2622,23.4582,大鄉活動中心,大鄉、大葛、佳禾等里,38,水災,涂幸暖,05-3795102-86,是,否,否,True,朴子,66,1672.350484376701,1.672350484376701
1765,嘉義縣太保市,崙頂里,4鄰21號,120.3111,23.4585,崙頂里集會所,崙頂里,20,水災,林家村,0912-758280,是,否,否,True,朴子,66,6511.899006924374,6.511899006924374
1766,嘉義縣六腳鄉,蘇厝村,蘇厝村82號,120.58654,23.458776,蘇厝活動中心,蘇厝,80,水災,蘇庭芳,05-7811341,是,否,否,True,嘉義,84,14858.04517616867,14.858045176168671
1768,嘉義縣太保市,崙頂里,1號,120.3098,23.4589,安東國小[室內],本市各里,30,震災,吳嘉政總務主任,05-3714068#208,是,否,否,True,朴子,66,6374.865769108462,6.374865769108462
1769,嘉義縣太保市,崙頂里,1號,120.3098,23.4589,安東國小[室外],本市各里,600,震災,吳嘉政總務主任,05-3714068#208,否,是,否,True,朴子,66,6374.865769108462,6.374865769108462
1770,嘉義市東區,興安里,興安街35號,120.4552,23.4597,興安國民小學,興安里,450,震災,殷鴻隆,05-2232280,否,是,否,True,嘉義,84,1532.00915339676,1.53200915339676
1771,花蓮縣瑞穗鄉,舞鶴村,14鄰中正南路二段278號,121.3536,23.4602,舞鶴社區活動中心,舞鶴村,100,"水災,土石流",楊明林,03-8871755,是,否,是,True,關山,29,49977.63115977921,49.97763115977921
1772,嘉義縣太保市,安仁里,5鄰頂港子墘10之1號,120.3332,23.4603,安仁社區活動中心,安仁里,30,水災,陳西庚,911326486,是,否,否,True,朴子,66,8743.102059424524,8.743102059424524
1773,嘉義市西區,光路里,新民路555巷6號,120.44009,23.46073,光路社區活動中心,光路里,40,水災,林昇賢 里長,05-2353356,是,否,否,True,嘉義,84,463.79967426862765,0.46379967426862767
1774,嘉義縣朴子市,竹圍里,大同路239號,120.2406,23.4609,大同國小[室外],竹圍里、永和里、新寮里,300,震災,吳伯祥總務主任,05-3792144-18,否,是,否,True,朴子,66,887.2835806997657,0.8872835806997658
1775,嘉義縣東石鄉,猿樹村,117號,120.1543,23.461,東石國小-室外,"東石,猿樹,型厝",185,震災,莊政道,05-3732295,否,是,否,True,朴子,66,9564.977025241862,9.564977025241863
1776,嘉義縣東石鄉,猿樹村,117號,120.1543,23.461,東石國小-室內,"東石,猿樹,型厝",247,水災,莊政道,05-3732295,是,否,否,True,朴子,66,9564.977025241862,9.564977025241863
1777,嘉義縣朴子市,竹圍里,大同路245號,120.2389,23.4611,朴子國中[室外],竹圍里、永和里,400,震災,陳進順校長,05-3792201-201,否,是,否,True,朴子,66,1025.41313398592,1.02541313398592
1778,花蓮縣豐濱鄉,靜浦村,64號,121.4954,23.4615,靜浦國小大禮堂,靜浦村,0,"水災,震災",李楊元,03-8781021,是,否,是,True,關山,29,57364.25095605067,57.364250956050675
1779,嘉義縣東石鄉,永屯村,39-2號,120.1727,23.4619,東榮國中-室內,"永屯,三家,海埔",37,水災,陳義禮,05-3733803,是,否,否,True,朴子,66,7682.4181507524945,7.682418150752494
1780,嘉義縣東石鄉,永屯村,39-2號,120.1727,23.4619,東榮國中-室外,"永屯,三家,海埔",481,震災,陳義禮,05-3733803,否,是,否,True,朴子,66,7682.4181507524945,7.682418150752494
1782,嘉義縣番路鄉,內甕村,3鄰38-29號,120.5234,23.4625,內甕社區活動中心,內甕村,55,"水災,震災,土石流",林謙宸,05-2760491,是,否,否,True,嘉義,84,8396.279413881346,8.396279413881347
1783,嘉義縣番路鄉,內甕村,凸湖3鄰1-1號,120.5228,23.4631,內甕國小-室外,內甕村,480,震災,蘇淑慧,05-2591434,否,是,否,True,嘉義,84,8333.244389148045,8.333244389148046
1784,嘉義縣東石鄉,港墘村,64號,120.2138,23.4638,港墘國小-室內,"港墘,蔦松",39,水災,施珮瑩,05-3795350,是,否,否,True,朴子,66,3478.044529064855,3.4780445290648547
1785,嘉義縣東石鄉,港墘村,64號,120.2138,23.4638,港墘國小-室外,"港墘,蔦松,圍潭,洲仔",530,震災,施珮瑩,05-3795350,否,是,否,True,朴子,66,3478.044529064855,3.4780445290648547
1786,嘉義縣番路鄉,下坑村,菜公店91號,120.5531,23.464,民和國小-室外,下坑村,860,震災,張維琴,05-2592188#213,否,是,否,True,嘉義,84,11426.947601549386,11.426947601549385
1787,嘉義縣番路鄉,下坑村,菜公店91號,120.553073,23.46411,民和國民小學-室內,下坑村,80,土石流,張維琴,2592188,是,否,否,True,嘉義,84,11424.099149574438,11.424099149574438
1789,嘉義縣番路鄉,下坑村,4鄰101-5號,120.554,23.4646,老人文康中心,下坑村,49,土石流,周芳儀,05-2590767,是,否,否,True,嘉義,84,11518.55797570962,11.518557975709621
1790,嘉義縣番路鄉,番路村,4鄰54號,120.5675,23.4648,番路社區活動中心,番路村,22,"水災,震災,土石流",林文相,05-2593861,是,否,否,True,嘉義,84,12897.698871087525,12.897698871087524
1791,嘉義縣番路鄉,下坑村,菜公店30號,120.555,23.465,民和國中-室外,下坑村,1444,震災,洪龍月,05-2591109,否,是,否,True,嘉義,84,11620.709950054019,11.62070995005402
1793,嘉義市西區,福民里,重慶路51號,120.43795,23.46525,興嘉國民小學,福民里,2135,"水災,震災,土石流,海嘯,核子事故",林惠川組長,05-2860885#130,是,是,否,True,嘉義,84,341.3008084090129,0.3413008084090129
1794,嘉義縣太保市,東勢里,8鄰東勢寮82號,120.3038,23.4658,東勢社區活動中心,東勢里,30,水災,龔四川,937307166,是,否,否,True,朴子,66,5721.38599361097,5.72138599361097
1795,嘉義縣朴子市,安福里,山通路11號,120.2479,23.4666,朴子國小[室外],安福里、平和里、內厝里、開元里、中正里、文化里、博厚里、順天里,700,震災,黃俊傑總務主任,05-3792032-106,否,是,否,True,朴子,66,135.49774443941544,0.13549774443941545
1796,花蓮縣玉里鎮,德武里,5鄰能雅79號,121.4074,23.4669,德武里原住民多功能活動中心,德武里,50,"水災,土石流",余榮富,03-8873161,是,否,否,True,關山,29,53035.18581692646,53.03518581692646
1797,嘉義市東區,芳草里,宣信街182號,120.4619,23.4672,南興國民中學,芳草里,800,"水災,震災",梁丕典,05-2220113,是,是,否,True,嘉義,84,2126.447797835404,2.1264477978354037
1798,嘉義縣竹崎鄉,桃源村,7鄰78號,120.6656,23.4674,桃源國小[室內],桃源村,40,"水災,震災,土石流",林文瑞,05-2541077,是,否,否,True,嘉義,84,22921.195323451462,22.921195323451464
1799,嘉義縣竹崎鄉,桃源村,7鄰78號,120.6656,23.4674,桃源國小[戶外],桃源村,200,土石流,林文瑞,05-2541077,是,否,否,True,嘉義,84,22921.195323451462,22.921195323451464
1800,嘉義縣朴子市,安福里,山通路6號,120.2504,23.4677,東石國中[室外],安福里、平和里、內厝里,3300,震災,黃國軍校長,05-3792027-210,否,是,否,True,朴子,66,369.5573734576175,0.36955737345761747
1801,嘉義市西區,西平里,友忠路1號,120.42559,23.46814,玉山國民中學,西平里,605,"水災,震災",胡敏元、葉眉伸,05-2357980-212,是,是,否,True,嘉義,84,1642.7232387356823,1.6427232387356823
1802,嘉義縣阿里山鄉,中正村,52號,120.7014,23.4685,阿里山聯合社區活動中心,中山、中正、香林,50,水災,胡玉珊,05-2679756,是,否,否,True,嘉義,84,26579.706203744205,26.579706203744205
1803,嘉義縣阿里山鄉,樂野村,1鄰31號,120.701425,23.469062,阿里山國民中小學室內,樂野村,100,"水災,震災",林婉鈴,05-2561180,是,是,否,True,嘉義,84,26583.24128593492,26.58324128593492
1805,嘉義市東區,興南里,興業東路311號,120.4564,23.4697,嘉南社區活動中心,安寮里,35,水災,黃瑟芬,05-2161589,是,否,否,True,嘉義,84,1640.7373775212154,1.6407373775212155
1806,嘉義市東區,新開里,宣信街266號,120.4587,23.4707,宣信國民小學,新開里,445,"水災,震災",羅士杰,05-2223904-2931,是,是,否,True,嘉義,84,1899.3267416438423,1.8993267416438422
1808,嘉義縣東石鄉,三家村,16號,120.1744,23.4713,三江國小-室內,三家村、副瀨村,28,水災,陳俊雄,05-3732634,是,否,否,True,朴子,66,7527.4007097057265,7.527400709705726
1809,嘉義縣東石鄉,三家村,16號,120.1744,23.4713,三江國小-室外,三家村、副瀨村,136,震災,陳俊雄,05-3732634,否,是,否,True,朴子,66,7527.4007097057265,7.527400709705726
1810,嘉義縣東石鄉,塭港村,170號,120.1459,23.4717,塭港國小-室內,"型厝,塭港",75,水災,黃聰哲,05-3732653,是,否,否,True,朴子,66,10433.969041697546,10.433969041697546
1811,嘉義縣東石鄉,塭港村,170號,120.1459,23.4717,塭港國小-室外,"型厝,塭港",211,震災,黃聰哲,05-3732653,否,是,否,True,朴子,66,10433.969041697546,10.433969041697546
1813,嘉義市西區,港坪里,育人路165巷48號,120.41697,23.47179,港坪社區活動中心,港坪里,30,,李茂山,2359011,否,否,否,True,嘉義,84,2599.2692945351437,2.599269294535144
1814,嘉義市西區,導民里,成功街15號,120.44563,23.47214,大同國民小學,導民里,800,震災,許勝林組長,05-2222114,是,是,否,True,嘉義,84,929.8787684791773,0.9298787684791773
1815,嘉義市西區,美源里,世賢路四段141號,120.43871,23.47228,志航國民小學,美源里,163,震災,許守松 組長,05-2857924-612,是,是,否,True,嘉義,84,870.357538587401,0.870357538587401
1816,嘉義市西區,垂楊里,垂楊路605號,120.4,23.4723,垂楊國民小學,垂楊里,3043,"水災,土石流,海嘯,核子事故",蔡慶達組長,05-2853151-212,是,是,是,True,嘉義,84,4295.757252022847,4.295757252022847
1817,嘉義市東區,興南里,崇文街76號,120.4547,23.4723,興南里集會所,興南里,35,水災,盧麗惠,05-2291576,是,否,否,True,嘉義,84,1606.6622933521426,1.6066622933521426
1818,嘉義縣竹崎鄉,義和村,4鄰山子門22號,120.6703,23.4726,義仁國小[室內],義和村,20,"水災,震災,土石流",許銘顯,05-2110534＃13,否,否,否,True,嘉義,84,23415.06844965314,23.41506844965314
1819,嘉義縣竹崎鄉,義和村,4鄰山子門22號,120.6703,23.4726,義仁國小[戶外],義和村,120,震災,許銘顯,05-2110534＃13,否,是,否,True,嘉義,84,23415.06844965314,23.41506844965314
1820,嘉義縣竹崎鄉,鹿滿村,鹿鳴路2號,120.6703,23.4726,鹿滿國小[戶外],鹿滿村,300,震災,林俊良,05-2611472＃101,否,是,否,True,嘉義,84,23415.06844965314,23.41506844965314
1821,嘉義市西區,港坪里,育人路211號,120.416728,23.47272,育人國民小學,港坪里,310,"水災,震災",楊家豪,05-2351595-650,是,否,否,True,嘉義,84,2655.177698878148,2.655177698878148
1822,嘉義市東區,豐年里,垂楊路241號,120.4528,23.4735,崇文國民小學,豐年里,650,"水災,震災",周文慶,05-2222310-1001,是,是,否,True,嘉義,84,1524.704129834249,1.524704129834249
1823,嘉義縣竹崎鄉,龍山村,水道頭70號,120.586,23.4735,龍山國小[室內],龍山村,70,,郭鎮寧,2612843＃13,否,否,否,True,嘉義,84,14818.687328272608,14.818687328272608
1824,嘉義縣竹崎鄉,龍山村,水道頭70號,120.586,23.4735,龍山國小[戶外],龍山村,800,震災,郭鎮寧,2612843＃13,否,是,否,True,嘉義,84,14818.687328272608,14.818687328272608
1825,嘉義市西區,頭港里,育人路611號,120.4068,23.47354,何庄社區活動中心,頭港里,30,水災,高文仁,2359936,否,否,否,True,嘉義,84,3650.820671492163,3.650820671492163
1826,臺東縣卑南鄉,賓朗村,賓朗村18鄰賓朗路474巷3號,121.027413,23.47397,賓朗村活動中心,賓朗村,50,,李啟源,89222054,否,否,否,True,南投（鹿谷）,79,36048.57084238336,36.048570842383356
1827,嘉義市西區,永和里,康樂街259號,120.44037,23.47406,永和里集會所,永和里,30,水災,蔡宗坤,2239313,是,否,否,True,嘉義,84,1031.7910564052281,1.0317910564052282
1828,嘉義縣太保市,港尾里,1鄰9號,120.3747,23.4745,港尾社區活動中心,港尾里,100,水災,詹進恭,983231667,是,否,否,True,嘉義,84,6883.531394042504,6.883531394042504
1829,花蓮縣豐濱鄉,港口村,7鄰118號,121.5043,23.4745,港口活動中心,港口村,0,"水災,震災,土石流",蕭清秀,03-8791450,是,否,是,True,花蓮,36,55874.48057203957,55.874480572039566
1830,嘉義縣番路鄉,大湖村,下坪仔8號,120.6204,23.475,大湖國小-室內,大湖村,53,土石流,翁士欽,05-2581159,是,否,否,True,嘉義,84,18336.23657042994,18.33623657042994
1831,嘉義縣番路鄉,大湖村,下坪仔8號,120.6204,23.475,大湖國小-室外,大湖村,200,震災,翁士欽,05-2581159,否,是,否,True,嘉義,84,18336.23657042994,18.33623657042994
1832,嘉義市東區,蘭潭里,小雅路419號,120.4715,23.4753,蘭潭國民小學,蘭潭里,200,震災,張淑芬,05-2763492-13,否,是,否,True,嘉義,84,3302.496624185327,3.302496624185327
1833,嘉義縣竹崎鄉,內埔村,元興路2號,120.5646,23.4756,內埔國小[室內],內埔村,300,"水災,震災,土石流",黃信誠,05-2541005＃50,否,否,否,True,嘉義,84,12657.777900022616,12.657777900022616
1834,嘉義縣竹崎鄉,內埔村,元興路2號,120.5646,23.4756,內埔國小[戶外],內埔村,650,土石流,黃信誠,05-2541005＃50,是,否,否,True,嘉義,84,12657.777900022616,12.657777900022616
1835,嘉義市東區,民族里,民族路189號,120.4552,23.476,民族國民小學,東興里、民族里、華南里、朝陽里,190,"水災,震災",朱義權,05-2222113-630,是,是,否,True,嘉義,84,1890.7062140560054,1.8907062140560054
1836,嘉義市東區,安業里,大業街57號,120.4552,23.476,大業國民中學,興安里、安業里,388,"水災,震災",蔡豐洲,05-2223082-13,是,是,否,True,嘉義,84,1890.7062140560054,1.8907062140560054
1837,嘉義縣番路鄉,江西村,4鄰3號,120.5275,23.4764,江西社區活動中心,江西村,53,"水災,震災,土石流",陳素卿,05-2592868,是,否,否,True,嘉義,84,8904.386054896404,8.904386054896404
1839,嘉義縣竹崎鄉,白杞村,白杞村4鄰白杞42-1號,120.6976,23.4774,白杞社區活動中心,白杞村,40,震災,林慶勳,05-2770457,否,是,否,True,嘉義,84,26224.707940902612,26.22470794090261
1842,嘉義市西區,港坪里,四維路63號,120.424545,23.47935,港坪國民小學,港坪里,420,"水災,震災",陳君豪,05-2369037-142,是,是,否,True,嘉義,84,2348.7757957220665,2.3487757957220663
1843,嘉義市東區,長竹里,民權東路32號,120.4814,23.4822,蘭潭國民中學,長竹里,270,"水災,震災",沈榮陸,05-2773582,是,是,否,True,嘉義,84,4532.493063341852,4.532493063341851
1844,嘉義縣番路鄉,大湖村,番路鄉大湖村10鄰火燒寮1-1號,120.6236,23.4824,大湖社區活動中心,大湖村,44,土石流,邱振聲,05-2581309,是,否,否,True,嘉義,84,18729.581427434725,18.729581427434724
1845,嘉義縣六腳鄉,更寮村,更寮村19號,120.239859,23.482948,更寮國小-室外,更寮、古林、正義,560,震災,賴慶源總務主任,05-3796309,否,是,否,True,朴子,66,2107.968992430125,2.1079689924301253
1846,嘉義縣朴子市,?溪里,30號,120.2778,23.4841,雙溪國小[室外],雙溪里、溪口里、德興里、仁和里,400,震災,周耀昌校長,05-3795549-15,否,是,否,True,朴子,66,3700.087528255098,3.700087528255098
1847,嘉義市東區,文雅里,文雅街2號,120.4873,23.4841,文雅國民小學,文雅里,200,震災,楊勛凱,05-2768011-130,否,是,否,True,嘉義,84,5167.83476188673,5.16783476188673
1848,嘉義市西區,竹圍里,德安路10號,120.43241,23.48415,僑平國民小學,竹圍里,274,"水災,震災",蔣慧貞,05-2333746-706,否,否,否,True,嘉義,84,2327.643280671265,2.327643280671265
1849,嘉義縣朴子市,溪口里,雙溪口40-2號,120.2741,23.4844,雙溪口活動中心,雙溪、溪口、仁和、德興等里,63,水災,黃月琴,05-3795102-46,是,否,否,True,朴子,66,3414.0227406725953,3.4140227406725954
1850,嘉義縣東石鄉,龍港村,113號,120.177,23.4846,龍港國小-室外,"龍港,副瀨",454,震災,張美志,05-3732671,否,是,否,True,朴子,66,7539.518493849072,7.539518493849072
1851,嘉義縣太保市,新埤里,214號,120.3347,23.4851,新埤國小[室外],本市各里,700,震災,賴忠和總務主任,05-3611705,否,是,否,True,新港,67,7802.147826248121,7.802147826248121
1852,嘉義縣竹崎鄉,灣橋村,387巷28號,120.5578,23.4853,圓崇國小[室內],灣橋村,100,水災,蔡素美,05-2790508＃101,是,否,否,True,嘉義,84,12120.780625637293,12.120780625637293
1853,嘉義縣竹崎鄉,灣橋村,387巷28號,120.5578,23.4853,圓崇國小[戶外],灣橋村,600,震災,蔡素美,05-2790508＃101,否,是,否,True,嘉義,84,12120.780625637293,12.120780625637293
1854,嘉義縣太保市,新埤里,5鄰214-12號,120.3348,23.4859,老人文康中心,新埤里,100,水災,蔡雅晴,05-3711106#151,是,否,否,True,新港,67,7712.997966959085,7.712997966959085
1855,嘉義市東區,王田里,五福街119號,120.4679,23.4867,王田里集會所,王田里,50,水災,吳俊達,05-2788493,是,否,否,True,嘉義,84,3647.4769755872085,3.6474769755872085
1856,嘉義縣竹崎鄉,復金村,復金村復鼎金59-1號,120.5152,23.4867,復金社區活動中心,復金村,30,"水災,土石流",劉國輝,05-2615411,否,是,否,True,嘉義,84,7934.573199064885,7.934573199064885
1857,嘉義縣竹崎鄉,龍山村,龍山村14鄰大庭23號,120.5152,23.4867,龍山社區活動中心,龍山村,50,震災,許澄俊,05-2618345,否,是,否,True,嘉義,84,7934.573199064885,7.934573199064885
1858,嘉義縣竹崎鄉,光華村,4鄰10號,120.5759,23.4869,光華國小[室內],光華村,50,"水災,土石流",楊友善,05-2561074,是,否,否,True,嘉義,84,13971.157009845447,13.971157009845447
1859,嘉義縣竹崎鄉,光華村,4鄰10號,120.5759,23.4869,光華國小[戶外],光華村,160,土石流,楊友善,05-2561074,是,否,否,True,嘉義,84,13971.157009845447,13.971157009845447
1860,嘉義市東區,圳頭里,圓福街86號,120.4647,23.487,嘉義國民中學,圳頭里、王田里,757,"水災,震災",范貴玉,05-2762625,是,是,否,True,嘉義,84,3434.1813237856522,3.434181323785652
1861,嘉義縣太保市,埤鄉里,5鄰埤麻腳77號,120.3872,23.4873,埤鄉社區活動中心,埤鄉里,80,水災,郭金得,938037358,是,否,否,True,嘉義,84,6058.73628590325,6.05873628590325
1862,嘉義縣東石鄉,下揖村,147號,120.1965,23.4875,下楫國小-室內,"頂楫,下楫",63,水災,蔡水河,05-3601508,是,否,否,True,朴子,66,5784.955149288442,5.784955149288442
1863,嘉義縣東石鄉,下揖村,147號,120.1965,23.4875,下楫國小-室外,頂楫、下楫、溪下、港口、鰲鼓,469,震災,蔡水河,05-3601508,否,是,否,True,朴子,66,5784.955149288442,5.784955149288442
1864,嘉義市西區,保福里,世賢路一段687號,120.42788,23.4893,世賢國民小學,保福里,343,"水災,震災",何憲昌,05-2338264,是,是,否,True,嘉義,84,3039.776949727026,3.039776949727026
1865,嘉義市東區,新店里,林森東路346號,120.4666,23.4895,林森國民小學,新店里,388,"水災,震災",蘇鈺盟,05-2762063-114,是,是,否,True,嘉義,84,3768.323826089251,3.768323826089251
1866,嘉義市東區,仁義里,忠孝路394號,120.4532,23.4906,北興國民中學,湖邊里、竹文里、長安里、慶昌里、新厝里、北榮里、香湖里、重興里、榮檜里、後湖里、頂庄里、中庄里、仁義里,319,"水災,震災",孫誠志,05-2766602-303,是,是,否,True,嘉義,84,3109.158234162412,3.109158234162412
1867,嘉義縣竹崎鄉,鹿滿村,鹿滿村7鄰麻箕埔95-1號,120.5067,23.4907,鹿滿社區活動中心,鹿滿村,50,土石流,林添居,05-2615579,是,否,否,True,嘉義,84,7275.898041656905,7.275898041656904
1869,嘉義市西區,新厝里,龍江街87號,120.440796,23.490995,新厝社區活動中心,新厝里,35,水災,柯靜宜,2815556,是,否,否,True,嘉義,84,2903.679560147675,2.9036795601476753
1870,花蓮縣瑞穗鄉,鶴岡村,167 號,121.39,23.4913,花蓮縣鶴岡國民小學,鶴岡村,100,"水災,震災",蔡伍原,03-8872740,否,否,否,True,關山,29,54645.23780209117,54.645237802091174
1871,嘉義市西區,湖邊里,友愛路822號,120.44401,23.49159,博愛國民小學,湖邊里,210,,林蒼毅,05-2322863-211,否,否,否,True,嘉義,84,2982.5402845191466,2.9825402845191467
1872,嘉義市東區,圳頭里,精忠一村1之6號,120.4768,23.4916,精忠社區活動中心,圳頭里,50,水災,韋興元,05-2776068,是,否,否,True,嘉義,84,4691.403208415715,4.691403208415715
1873,嘉義縣阿里山鄉,豐山村,47號,120.754,23.4924,豐山國小室內,豐山村,40,"水災,震災",李俊賢,05-2661071,是,否,否,True,南投（鹿谷）,79,25396.49117093709,25.39649117093709
1874,花蓮縣瑞穗鄉,瑞良村,4鄰信義路3號,121.394,23.4924,瑞良社區活動中心,瑞良村,30,"水災,土石流",黃義雄,03-8872559,是,否,是,True,關山,29,54931.01992720223,54.93101992720223
1875,嘉義市西區,下埤里,頂埤57號,120.41256,23.49248,下埤社區活動中心,下埤里,35,,林淑珍,2601326,否,否,否,True,嘉義,84,4242.7897864315755,4.242789786431575
1876,嘉義縣阿里山鄉,十字村,16號,120.75402,23.492485,十字國小室內,十字村,80,"水災,震災",林信宇,05-2511087,是,是,否,True,南投（鹿谷）,79,25386.871370284753,25.38687137028475
1877,嘉義縣六腳鄉,蒜頭村,蒜頭村188號,120.291893,23.493083,蒜頭國小-室外,蒜南、蒜東、溪厝、工廠,320,震災,葉建宏總務主任,05-3802025#12,否,是,否,True,朴子,66,5449.886546615734,5.449886546615734
1878,花蓮縣瑞穗鄉,瑞美村,中山路二段389號,121.3916,23.4931,花蓮縣瑞穗鄉瑞美國民小學,瑞美村、瑞良村,50,"水災,土石流",簡三其,03-8872014,是,否,是,True,關山,29,54895.354978591495,54.89535497859149
1879,嘉義市東區,仁義里,嘉北街65號,120.4551,23.4935,嘉北國民小學,仁義里,230,震災,婁成國,05-2757091#100,否,是,否,True,嘉義,84,3481.116217159505,3.481116217159505
1880,花蓮縣瑞穗鄉,瑞美村,13鄰中山路二段387號,121.3912,23.4937,瑞美社區活動中心,瑞美村,30,"水災,土石流",蘇院林,03-8871611,是,否,是,True,關山,29,54937.90428215855,54.937904282158556
1881,嘉義縣六腳鄉,蒜頭村,蒜頭村188號,120.292893,23.494022,蒜頭國小活動中心-室內,蒜南、蒜東、溪厝、工廠,470,水災,葉鋆萱總務主任,05-3802025#12,是,否,否,True,朴子,66,5592.916483386688,5.592916483386688
1882,嘉義縣六腳鄉,蒜頭村,蒜頭村73號,120.290764,23.494055,蒜頭活動中心,蒜頭,30,水災,呂松助,05-3800132,是,否,否,True,朴子,66,5417.340116058847,5.417340116058847
1883,花蓮縣瑞穗鄉,奇美村,2鄰40號,121.4467,23.4942,奇美社區活動中心,奇美村,20,"水災,土石流",蔣國雄,03-8991001,是,否,是,True,花蓮,36,55094.62263276031,55.094622632760306
1884,嘉義市西區,北湖里,北社尾路168號,120.42565,23.49452,北園國民小學,北湖里,430,"水災,震災",林秀香,05-2371330,是,否,否,True,嘉義,84,3658.9947886329396,3.6589947886329397
1885,嘉義縣竹崎鄉,金獅村,金獅村11鄰金獅寮31號,120.5413,23.4946,金獅社區活動中心,金獅村,10,土石流,何響埼,05-2566496,是,否,否,True,嘉義,84,10740.292710604639,10.740292710604638
1887,嘉義市西區,北湖里,北社尾路166巷12號,120.42663,23.49517,北園國民中學,北湖里,377,"水災,震災",施駿宏,05-2374673-117,是,否,是,True,嘉義,84,3682.1914660962643,3.6821914660962642
1888,嘉義縣六腳鄉,蒜頭村,188號之5,120.2931,23.4952,六腳鄉老人文康中心,灣北、灣南、雙涵,240,水災,林朝安,05-3801114,是,否,否,True,朴子,66,5685.107774418681,5.6851077744186815
1889,嘉義縣太保市,梅埔里,10鄰梅子厝71-1號,120.3867,23.4952,春梅社區活動中心,後潭里,30,震災,官進財,910754374,否,是,否,True,嘉義,84,6511.731003667205,6.511731003667205
1890,嘉義縣太保市,太保里,31號,120.3867,23.4952,太保國小[室內],太保里,180,震災,江連君,3711015,否,是,否,True,嘉義,84,6511.731003667205,6.511731003667205
1891,花蓮縣萬榮鄉,紅葉村,1鄰9號,121.3446,23.4954,紅葉社區活動中心,紅葉村,50,"水災,土石流,海嘯",胡春花,03-8871426,是,否,是,True,關山,29,53253.85732499394,53.253857324993945
1892,嘉義縣太保市,南新里,10鄰中山路一段140號,120.3845,23.497,南新國小[室內],本市各里,187,震災,張溫俊工友,05-2373005#9,是,否,否,True,嘉義,84,6807.365271924851,6.807365271924851
1893,嘉義縣太保市,南新里,10鄰中山路一段140號,120.3845,23.497,南新國小[室外],本市各里,800,震災,張溫俊工友,05-2373005#9,否,是,否,True,嘉義,84,6807.365271924851,6.807365271924851
1894,花蓮縣瑞穗鄉,瑞穗村,成功北路18號,121.3759,23.4982,花蓮縣立瑞穗國民中學,全鄉,200,"水災,土石流",賴慶翰,03-8873111,是,否,是,True,關山,29,54744.25552952025,54.744255529520245
1895,嘉義縣竹崎鄉,中和村,奮起湖215號,120.5344,23.4988,中和國小[室內],中和村,20,"水災,震災,土石流",郭楠星,05-2561013,是,否,否,True,嘉義,84,10233.751328626551,10.233751328626552
1896,嘉義縣竹崎鄉,中和村,奮起湖215號,120.5344,23.4988,中和國小[戶外],中和村,100,震災,郭楠星,05-2561013,否,是,否,True,嘉義,84,10233.751328626551,10.233751328626552
1897,嘉義縣竹崎鄉,沙坑村,8鄰水坑57之2號,120.5344,23.4988,沙坑國小[戶外],沙坑村,200,土石流,翁瑞隆,2611244,是,否,否,True,嘉義,84,10233.751328626551,10.233751328626552
1898,嘉義市東區,頂庄里,義教街542巷20號,120.4577,23.4991,頂庄社區活動中心,頂庄里、義教里,30,水災,莊天基,05-2765298,是,否,否,True,嘉義,84,4155.693099554912,4.155693099554912
1899,嘉義縣太保市,南新里,4鄰仁愛路25號,120.3857,23.4992,水牛厝社區活動中心,南新里,100,水災,徐盛林,934335520,是,否,否,True,嘉義,84,6836.051650344352,6.836051650344352
1900,嘉義縣太保市,過溝里,4鄰過溝36-5號,120.3599,23.4996,過溝社區活動中心,過溝里,70,水災,陳麗絲,929359632,是,否,否,True,新港,67,6291.023145404421,6.291023145404421
1901,花蓮縣瑞穗鄉,瑞祥村,4鄰祥北路二段127號,121.3588,23.4998,瑞祥社區活動中心,瑞祥村,30,"水災,土石流",黃崧庭,03-8876570,是,否,是,True,關山,29,54232.89288857386,54.23289288857386
1902,花蓮縣瑞穗鄉,瑞穗村,14鄰民生街41號,121.3787,23.4998,瑞穗社區活動中心,瑞穗村,30,"水災,土石流",吳萬德,03-8872964,是,否,是,True,關山,29,55021.49013273762,55.02149013273762
1903,嘉義縣六腳鄉,灣南村,15鄰6號,120.312561,23.499803,灣內國小-室外,灣南,930,震災,呂俊毅總務主任,05-3802306,否,是,否,True,新港,67,6963.102041854788,6.963102041854788
1904,嘉義縣太保市,麻寮里,13鄰中山路二段250號,120.3682,23.4999,麻寮古恩宮集會所,麻寮里,70,水災,朱崑雄,2379795,是,否,否,True,新港,67,6509.769457474682,6.509769457474682
1905,嘉義縣太保市,北新里,17鄰中興路一段250號,120.378286,23.500064,嘉新國中[室外],本市各里,600,,陳添益事務組長,05-2373029#122,否,否,否,True,新港,67,6927.147126793971,6.9271471267939715
1906,嘉義市東區,後湖里,保義路60巷40號,120.4537,23.5011,後湖社區活動中心,後湖里,25,水災,郭萬億,05-2766605,是,否,否,True,嘉義,84,4218.583292374203,4.218583292374203
1907,嘉義縣竹崎鄉,鹿滿村,鹿滿村鹿鳴路2號,120.6983,23.5015,鹿滿國小[室內],鹿滿村,60,震災,林俊良,05-2611472,否,是,否,True,南投（鹿谷）,79,25976.097397247846,25.976097397247845
1908,嘉義縣六腳鄉,蒜頭村,樹仁路1號,120.292165,23.501676,六嘉國中禮堂-室內,塗師、三義、潭墘,90,水災,許順中 總務主任,05-3801215,是,否,否,True,朴子,66,6057.727764790336,6.057727764790336
1909,嘉義縣六腳鄉,蒜頭村,樹仁路1號,120.292165,23.501676,六嘉國中-室外,塗師、三義、潭墘,3000,震災,許順中 總務主任,05-380121511,否,是,否,True,朴子,66,6057.727764790336,6.057727764790336
1910,嘉義縣竹崎鄉,竹崎村,文化路32號,120.5631,23.5023,竹崎國小[戶外],竹崎村,950,土石流,翁俊忠,05-2611018＃10,是,否,否,True,嘉義,84,13121.726564773804,13.121726564773804
1911,嘉義縣竹崎鄉,中和村,中和村奮起湖150號,120.5356,23.503,中華社區活動中心,中和村,80,土石流,李智順,05-2561336,是,否,否,True,嘉義,84,10525.947075777676,10.525947075777676
1912,嘉義縣竹崎鄉,竹崎村,文化路23號,120.5129,23.5033,竹崎高中[戶外],竹崎村,500,土石流,羅茂順,05-2611006,是,否,否,True,嘉義,84,8471.217043794206,8.471217043794207
1913,花蓮縣壽豐鄉,豐裡村,中山路257號,121.3021,23.5034,豐裡活動中心,豐裡村,42,"水災,震災,土石流,海嘯",曾振倫,03-8652802,是,否,是,True,關山,29,52739.787921848816,52.739787921848816
1914,嘉義縣竹崎鄉,竹崎村,竹崎村文化路32號,120.6951,23.505,竹崎國小[室內],竹崎村,80,土石流,翁俊忠,05-2611018,是,否,否,True,南投（鹿谷）,79,25744.47640704296,25.74447640704296
1915,嘉義縣竹崎鄉,內埔村,元興路138號,120.499,23.5069,昇平國中[室內],內埔村,20,"水災,震災,土石流",林錦勳,05-2541041＃12,否,否,否,True,嘉義,84,7520.268508012699,7.520268508012699
1916,嘉義縣竹崎鄉,內埔村,元興路138號,120.499,23.5069,昇平國中[戶外],內埔村,950,震災,林錦勳,05-2541041＃12,否,是,否,True,嘉義,84,7520.268508012699,7.520268508012699
1917,嘉義縣民雄鄉,大崎村,大崎腳17-5號,120.465,23.5076,大崎村辦公處暨社區活動中心,大崎村,60,水災,周妤蓁,05-2213540,是,否,否,True,嘉義（建國路）,86,5305.110267981414,5.305110267981414
1918,嘉義市東區,荖藤里,29之1號,120.4449,23.5086,荖藤社區活動中心,荖藤里,45,水災,吳郁宗,05-2219463,是,否,否,True,嘉義（建國路）,86,4231.287951109033,4.231287951109033
1919,嘉義縣六腳鄉,六腳村,六腳村105號,120.251814,23.509078,六腳國小-室內,六腳、六南、崩山、竹本、永賢、魚寮,60,水災,李永發總務主任,05-3781403,是,否,否,True,朴子,66,4856.797139224684,4.856797139224684
1920,嘉義縣六腳鄉,六腳村,六腳村105號,120.251814,23.509078,六腳國小-室外,六腳、六南、崩山、竹本、永賢、魚寮,530,震災,李永發 總務主任,05-3781403,否,是,否,True,朴子,66,4856.797139224684,4.856797139224684
1923,花蓮縣瑞穗鄉,鶴岡村,14鄰85之6號,121.3911,23.5097,鶴岡社區活動中心,鶴岡村,30,"水災,土石流",余新德,03-8873392,是,否,是,True,花蓮,36,55371.066056083706,55.371066056083706
1924,嘉義縣民雄鄉,福興村,牛稠溪68-3號,120.4278,23.5098,福興社區活動中心,福興村,55,水災,謝寶琴,05-2215770,是,否,否,True,嘉義（建國路）,86,3942.106603925969,3.942106603925969
1926,嘉義縣民雄鄉,秀林村,林子尾66號,120.4722,23.5117,大崎國小-室外,秀林村,50,震災,蔡易霖,05-2771596,否,是,否,True,嘉義（建國路）,86,5474.50112647076,5.47450112647076
1927,嘉義縣民雄鄉,秀林村,秀林村林子尾66號,120.4722,23.5117,大崎國小-室內,秀林村,50,水災,蔡易霖,05-2771596,是,否,否,True,嘉義（建國路）,86,5474.50112647076,5.47450112647076
1928,嘉義縣民雄鄉,秀林村,林子尾38-1號,120.4778,23.5139,秀林村辦公處暨社區活動中心,秀林村,112,水災,吳玉琴,05-2215600,是,否,否,True,嘉義（建國路）,86,5759.1476366662055,5.7591476366662055
1929,雲林縣水林鄉,松中村,松中村蔦松路213號　,120.2297,23.514,蔦松國小,松中村,300,"水災,震災,土石流,海嘯",楊武?,05-7841230,是,否,是,True,朴子,66,5693.142262001781,5.693142262001781
1930,嘉義縣民雄鄉,金興村,頭橋1200號,120.4372,23.5142,金興村辦公處暨社區活動中心,金興村,100,,藺超雄,2201420,是,否,否,True,嘉義（建國路）,86,3454.020245466684,3.454020245466684
1931,雲林縣水林鄉,　埔村,瓊埔村瓊埔路48號　,120.2101,23.5145,中興國小,瓊埔村塭底村,100,"水災,震災,土石流,海嘯",黃忠勇,05-7841064,是,否,是,True,朴子,66,6665.036811626683,6.665036811626683
1932,嘉義縣新港鄉,安和村,安和46號,120.3129,23.5147,安和國小室內,安和村,48,水災,林清池,3772940,是,否,否,True,新港,67,5555.385080868884,5.555385080868884
1933,嘉義縣新港鄉,安和村,46號,120.3129,23.5147,安和國小室外,安和村,100,震災,林清池,3772940,否,是,否,True,新港,67,5555.385080868884,5.555385080868884
1934,嘉義縣竹崎鄉,中和村,石棹10號之1,120.6063,23.5149,中興國小[室內],中和村,30,"水災,震災,土石流",陳虹蓉,05-2561021,否,否,否,True,嘉義,84,17748.58708510891,17.74858708510891
1935,嘉義縣竹崎鄉,中和村,石棹10號之1,120.6063,23.5149,中興國小[戶外],中和村,400,土石流,呂淑女,05-2561021,是,否,否,True,嘉義,84,17748.58708510891,17.74858708510891
1936,嘉義縣民雄鄉,大崎村,內埔仔2-1號,120.4874,23.5155,大吉國中-室外,大崎村、備用,50,震災,吳玉如,05-2774971,否,是,否,True,嘉義（建國路）,86,6478.151235892972,6.478151235892972
1937,嘉義縣民雄鄉,大崎村,內埔仔2-1號,120.4874,23.5155,大吉國中-室內,大崎村、備用,50,水災,吳玉如,05-2774971,是,否,否,True,嘉義（建國路）,86,6478.151235892972,6.478151235892972
1938,嘉義縣竹崎鄉,紫雲村,紫雲村11鄰大竹圍3-2號,120.5731,23.5158,紫雲社區活動中心,紫雲村,50,土石流,林明勇,05-2541667,是,否,否,True,嘉義,84,14604.4945204838,14.6044945204838
1939,嘉義縣阿里山鄉,香林村,2鄰41號,120.808613,23.516493,香林國小室內,香林村,100,"水災,震災",黃源明,05-2679713,是,是,否,True,南投（鹿谷）,79,22436.61736240349,22.43661736240349
1940,嘉義縣竹崎鄉,竹崎村,竹崎村中正路95號,120.5918,23.5184,竹崎老人文康中心,竹崎村,60,震災,劉茂全,05-2611709,否,是,否,True,嘉義,84,16483.839757862945,16.483839757862945
1941,嘉義縣民雄鄉,山中村,山中78-1號,120.4056,23.5194,山中村辦公處暨社區活動中心,山中村,106,水災,黃焜煌,05-2213344,是,否,否,True,嘉義（建國路）,86,3969.424398716383,3.969424398716383
1942,嘉義縣新港鄉,月眉村,月眉123號,120.3517,23.5202,月眉國小室內,月潭、中洋、三間、月眉,500,水災,陳志峰,3772059,是,否,否,True,新港,67,3887.521537557333,3.887521537557333
1943,嘉義縣新港鄉,月眉村,月眉124號,120.3517,23.5202,月眉國小室外,月潭、中洋、三間、月眉,1229,震災,陳志峰,3772059,否,是,否,True,新港,67,3887.521537557333,3.887521537557333
1944,嘉義縣竹崎鄉,義和村,義和村4鄰山子門23號,120.5532,23.5213,義和社區活動中心,義和村,30,震災,鄭庚辛,05-2110959,否,是,否,True,嘉義（建國路）,86,12584.853677715933,12.584853677715934
1945,嘉義縣竹崎鄉,義隆村,義隆村3鄰山知崙7-1號,120.5532,23.5213,義隆社區活動中心,義隆村,30,土石流,林曾月娥,05-2541762,是,否,否,True,嘉義（建國路）,86,12584.853677715933,12.584853677715934
1946,嘉義縣竹崎鄉,坑頭村,坑頭村8鄰復原莊20號,120.5544,23.5214,坑頭村活動中心,坑頭村,20,土石流,楊聰良,05-2611194,是,否,否,True,嘉義（建國路）,86,12702.390829151545,12.702390829151545
1947,嘉義縣竹崎鄉,光華村,光華村5鄰27之1號,120.5544,23.5214,光華社區活動中心,光華村,40,震災,鄭順池,2561117,否,是,否,True,嘉義（建國路）,86,12702.390829151545,12.702390829151545
1949,雲林縣水林鄉,松北村,松北村蔦松路1-1號　,120.2304,23.5217,蔦松國中,松西村松北村,500,"水災,震災,土石流,海嘯",張凱瑞,05-7842948,是,否,是,True,朴子,66,6485.609961772239,6.485609961772239
1950,嘉義縣民雄鄉,興南村,頭橋97號,120.438,23.5228,興南村集會所,興南村,91,水災,陳榮泉,05-2213335,是,否,否,True,嘉義（建國路）,86,2529.601681383607,2.529601681383607
1952,嘉義縣竹崎鄉,灣橋村,灣橋村16鄰灣橋172號,120.5064,23.5242,灣橋社區活動中心,灣橋村,60,土石流,戴嘉宏,989898623,是,否,否,True,嘉義（建國路）,86,7874.937726202199,7.874937726202199
1953,雲林縣口湖鄉,水井村,152號,120.179136,23.524732,水井活動中心,水井村,100,水災,李豐善,05-7906801,是,否,否,True,朴子,66,9612.285943619483,9.612285943619483
1954,嘉義縣民雄鄉,福樂村,新生一街1號,120.4487,23.5263,福樂村辦公處暨社區活動中心,福樂村、支援金興村使用,128,水災,何尚遙,05-2201835,是,否,否,True,嘉義（建國路）,86,2648.2194151027206,2.6482194151027207
1955,嘉義縣民雄鄉,興中村,江厝店30號,120.42,23.5266,興中國小-室外,興中村,150,震災,張明顯,05-2214725,否,是,否,True,嘉義（建國路）,86,2424.862295179775,2.4248622951797754
1956,嘉義縣民雄鄉,興中村,江厝店30號,120.42,23.5266,興中國小-室內,興中村,150,水災,張明顯,05-2214725,是,否,否,True,嘉義（建國路）,86,2424.862295179775,2.4248622951797754
1957,花蓮縣瑞穗鄉,瑞北村,4鄰祥北路一段54之1號,121.3765,23.5267,瑞北社區活動中心,瑞北村,30,"水災,土石流",李孔忠,03-8871754,是,否,是,True,花蓮,36,54244.66151980899,54.24466151980899
1958,嘉義縣民雄鄉,興中村,江厝店29-4號,120.4206,23.5273,興中村辦公處暨社區活動中心,興中村、支援金興村使用,128,水災,游素芬,05-2213914,是,否,否,True,嘉義（建國路）,86,2326.6227867030752,2.326622786703075
1959,嘉義縣竹崎鄉,竹崎村,竹崎村文化路23號,120.5694,23.5281,竹崎高中[室內],竹崎村.龍山村,100,土石流,羅茂順,05-2611006,是,否,否,True,嘉義（建國路）,86,14085.832526865188,14.085832526865188
1960,嘉義縣民雄鄉,福樂村,光明二街191號,120.452072,23.528949,福樂國小教室,福樂村,100,"水災,土石流",林味玉,05-2206112,是,否,否,True,嘉義（建國路）,86,2668.5874760724364,2.668587476072436
1961,嘉義縣民雄鄉,福樂村,光明二街191號,120.452072,23.528949,福樂國小操場,福樂村,200,震災,林味玉,05-2206112,否,是,否,True,嘉義（建國路）,86,2668.5874760724364,2.668587476072436
1962,嘉義縣竹崎鄉,沙坑村,沙坑村8鄰水坑56之8號,120.5196,23.5293,沙坑社區活動中心,沙坑村,20,土石流,蕭金發,05-2612178,是,否,否,True,嘉義（建國路）,86,9045.487433135902,9.045487433135902
1963,嘉義縣阿里山鄉,樂野村,56號,120.74,23.5296,樂野村社區活動中心,樂野村,50,水災,伍亞權,05-2561025,是,是,否,True,南投（鹿谷）,79,21664.024829245733,21.664024829245733
1964,嘉義縣阿里山鄉,來吉村,4鄰91號,120.740007,23.529713,來吉國小室內,來吉村,50,水災,吳敏德,05-2661232,是,否,否,True,南投（鹿谷）,79,21651.746275022466,21.651746275022465
1965,嘉義縣竹崎鄉,獅埜村,獅埜村8鄰許厝8之1號,120.5206,23.5303,獅埜社區活動中心,獅埜村,80,震災,林宜成,05-2110569,否,是,否,True,嘉義（建國路）,86,9125.09578542845,9.12509578542845
1966,雲林縣口湖鄉,湖口村,30號,120.164704,23.530488,文光國小湖口分校,湖口村,150,水災,徐國峰,05-7906930,是,否,否,True,朴子,66,11136.90905884806,11.13690905884806
1967,嘉義縣民雄鄉,北斗村,北勢子19-4號,120.4564,23.5333,北斗村辦公處暨社區活動中心,北斗村,82,水災,劉秀琴,05-2214217,是,否,否,True,嘉義（建國路）,86,2751.969396118272,2.751969396118272
1968,嘉義縣民雄鄉,北斗村,3鄰北勢子17號,120.4571,23.5341,秀林國小風雨教室、操場,北斗村,200,水災,賴萬祥,05-2215690,是,否,否,True,嘉義（建國路）,86,2774.999789555004,2.7749997895550043
1969,嘉義縣民雄鄉,?福村,7鄰60號,120.4424,23.5344,?福村辦公處暨社區活動中心,?福村,43,水災,游素芬,05-2215524,是,否,否,True,嘉義（建國路）,86,1546.1351562606399,1.5461351562606398
1970,嘉義縣民雄鄉,中央村,田中央77號,120.4051,23.5357,中央村辦公處暨社區活動中心,中央村,67,水災,姜守倫,05-2263621,是,否,否,True,嘉義（建國路）,86,3003.2453152719,3.0032453152719
1971,雲林縣口湖鄉,後厝村,8鄰110號,120.195009,23.536117,後厝社區活動中心,後厝村,200,水災,李塗水,05-7906007,是,否,否,True,朴子,66,9510.27893807649,9.510278938076489
1972,嘉義縣民雄鄉,文隆村,鴨母 47-7號,120.4201,23.5374,文隆村辦公處暨社區活動中心,文隆村,72,水災,謝寶琴,05-2264962,是,否,否,True,嘉義（建國路）,86,1542.8752611179286,1.5428752611179286
1973,雲林縣水林鄉,溪墘村,溪墘村溪墘厝41號,120.2654,23.5379,和安國小,溪墘村,150,"震災,土石流",顏曉湘,05-7853932,是,否,是,True,朴子,66,8230.150218859231,8.230150218859231
1974,雲林縣水林鄉,山腳村,山腳村蕃東路1號　,120.2248,23.5392,文正國小,山腳村番薯村,300,"水災,震災,土石流,海嘯",張秀麗,05-7841051,是,否,是,True,朴子,66,8506.252542382717,8.506252542382718
1975,嘉義縣梅山鄉,瑞里村,幼葉林55號,120.6742,23.5393,瑞里社區活動中心,瑞里村,50,水災,蔡明月,05-2501413,是,否,否,True,斗六,79,23215.721753521815,23.215721753521816
1976,嘉義縣梅山鄉,瑞里村,112號,120.665,23.54,瑞里國小[室外],瑞里村,100,震災,郭智軒,05-2501020,否,是,否,True,斗六,79,22630.559361373478,22.63055936137348
1977,嘉義縣民雄鄉,松山村,4鄰43號,120.4761,23.5401,松山村辦公處暨社區活動中心,松山村,26,水災,何美惠,05-2721533,是,否,否,True,嘉義（建國路）,86,4467.239639250812,4.467239639250812
1978,嘉義縣六腳鄉,六斗村,六斗村31號,120.293455,23.540259,六美國小-室外,六斗、港美、豐美,620,震災,黃武勇 總務主任,05-7812708,否,是,否,True,新港,67,5556.745993485131,5.556745993485131
1979,嘉義縣民雄鄉,松山村,松子?43-1號,120.4751,23.5403,松山國小-室外,松山村,100,震災,劉燕如,05-2721831,否,是,否,True,嘉義（建國路）,86,4363.18437654693,4.36318437654693
1980,嘉義縣民雄鄉,松山村,松子腳43之1號,120.4751,23.5403,松山國小3樓多功能教室有電梯,松山村,150,水災,劉燕如,05-2721831-201,是,否,否,True,嘉義（建國路）,86,4363.18437654693,4.36318437654693
1981,嘉義縣梅山鄉,太興村,太興5號,120.6345,23.5415,太興社區活動中心,太興村,50,水災,顏建銓,05-2571650,是,否,否,True,嘉義（建國路）,86,20609.150389183415,20.609150389183416
1982,雲林縣口湖鄉,梧南村,文光路100號,120.189714,23.54171,文光國小,梧南村.水井村,100,水災,王保勝,05-7907189,是,否,否,True,朴子,66,10327.512293403828,10.327512293403828
1983,嘉義縣梅山鄉,太興村,4號,120.6216,23.5423,太興國小[室外],太興村,150,震災,林金枝,05-2571087,否,是,否,True,嘉義（建國路）,86,19290.644423531005,19.290644423531006
1984,嘉義縣六腳鄉,六斗村,六斗村31號,120.2867,23.5431,六美國小-室內,六斗、港美、豐美,60,水災,黃武勇總務主任,05-7812708,是,否,否,True,新港,67,6145.679692165449,6.145679692165449
1985,嘉義縣民雄鄉,西昌村,竹子腳1-2號,120.3831,23.544,西昌村辦公處暨社區活動中心,西昌村,96,水災,翁正欣,05-2266645,是,否,否,True,新港,67,4019.1618644244063,4.019161864424406
1986,雲林縣口湖鄉,梧南村,文光路56之1號,120.190082,23.544428,梧南社區活動中心,梧南村.梧北村,80,水災,李建宏,05-7905649,是,否,否,True,朴子,66,10554.245491395239,10.554245491395239
1987,嘉義縣民雄鄉,平和村,雙援15-2號,120.3933,23.5451,平和村辦公處暨社區活動中心,平和村,37,水災,姜守倫,05-2264894,是,否,否,True,嘉義（建國路）,86,4021.3327085457927,4.021332708545793
1988,雲林縣口湖鄉,梧南村,光明路1號,120.189073,23.545737,宜梧國中,梧南村,500,水災,郭憲仁,05-7907254,是,否,否,True,朴子,66,10732.04100998733,10.732041009987329
1989,雲林縣口湖鄉,梧北村,復興路175-6號,120.19025,23.548496,梧北社區活動中心,梧北村,100,"水災,震災",余學長,05-7905809,是,否,否,True,朴子,66,10921.550775486214,10.921550775486214
1990,嘉義縣民雄鄉,中和村,社溝38-1號,120.4129,23.5493,中和村辦公處暨社區活動中心,中和村,86,水災,劉素珠,05-2265559,是,否,否,True,嘉義（建國路）,86,2072.7346335123702,2.07273463351237
1991,嘉義縣民雄鄉,東湖村,東勢湖174號,120.4406,23.5503,東湖村辦公處暨社區活動中心,東湖村,97,水災,陳秀純,05-2266573,是,否,否,True,嘉義（建國路）,86,991.5794939734366,0.9915794939734366
1992,嘉義縣梅山鄉,安靖村,柿子寮3號,120.5781,23.5527,安靖國小[室外],安靖村,150,震災,陳玉華,05-2621404,否,是,否,True,嘉義（建國路）,86,14870.010860474416,14.870010860474416
1993,嘉義縣新港鄉,宮前村,古民街12號,120.3505,23.5537,文昌國小室內,"宮前村,海瀛村",200,水災,嚴春財,3742172,是,否,否,True,新港,67,522.7548257958424,0.5227548257958424
1994,嘉義縣新港鄉,宮前村,古民街12號,120.3505,23.5537,文昌國小室外,"宮前村,海瀛村",400,震災,嚴春財,3742172,否,是,否,True,新港,67,522.7548257958424,0.5227548257958424
1996,嘉義縣民雄鄉,中樂村,民族路43號,120.4294,23.5551,民雄國小-室外,中樂村,300,震災,宋國鵬,05-2262022-51,否,是,否,True,嘉義（建國路）,86,1156.0940278707526,1.1560940278707525
1997,嘉義縣民雄鄉,中樂村,民族路43號,120.4294,23.5551,民雄國小-室內,中樂村,469,水災,宋國鵬,05-2262022-51,是,否,否,True,嘉義（建國路）,86,1156.0940278707526,1.1560940278707525
1998,雲林縣口湖鄉,成龍村,89號,120.161817,23.555266,安龍宮活動中心,成龍村,100,,田志茂,05-7972691,否,否,否,True,朴子,66,13274.544735294045,13.274544735294045
1999,嘉義縣新港鄉,福德村,登雲路105號,120.345,23.5557,新港國小室內,福德村,850,水災,沈淑貞,3742039,是,否,否,True,新港,67,109.68649414011483,0.10968649414011483
2000,嘉義縣新港鄉,福德村,登雲路105號,120.345,23.5557,新港國小室外,福德村,1000,震災,沈淑貞,3742039,否,是,否,True,新港,67,109.68649414011483,0.10968649414011483
2001,嘉義縣民雄鄉,菁埔村,菁埔137-1號,120.3987,23.556,菁埔村辦公處暨社區活動中心,菁埔村,86,水災,翁正欣,05-2268694,是,否,否,True,嘉義（建國路）,86,3673.459838884759,3.673459838884759
2002,嘉義縣民雄鄉,三興村,陳厝寮37號,120.4767,23.5569,三興村辦公處暨社區活動中心,三興村,124,水災,陳正雄,05-2720137,是,否,否,True,嘉義（建國路）,86,4679.474675450741,4.6794746754507415
2003,雲林縣北港鎮,扶朝里,扶朝76號,120.285,23.557,朝陽國小,扶朝.水埔,100,"水災,震災",黃勝輝,05-7832904,是,否,否,True,新港,67,6184.474622842817,6.184474622842816
2004,嘉義縣民雄鄉,東榮村,中庄130號,120.4346,23.5571,東榮村辦公處暨嘉義縣長壽會館,東榮村,109,水災,陳秀純,05-2064739,是,否,否,True,嘉義（建國路）,86,1342.1377162459817,1.3421377162459818
2005,嘉義縣梅山鄉,瑞?村,生毛樹12號,120.6674,23.5572,瑞峰社區活動中心,瑞峰村,50,水災,陳政吉,05-2571185,是,否,否,True,斗六,79,21196.811249400318,21.19681124940032
2006,嘉義縣民雄鄉,西安村,西安路147號,120.4207,23.5574,民雄國中-室外,西安村,170,震災,何智豪,05-2060578,否,是,否,True,嘉義（建國路）,86,1830.2929044981327,1.8302929044981326
2007,嘉義縣民雄鄉,西安村,西安路147號,120.4207,23.5574,民雄國中-室內,西安村,187,水災,何智豪,05-2060578,是,否,否,True,嘉義（建國路）,86,1830.2929044981327,1.8302929044981326
2008,嘉義縣六腳鄉,崙陽村,崙陽村122號,120.303813,23.55746,北美國小-室內,崙陽,60,水災,張宏誠 總務主任,05-7811429,是,否,否,True,新港,67,4269.016042190009,4.269016042190009
2009,嘉義縣六腳鄉,崙陽村,122號,120.303813,23.55746,北美國小-室外,崙陽,670,震災,張宏誠總務主任,57811429,否,是,否,True,新港,67,4269.016042190009,4.269016042190009
2010,嘉義縣民雄鄉,頂崙村,105號,120.4349,23.5576,東榮國小-室外,東榮村,200,震災,林漢政,05-2262076,否,是,否,True,嘉義（建國路）,86,1401.556156488248,1.401556156488248
2011,嘉義縣民雄鄉,頂崙村,105號,120.4349,23.5576,東榮國小-室內,東榮村、備用,200,水災,林漢政,05-2262076,是,否,否,True,嘉義（建國路）,86,1401.556156488248,1.401556156488248
2012,嘉義縣民雄鄉,三興村,陳厝寮55號,120.4819,23.5578,三興國小-室外,三興村,150,震災,黃文弘,05-2720042,否,是,否,True,嘉義（建國路）,86,5217.341157178448,5.217341157178448
2013,嘉義縣民雄鄉,三興村,陳厝寮55號,120.4819,23.5578,三興國小-室內,三興村,200,水災,黃文弘,05-2720042,是,否,否,True,嘉義（建國路）,86,5217.341157178448,5.217341157178448
2014,嘉義縣梅山鄉,大南村,大草埔15號,120.5543,23.558,大南國小[室外],大南村,150,震災,江德川,05-2621253,否,是,否,True,嘉義（建國路）,86,12497.90311748617,12.497903117486171
2015,嘉義縣新港鄉,福德村,福德路106號,120.3438,23.5584,新港國中室內,福德村,760,水災,張家碩,3742024,是,否,否,True,新港,67,432.155488917443,0.432155488917443
2016,嘉義縣新港鄉,福德村,福德路106號,120.3438,23.5584,新港國中室外,福德村,1000,震災,張家碩,3742024,否,是,否,True,新港,67,432.155488917443,0.432155488917443
2017,嘉義縣民雄鄉,菁埔村,菁埔村130-3號,120.397377,23.558682,菁埔國小二樓活動中心,菁埔村,90,水災,何素勤,05-2262581,是,否,否,True,嘉義（建國路）,86,3905.675761922997,3.905675761922997
2018,嘉義縣民雄鄉,菁埔村,菁埔村130-3號,120.397377,23.558682,菁埔國小操場,菁埔村,99,震災,何素勤,05-2262581,否,否,否,True,嘉義（建國路）,86,3905.675761922997,3.905675761922997
2019,雲林縣水林鄉,大山村,大山村大山路6號,120.2229,23.5603,尖山國小,尖山村大山村順興村,100,"水災,震災,土石流,海嘯",呂燿宗,05-7851756,是,否,是,True,朴子,66,10815.461917400024,10.815461917400023
2020,南投縣信義鄉,同富村,太平巷57-1號,120.874626,23.560392,桐林活動中心,同富村-桐林社區,150,"水災,震災,土石流",張進福 理事長,049-2700070,是,否,是,True,南投（鹿谷）,79,19342.21536669926,19.34221536669926
2021,嘉義縣新港鄉,宮後村,藝高路1號,120.349,23.5604,藝術高中室內,宮後村,600,水災,廖連喜,3747060,是,否,否,True,新港,67,710.4328741063606,0.7104328741063606
2022,嘉義縣新港鄉,宮後村,藝高路1號,120.349,23.5604,藝術高中室外,宮後村,1000,震災,廖連喜,3747060,否,是,否,True,新港,67,710.4328741063606,0.7104328741063606
2024,嘉義縣梅山鄉,太平村,大坪4號,120.6069,23.561,太平社區活動中心,太平村,50,土石流,顏建詮,05-2571145,是,否,否,True,斗六,79,17860.249650727055,17.860249650727056
2025,嘉義縣梅山鄉,太平村,大坪4號,120.6069,23.561,太平國小[室外],太平村,200,震災,吳順發,05-2571004,否,是,否,True,斗六,79,17860.249650727055,17.860249650727056
2026,嘉義縣民雄鄉,豊收村,好收148-1號,120.4506,23.5613,豐收村辦公處暨社區活動中心,豐收村,91,水災,陳正雄,05-2265862,是,否,否,True,嘉義（建國路）,86,2561.177828935802,2.561177828935802
2029,嘉義縣民雄鄉,東興村,葉子寮28-1號,120.4984,23.5619,東興村辦公處暨社區活動中心,東興村,64,水災,何美惠,05-2721273,是,否,否,True,嘉義（建國路）,86,6961.861745006414,6.961861745006414
2030,南投縣信義鄉,東埔村,開高巷63號,120.927292,23.561911,東埔國小,東埔村5鄰,15,"水災,震災,土石流",洪春滿 校長,049-2701340,是,否,是,True,南投（鹿谷）,79,22022.56358343184,22.02256358343184
2033,嘉義縣新港鄉,古民村,古民161號,120.3491,23.5623,古民國小室內,古民村,120,水災,劉嘉文,3742154,是,否,否,True,新港,67,903.0523872060585,0.9030523872060585
2034,嘉義縣新港鄉,古民村,古民161號,120.3491,23.5623,古民國小室外,古民村,1000,震災,劉嘉文,3742154,否,是,否,True,新港,67,903.0523872060585,0.9030523872060585
2035,雲林縣口湖鄉,台子村,台興路130號,120.142412,23.562312,台興國小,台子村,400,水災,黃勝輝,05-7971494,是,否,否,True,朴子,66,15201.605780760443,15.201605780760444
2036,嘉義縣民雄鄉,福權村,福權26號,120.4128,23.5626,福權村辦公處暨社區活動中心,福權村,31,水災,郭明香,05-2262701,是,否,否,True,嘉義（建國路）,86,2805.990555236767,2.8059905552367668
2037,嘉義縣梅山鄉,碧湖村,堀尺嶺9-1號,120.6248,23.5647,碧湖社區活動中心,碧湖村,50,水災,吳福仁,05-2571174,是,否,否,True,斗六,79,18217.266944922932,18.217266944922933
2038,雲林縣北港鎮,南安里,民生路102號,120.2992,23.5657,北港國中,南安.西勢.仁安.大同,300,"水災,震災",梁恩嘉,05-7832022,是,否,是,True,新港,67,4880.491963737378,4.880491963737378
2039,雲林縣水林鄉,大溝村,大溝村大溝路1號　,120.2105,23.5663,大興國小,大溝村,300,"震災,土石流",陳彥揚,05-7851300,是,否,是,True,朴子,66,11808.08104281099,11.80808104281099
2040,澎湖縣馬公市,西衛里,西衛里84號,119.5724,23.5665,西衛社區活動中心,西衛里,80,"水災,震災,海嘯",王崇志,06-9276686,是,否,是,True,馬公,61,696.2801939786414,0.6962801939786414
2041,雲林縣北港鎮,南安里,光明路59號,120.301,23.5665,南陽國小,義民.中和.共榮.賜福,500,"水災,震災",洪錫欽,05-7832106,是,否,否,True,新港,67,4726.039424346316,4.726039424346316
2042,南投縣信義鄉,東埔村,開高巷58號,120.917077,23.566583,東埔活動中心,東埔村1鄰,600,"水災,震災,土石流",方春光 理事長,049-2702915,是,否,否,True,南投（鹿谷）,79,20979.390301749063,20.979390301749063
2043,雲林縣口湖鄉,過港村,119號,120.192722,23.567432,文光國小過港分校,過港村,300,水災,謝明學,05-7892183,是,否,否,True,朴子,66,12624.501642409046,12.624501642409045
2044,嘉義縣民雄鄉,頂崙村,崙子頂25-1號,120.4379,23.5679,頂崙村辦公處暨社區活動中心,頂崙村,40,水災,謝佩玲,05-2263748,是,否,否,True,嘉義（建國路）,86,2579.408670151896,2.5794086701518957
2045,澎湖縣馬公市,案山里,澎湖縣馬公市大賢街160號,119.5658,23.568,勞工育樂中心,案山里,100,"水災,震災,海嘯",葉朝慶,06-9212680,是,否,是,True,馬公,61,119.91142741074482,0.11991142741074481
2046,雲林縣北港鎮,光民里,厚生路15號,120.305,23.568,朝天宮厚生大樓,東陽、光民、東華、仁和、公館,1000,"水災,震災",蔡??,05-7832055,是,否,是,True,新港,67,4386.993449748674,4.386993449748674
2048,澎湖縣馬公市,烏崁里,烏崁里129號,119.581,23.5702,興仁國小教室,烏崁、興仁里,300,"水災,震災,海嘯",謝文仁,06-9211443,是,否,是,True,馬公,61,1520.9472444362132,1.520947244436213
2049,澎湖縣馬公市,西衛里,澎湖縣馬公市六合路300號,119.5665,23.5704,澎湖科技大學學生活動中心,西衛 朝陽,400,"水災,震災,海嘯",曾洪素鸞,06-9272977,是,否,是,True,馬公,61,155.6130782761069,0.1556130782761069
2050,嘉義縣民雄鄉,寮頂村,頂寮59-3號,120.4269,23.5709,寮頂村集會所,寮頂村,15,水災,郭明香,05-2268641,是,否,否,True,嘉義（建國路）,86,2916.56812679883,2.91656812679883
2051,澎湖縣馬公市,鐵線里,鐵線里4-5號,119.5805,23.5715,鐵線社區活動中心,鐵線里,230,"水災,震災,海嘯",許清白,06-9951011,是,否,是,True,馬公,61,1489.6862446914727,1.4896862446914727
2052,澎湖縣馬公市,西文里,文學路221號,119.569,23.5725,文澳國小體育館,西文里,190,"水災,震災,海嘯",陳神忠,06-9212412,是,否,是,True,馬公,61,481.5184628260281,0.4815184628260281
2053,雲林縣水林鄉,水北村,水北村水林路104號,120.2474,23.5728,水林國中,土厝村海埔村,500,"水災,震災,土石流,海嘯",孫明山,05-7852618,是,否,是,True,新港,67,10213.57583896909,10.213575838969088
2054,雲林縣水林鄉,水北村,水北村水林路6號,120.2469,23.573,水燦林國小,後寮村水北村,300,"水災,震災,土石流,海嘯",蔡幸伸,05-7852845,是,否,是,True,新港,67,10267.955992377114,10.267955992377114
2056,澎湖縣馬公市,光華里,光華里101號,119.5697,23.5736,中正國中體育館,光華、菜園里,300,"水災,震災,海嘯",藍凊敏,06-9211137#40,是,否,是,True,馬公,61,622.0415093803352,0.6220415093803352
2057,澎湖縣馬公市,山水里,山水里140號,119.5817,23.5739,山水國小活動中心,鐵線、山水、鎖港里,500,"水災,震災,海嘯",陳瑞中,06-9951004,是,否,是,True,馬公,61,1676.0249137554981,1.6760249137554981
2058,澎湖縣湖西鄉,湖西村,湖西村43-1號,119.6496,23.5739,湖西國中活動中心,湖西、湖東、青螺、白坑村,300,海嘯,郁淑芳,06-9921929#28,否,是,是,True,馬公,61,8536.576735569311,8.536576735569312
2059,雲林縣北港鎮,華勝里,大同路468號,120.2956,23.5741,建國國中,光復.華勝,500,"水災,震災",林吉城,05-7832724,是,否,否,True,新港,67,5525.644232590758,5.525644232590758
2060,花蓮縣瑞穗鄉,富民村,2鄰中正路一段208之1號,121.3745,23.5743,富民社區活動中心,富民村,30,"水災,土石流",劉賢明,03-8811149,是,否,是,True,花蓮,36,49601.26407329788,49.601264073297884
2061,雲林縣口湖鄉,港東村,民主路15號,120.154157,23.574448,金湖國小,港東村,100,水災,洪佩旻,05-7971188,是,否,否,True,臺西,54,14878.025693143472,14.878025693143472
2062,雲林縣北港鎮,樹腳里,大同路647號,120.2889,23.5748,巨人中學,樹腳,200,"水災,震災",林山章,05-7835937,是,否,否,True,新港,67,6189.519068759091,6.1895190687590915
2063,澎湖縣馬公市,東衛里,東衛里170號,119.5746,23.5749,東衛國小活動中心,安宅里,310,"水災,震災,海嘯",呂聖景,06-9213239,是,否,是,True,馬公,61,1079.6268236500139,1.079626823650014
2064,雲林縣口湖鄉,蚵寮村,崇文路二段285號,120.176942,23.575009,崇文國小,蚵寮村,500,水災,丁惠玲,05-7892186,是,否,否,True,朴子,66,14134.177892055164,14.134177892055165
2068,嘉義縣民雄鄉,鎮北村,土庫子24-2號,120.4498,23.5765,鎮北村辦公處暨社區活動中心,鎮北村,75,水災,謝佩玲,05-2262342,是,否,否,True,嘉義（建國路）,86,3890.643032792753,3.890643032792753
2069,花蓮縣萬榮鄉,馬遠村,1鄰5號,121.362553,23.576867,馬遠社區活動中心,馬遠村,120,"水災,土石流,海嘯",溫秀瑛,03-8811184,是,否,是,True,花蓮,36,49927.456259899176,49.927456259899174
2070,花蓮縣萬榮鄉,馬遠村,2鄰馬遠39號,121.361934,23.576872,馬遠國民小學,馬遠村,200,"水災,土石流,海嘯",溫秀瑛,03-8811184,是,否,是,True,花蓮,36,49957.55149999812,49.95755149999812
2071,雲林縣水林鄉,水北村,水北村文化路45號,120.2468,23.5769,水燦林國小水林校區,水南村水北村萬興村,300,"水災,震災,土石流,海嘯",蔡幸伸,05-7852610,是,否,是,True,新港,67,10370.99761039374,10.37099761039374
2072,嘉義縣梅山鄉,龍眼村,龍眼林3-1號,120.6171,23.577,龍眼社區活動中心,龍眼村,50,水災,吳福仁,05-2571201,是,否,否,True,斗六,79,16647.7433868517,16.6477433868517
2073,嘉義縣梅山鄉,圳南村,三源23號,120.5901,23.5771,梅圳國小[室外],圳南村,150,震災,戴素珍,05-2621615,否,是,否,True,斗六,79,15616.5858608425,15.6165858608425
2074,嘉義縣溪口鄉,柳溝村,南靖厝5號,120.414272,23.577344,柳溝國小室外,溪東村等14村,1000,震災,江淑玲總務主任,05-2691071,否,是,否,True,嘉義（建國路）,86,4034.489755413926,4.034489755413926
2075,雲林縣北港鎮,新街里,成功路30號,120.3027,23.5776,北辰國小,華勝.新街,1000,"水災,震災",陳明誌,05-7832153,是,否,是,True,新港,67,5047.000659768467,5.047000659768467
2076,花蓮縣瑞穗鄉,富源村,10鄰學士路31號,121.3759,23.5776,富源社區活動中心,富源村,30,"水災,土石流",周玉梅,03-8811434,是,否,是,True,花蓮,36,49211.15667660397,49.21115667660397
2078,澎湖縣馬公市,五德里,五德里41號,119.5737,23.5784,澎南國中活動中心,五德、井垵里,300,"水災,震災,海嘯",張子烈,06-9951212#29,是,否,是,True,馬公,61,1292.2882212173386,1.2922882212173386
2079,雲林縣北港鎮,新街里,成功路26號,120.3046,23.5784,北港高中,華勝,1000,"水災,震災",傅國樑,05-7821411,是,否,是,True,新港,67,4926.261856649485,4.926261856649485
2080,雲林縣北港鎮,樹腳里,樹腳里大庄2-1號,120.2754,23.5787,樹腳社區活動中心　,樹腳,200,"水災,震災",施子瑋,05-7821168,是,否,否,True,新港,67,7631.4827361498365,7.631482736149836
2081,雲林縣北港鎮,樹腳里,樹腳里過溝42-2號,120.2737,23.5797,過溝社區活動中心,樹腳,100,"水災,震災",李東漢,05-7821926,是,否,否,True,新港,67,7832.738093245823,7.832738093245823
2082,澎湖縣馬公市,風櫃里,風櫃里66號,119.5811,23.5799,風櫃國小活動中心,風櫃里,200,"水災,震災",林銘志,06-9951280,是,否,是,True,馬公,61,1943.4275441624923,1.9434275441624922
2083,雲林縣北港鎮,新街里,太平路80號,120.309,23.5803,北港農工,新街,1000,"水災,震災",廖宏瑩,05-7832246,是,否,否,True,新港,67,4675.281802179379,4.675281802179379
2084,澎湖縣湖西鄉,白坑村,白坑村1-3號,119.6626,23.5817,白坑社區活動中心,白坑村,20,"水災,震災,海嘯",許有進,06-9921025,是,否,是,True,馬公,61,9946.021640227147,9.946021640227148
2085,花蓮縣瑞穗鄉,富興村,13鄰東興路134號,121.3877,23.5817,富興社區活動中心,富興村,30,"水災,土石流",莊明州,03-8811414,是,否,是,True,花蓮,36,48258.69497937221,48.25869497937221
2088,澎湖縣湖西鄉,鼎灣村,鼎灣村37號,119.6419,23.5828,鼎灣社區活動中心,鼎灣、許家、東石村,55,"水災,震災",洪昌邦,06-9213709,是,否,是,True,馬公,61,7882.061850624104,7.882061850624105
2089,嘉義縣梅山鄉,梅北村,中山路28之1號,120.5585,23.583,梅山國小[室外],梅北村,300,震災,陳碧韋,05-2621004,否,是,否,True,嘉義（建國路）,86,13511.762161474846,13.511762161474845
2090,澎湖縣馬公市,鎖港里,鎖港里633號,119.5719,23.5834,鎖港里社區活動中心,鎖港里,230,"水災,震災,海嘯",蔡得源,06-9950686,是,否,是,True,馬公,61,1696.1914366931874,1.6961914366931874
2091,澎湖縣湖西鄉,太武村,太武村14-1號,119.6202,23.584,太武社區活動中心,太武村,20,海嘯,歐孟沛,06-9262078,否,是,是,True,馬公,61,5761.32452447306,5.76132452447306
2092,澎湖縣湖西鄉,沙港村,澎湖縣湖西鄉沙港村75-1號,119.6526,23.584,沙港社區農漁民活動中心,沙港 鼎灣,500,"水災,震災,海嘯",莊玉璁,06-9921731,是,否,是,True,馬公,61,8979.890822691515,8.979890822691516
2095,澎湖縣湖西鄉,北寮村,北寮村25-2號,119.669,23.5854,北寮社區活動中心,北寮村,30,"水災,震災",洪國進,06-9921024,是,否,是,True,馬公,61,10655.195046749235,10.655195046749235
2096,嘉義縣梅山鄉,梅北村,健康街136號,120.5607,23.5867,梅山國中[室外],梅北村,300,震災,賴俊杰,05-2621047#12,否,是,否,True,嘉義（建國路）,86,13856.010123916778,13.856010123916779
2097,雲林縣口湖鄉,湖東村,文明路103巷46號,120.183936,23.58672,口湖國小,謝厝村,100,水災,許大成,05-7892154,是,否,否,True,臺西,54,12882.93640053317,12.88293640053317
2098,嘉義縣梅山鄉,梅北村,民生街1號,120.5518,23.5871,梅北國小[室外],梅北村,300,震災,廖文銘,05-2626545,否,是,否,True,嘉義（建國路）,86,13018.387956459992,13.018387956459993
2099,澎湖縣湖西鄉,潭邊村,潭邊村53號,119.6425,23.5872,潭邊社區活動中心,潭邊、許家村,105,"水災,震災",歐青厚,06-9213710,是,否,是,True,馬公,61,8049.862373130805,8.049862373130805
2100,雲林縣北港鎮,新厝里,新厝49號,120.3182,23.5872,辰光國小,後溝.新厝.府番,100,"水災,震災",紀麗宏,05-7834320,是,否,否,True,新港,67,4541.850054759684,4.541850054759684
2101,雲林縣口湖鄉,湖東村,文明路133巷20號,120.184655,23.587604,口湖國中,謝厝村,100,水災,古靜芳,05-7892027,是,否,否,True,臺西,54,12776.961686436962,12.776961686436962
2102,嘉義縣新港鄉,北崙村,北崙75-4號,120.3572,23.5899,復興國小室內,南北崙村,40,水災,呂其福,3760424,是,否,否,True,新港,67,4061.5048453080403,4.061504845308041
2103,嘉義縣新港鄉,南港村,南港58號,120.3572,23.5899,復興國小室外,南北崙村,100,震災,呂其福,3760424,否,是,否,True,新港,67,4061.5048453080403,4.061504845308041
2104,嘉義縣大林鎮,中林里,147號,120.4767,23.59,中林國小室外,中林里,900,震災,涂玉仙主任,05-2653941,否,是,否,True,嘉義（建國路）,86,6700.891656694869,6.7008916566948695
2105,南投縣信義鄉,神木村,民和巷27-1號,120.88984,23.59024,神木活動中心,神木村1-12鄰,150,"水災,震災,土石流",郭文義 理事長,049-2701256,是,否,否,True,南投（鹿谷）,79,17231.940080079952,17.23194008007995
2108,雲林縣北港鎮,草湖里,華勝路655號,120.302058,23.592941,僑美國小,劉厝.草湖,100,"水災,震災",洪英,05-7832307,是,否,否,True,新港,67,6123.659701739248,6.123659701739248
2109,南投縣信義鄉,同富村,同和巷7號,120.888631,23.593575,同富國中 -禮堂,同富村1-4鄰,100,"水災,震災,土石流",張文嘉 校長,049-2701317,是,否,否,True,南投（鹿谷）,79,16857.741274967142,16.857741274967143
2110,嘉義縣溪口鄉,美北村,78-3號,120.379436,23.593759,美林國小室外,溪東村等14村,250,震災,王英得總務主任,05-2691150#103,否,是,否,True,新港,67,5527.8201235899005,5.5278201235899
2111,澎湖縣湖西鄉,南寮村,南寮村121-5號,119.6082,23.5945,南寮社區活動中心,?葉村,80,"水災,震災",陳有擇,06-9921030,是,否,是,True,馬公,61,5136.37778738586,5.13637778738586
2112,澎湖縣湖西鄉,隘門村,隘門村41-1號,119.6164,23.5951,隘門國小多元化教室,隘門村,75,"水災,震災",總務處,06-9212692#30,是,否,是,True,馬公,61,5886.347445839422,5.886347445839422
2113,雲林縣古坑鄉,華南村,華南路28號,120.5747,23.5964,華南國小,華南村,50,"水災,震災,土石流",陳清圳,05-5901529,是,是,是,True,斗六,79,13140.057128152192,13.140057128152192
2115,雲林縣口湖鄉,埔南村,外埔路126號,120.19068,23.597437,埔南社區活動中心,埔南村,50,水災,陳國興,963157218,是,否,否,True,臺西,54,11633.420887810593,11.633420887810592
2116,澎湖縣湖西鄉,尖山村,尖山村5鄰45-1號,119.6139,23.5975,尖山社區活動中心,尖山、龍門村,53,"水災,震災",王家興,06-9921629,是,否,是,True,馬公,61,5805.296275754355,5.805296275754355
2119,澎湖縣湖西鄉,成功村,成功村80-2號,119.6692,23.5985,成功社區活動中心,成功、東石村,95,"水災,震災",李長豐,06-9213702,是,否,是,True,馬公,61,11014.492682859292,11.014492682859293
2123,雲林縣北港鎮,好收里,好收里好收路20號,120.2802,23.5997,好收國小,好收,100,"水災,震災",陳松全,05-7922254,是,否,否,True,新港,67,8316.05113054486,8.31605113054486
2124,嘉義縣大林鎮,平林里,民權路80號,120.4616,23.5997,平林國小室外,平林里,900,震災,鄭居易,05-26508871#202,否,是,否,True,嘉義（建國路）,86,6727.597563346067,6.727597563346067
2125,嘉義縣大林鎮,平林里,新興街116號,120.4584,23.5998,大林鎮老人體育活動中心,平林里等,130,水災,吳淑芸,05-2653211#114,是,否,否,True,嘉義（建國路）,86,6600.990476562336,6.600990476562336
2126,雲林縣口湖鄉,頂湖村,6鄰121號,120.179136,23.5999,頂湖國小,頂湖村,100,水災,林閔翔,05-7892185,是,否,否,True,臺西,54,11513.010046064503,11.513010046064503
2128,澎湖縣湖西鄉,西溪村,西溪村130號,119.6697,23.6003,西溪國小視聽教室,西溪村,55,海嘯,總務處,06-9921082,否,是,是,True,馬公,61,11123.645937846162,11.123645937846161
2129,嘉義縣大林鎮,大美里,1鄰33號,120.5043,23.601,大美活動中心,大美里,40,水災,廖朝萍,2641529,是,否,否,True,嘉義（建國路）,86,9578.61133774942,9.57861133774942
2130,花蓮縣豐濱鄉,豐濱村,光豐路26號,121.5218,23.6012,豐濱國中禮堂,豐濱村,0,"水災,震災,土石流",劉文彥,03-8791159,是,否,是,True,花蓮,36,41751.802813368544,41.75180281336854
2131,嘉義縣溪口鄉,溪北村,中山路91號,120.391817,23.602156,溪口鄉老人文康中心,溪東村等14村,40,水災,唐偉倫,05-2695950#24,是,否,否,True,新港,67,7055.650862316164,7.055650862316164
2132,嘉義縣大林鎮,西林里,中正路423號,120.4536,23.6024,大林國小室外,本鎮鎮民,1200,震災,簡國柱主任,05-2652061#940,否,是,否,True,嘉義（建國路）,86,6694.150883643236,6.6941508836432355
2134,嘉義縣溪口鄉,溪北村,中山路89號3樓,120.392284,23.602641,溪口鄉公所三樓禮堂,溪東村等14村,80,水災,陳成男,05-2695950#38,是,否,否,True,新港,67,7127.457386862807,7.127457386862806
2135,嘉義縣溪口鄉,溪西村,中正路182號,120.39444,23.603785,北極殿香客大樓,溪東村等14村,100,水災,郭應昆,05-2691604,是,否,否,True,新港,67,7369.318342721568,7.369318342721568
2136,嘉義縣溪口鄉,溪北村,中山路53號,120.394218,23.604503,溪口國小室內,溪東村等14村,50,水災,吳國裕主任,05-2691013#904,是,否,否,True,新港,67,7412.7829796551605,7.4127829796551605
2137,嘉義縣溪口鄉,溪北村,中山路53號,120.394218,23.604503,溪口國小室外,溪東村等14村,850,震災,吳國裕總務主任,05-2691013#904,否,是,否,True,新港,67,7412.7829796551605,7.4127829796551605
2138,雲林縣水林鄉,灣東村,灣東村宏仁路30號,120.2398,23.6048,宏仁國小,春埔村西井村,300,"水災,震災,土石流,海嘯",蔡子平,05-7857080,是,否,否,True,臺西,54,11547.566507946744,11.547566507946744
2140,嘉義縣大林鎮,三和里,中興路二段937號,120.4886,23.6058,三和國小室外,三和里,900,震災,賴信宏主任,05-2952145#13,否,是,否,True,嘉義（建國路）,86,8817.544545570727,8.817544545570726
2141,嘉義縣溪口鄉,柴林村,107號,120.37158,23.605881,柴林國小室外,溪東村等14村,250,震災,賴俊誠總務主任,05-2691440,否,是,否,True,新港,67,6246.876687116283,6.246876687116283
2143,花蓮縣光復鄉,大富村,明德路29巷12號,121.3909,23.6073,大富國小,大富村.大豐村,80,"水災,震災,土石流",郭瑛忠,03-8701049,是,是,是,True,花蓮,36,45587.33701789288,45.587337017892885
2145,嘉義縣大林鎮,排路里,231號,120.4222,23.6101,排路國小室外,排路里,400,震災,邱玉燕主任,05-2694974#12,否,是,否,True,嘉義（建國路）,86,7276.521101534758,7.276521101534757
2146,雲林縣古坑鄉,桂林村,桂林村95號,120.6079,23.612,桂林國小,桂林村,150,"水災,震災,土石流",賴建達,05-5901048,是,是,否,True,斗六,79,12785.173526985334,12.785173526985334
2147,雲林縣北港鎮,溝皂里,溝皂里174號,120.2935,23.6128,東榮國小,溝皂,100,"水災,震災",林郁杏,05-7921304,是,否,否,True,新港,67,8331.270962662993,8.331270962662993
2148,嘉義縣大林鎮,排路里,排路里167號,120.4243,23.613,排路社區活動中心,西結里等,70,水災,郭炳坤,05-2694359,是,否,否,True,嘉義（建國路）,86,7567.1006316041,7.5671006316041005
2149,雲林縣口湖鄉,埔北村,林圍路39-2號,120.19068,23.613542,埔北社區活動中心,埔北村,60,水災,吳志欽,05-7892232,是,否,否,True,臺西,54,9855.848824866263,9.855848824866264
2151,雲林縣古坑鄉,崁腳村,南昌路6號,120.54,23.6143,興昌國小,崁腳村,100,"水災,震災",魏國賢,05-5821060,是,是,否,True,斗六,79,10815.538521147279,10.815538521147278
2154,南投縣信義鄉,望美村,望和巷10號,120.886531,23.615773,望鄉活動中心,望美村1-3鄰,100,"水災,震災,土石流",以立歐.伊斯卡卡夫特,049-2701170,是,否,否,True,南投（鹿谷）,79,14765.81197743486,14.76581197743486
2155,南投縣信義鄉,望美村,美信巷54號,120.884999,23.616187,久美國小,望美村4-9鄰,200,"水災,震災,土石流",史新健 校長,049-2831506,是,否,是,True,南投（鹿谷）,79,14631.334791008592,14.631334791008593
2156,雲林縣元長鄉,內寮村,內寮村內寮路6號,120.3514,23.6169,仁德國小,內寮村、新吉村、崙仔村,200,"水災,震災",辜明祥,05-7861976,是,否,是,True,新港,67,6899.141923350551,6.899141923350551
2157,嘉義縣溪口鄉,游東村,73-1號,120.401794,23.617531,游東村活動中心,游東游西村,25,水災,村長-邱茂森,05-2693011,是,否,否,True,嘉義（建國路）,86,8617.922215568113,8.617922215568113
2158,嘉義縣大林鎮,三角里,下林頭51號,120.4959,23.6176,社團國小室外,三角里,500,震災,楊雯瑛主任,05-2952504#03,否,是,否,True,嘉義（建國路）,86,10299.54127910169,10.299541279101689
2159,雲林縣口湖鄉,崙中村,福安路24號,120.161904,23.618092,下崙福安宮（香客大樓）,下崙村.崙中村.崙東村,300,水災,王北,05-7991028,是,否,否,True,臺西,54,10064.781232117804,10.064781232117804
2160,南投縣信義鄉,望美村,美信巷55-1號,120.88459,23.618856,久美活動中心,望美村4-9鄰,300,"水災,震災,土石流",馬日江 理事長,0,是,否,是,True,南投（鹿谷）,79,14376.492520218158,14.376492520218159
2161,雲林縣古坑鄉,永光村,光興路20號,120.558397,23.619838,永光老人養護中心,全鄉村民,2,,陳正義,05-5828927,是,否,否,True,斗六,79,10281.524765571583,10.281524765571582
2162,雲林縣水林鄉,蘇秦村,蘇秦村蘇秦路1號,120.2616,23.6206,誠正國小,蘇秦村車港村,300,"水災,震災,土石流,海嘯",王東榮,05-7921114,是,否,是,True,臺西,54,11044.032318996127,11.044032318996127
2163,雲林縣元長鄉,龍岩村,龍岩村148號,120.3146,23.6207,忠孝國小,龍岩村、西莊村、下寮村,200,"水災,震災",高櫻芳,05-7882096,是,否,是,True,新港,67,7947.889176660723,7.947889176660723
2164,雲林縣北港鎮,番溝里,番溝84號,120.2786,23.6225,育英國小,番溝.大北,100,"水災,震災",許宏男,05-7921224,是,否,否,True,新港,67,10140.016595582912,10.140016595582912
2165,雲林縣古坑鄉,永光村,文昌路84號,120.5532,23.6259,永光國小,永光村.永昌村,100,"水災,震災,土石流",吳國誠,05-5821049,是,是,否,True,斗六,79,9555.620211155248,9.555620211155249
2166,澎湖縣白沙鄉,城前村,17-1號,119.595268,23.626177,城前社區活動中心,中屯村、講美村、城前村,74,"水災,震災",林玄立,06-9933491,是,否,是,True,馬公,61,6992.865654453507,6.992865654453507
2169,南投縣信義鄉,羅娜村,信筆巷73號,120.870287,23.628088,羅娜國小,羅娜村5鄰,100,"水災,震災,土石流",馬彼得 校長,049-2831327,是,否,是,True,南投（鹿谷）,79,12666.111631425445,12.666111631425444
2170,南投縣信義鄉,羅娜村,信筆巷30號,120.869961,23.628179,羅娜活動中心,羅娜村1鄰,100,"水災,震災,土石流",伍添福 理事長,0,是,否,否,True,南投（鹿谷）,79,12637.84543494351,12.637845434943511
2171,雲林縣古坑鄉,麻園村,中洲路41-1號,120.514,23.6282,麻園社區活動中心,麻園村,20,"水災,震災",高金泉,05-5823916,是,否,否,True,斗六,79,9788.777859895541,9.788777859895541
2172,雲林縣元長鄉,頂寮村,頂寮村頂寮路11號,120.3338,23.6285,客厝國小,頂寮村、客厝村、下寮村.崙仔村,200,"水災,震災",藍?慧,05-7882718,是,否,是,True,新港,67,8245.170796904295,8.245170796904295
2175,澎湖縣西嶼鄉,外垵村,外垵村4-26號,119.5228,23.6315,外垵社區活動中心,外垵村,90,"水災,震災,海嘯",呂賜教,06-9981660,是,否,是,True,馬公,61,8214.213344222724,8.214213344222724
2176,南投縣竹山鎮,桶頭里,鯉南路385-16號,120.6555,23.6323,內寮社區活動中心,桶頭里,15,"水災,震災,土石流",曾石柱,049-2712317,是,否,否,True,竹山,82,13920.924961259263,13.920924961259264
2177,花蓮縣光復鄉,大興村,民權街17號,121.3982,23.6323,大興國小,大興村,300,"水災,震災,土石流",陳吉文,03-8702987,是,是,是,True,花蓮,36,42795.46770697723,42.79546770697723
2178,澎湖縣西嶼鄉,內垵村,內垵村43-5號,119.5137,23.6324,內垵村?漁民活動中心,內垵村,100,海嘯,洪興周,06-9983537,否,是,是,True,馬公,61,8828.873571137967,8.828873571137967
2179,雲林縣大埤鄉,怡然村,怡然路92號,120.401574,23.633569,舊庄國小,怡然村、北鎮村、興安村、西鎮村等,150,"水災,震災",簡玲怡,05-5912094,是,否,是,True,嘉義（建國路）,86,10298.296170176214,10.298296170176215
2180,花蓮縣光復鄉,大興村,民權街37號,121.3942,23.6338,大興活動中心,大興村,100,"水災,震災,土石流",劉建榮,03-8702216,是,否,是,True,花蓮,36,42847.525109931084,42.847525109931084
2181,澎湖縣西嶼鄉,池東村,池東村213號,119.5222,23.6348,西嶼國中體育館,二崁、池東、池西村,300,"水災,震災,海嘯",陳文正,06-9981110#18,是,是,是,True,馬公,61,8556.365776974153,8.556365776974154
2182,花蓮縣豐濱鄉,新社村,9鄰東興18-1號,121.5308,23.6351,東興部落原住民多功能活動中心,新社村及磯崎村,0,海嘯,石蓮花,03-8711158,是,否,是,True,花蓮,36,37891.87735104555,37.89187735104555
2183,澎湖縣西嶼鄉,橫礁村,橫礁村37-1,119.5246,23.6358,橫礁社區活動中心,橫礁村,30,海嘯,陳添丁,06-9983379,否,是,是,True,馬公,61,8526.361459357295,8.526361459357295
2184,雲林縣元長鄉,瓦?村,新生路11號,120.3595,23.6362,新生國小,瓦瑤村、鹿北村、鹿南村、卓運村,200,"水災,震災",張志明,05-7983093,是,否,是,True,新港,67,9122.608319143414,9.122608319143414
2185,花蓮縣光復鄉,西富村,民有街51巷3-1號,121.4295,23.6362,馬佛活動中心,西富村,100,"水災,震災,土石流",高有民,03-8702206,是,否,是,True,花蓮,36,40967.73395098788,40.96773395098788
2186,雲林縣四湖鄉,四湖村,中山東路37號,120.2284,23.6366,四湖國小,溪底村 新庄村 蔡厝村 湖寮村 鹿場村,200,"水災,震災,土石流,海嘯",吳逢書,05-7872100,是,否,是,True,臺西,54,7844.45324365144,7.84445324365144
2191,雲林縣四湖鄉,飛沙村,大同路47巷5-1號,120.2243,23.6381,四湖鄉飛沙集會所避難收容場所,飛沙村、飛東村,100,"水災,震災,土石流,海嘯",吳順義,05-7723171,是,否,否,True,臺西,54,7539.549521693542,7.539549521693543
2192,澎湖縣西嶼鄉,小門村,小門村11-9號,119.5312,23.6382,小門國小,小門村,200,"水災,震災",總務處,06-9981662,是,否,是,True,馬公,61,8452.182635101672,8.452182635101671
2193,澎湖縣西嶼鄉,合界村,合界村80-1號,119.5313,23.6388,合界社區活動中心,合界村,32,"水災,震災",楊扁,06-9981177,是,否,是,True,馬公,61,8508.200456903322,8.508200456903321
2198,雲林縣四湖鄉,湖西村,中山西路44號,120.1747,23.6408,四湖鄉公所3樓禮堂,湖西村.四湖村.施湖村,40,"水災,震災,土石流,海嘯",黃淑華,05-7876863,是,否,是,True,臺西,54,7246.969350005472,7.246969350005472
2199,雲林縣元長鄉,潭西村,潭西村潭內路1號,120.2893,23.6409,仁愛國小,潭西村、潭東村、西莊村,200,"水災,震災",蔡明芬,05-7882710,是,否,是,True,新港,67,11125.54869730665,11.125548697306652
2200,南投縣信義鄉,新鄉村,新鄉路71號,120.87079,23.641427,新鄉活動中心,新鄉村4-6鄰,200,"水災,震災,土石流",全明忠 理事長,049-2831500,是,否,否,True,南投（鹿谷）,79,11565.640959079099,11.565640959079099
2201,雲林縣大埤鄉,南和村,民權路80號,120.428365,23.641888,大埤國中,大德村 松竹村 尚義村、南和村,187,"水災,震災",林忠億,05-5912051,是,否,是,True,嘉義（建國路）,86,10726.839298281888,10.726839298281888
2202,花蓮縣光復鄉,南富村,建國路二段39號,121.4512,23.6419,砂荖活動中心,南富村,100,"水災,震災,土石流",吳福鍵,03-8702206,是,否,是,True,花蓮,36,39497.515243510374,39.49751524351037
2203,雲林縣斗南鎮,石龜里,5鄰南生路1號,120.482209,23.642396,石龜國小活動中心,新南、靖興、石龜、石溪、林子,300,震災,邱清麗,05-5972354,是,否,是,True,斗六,79,10008.879708933138,10.008879708933138
2205,澎湖縣西嶼鄉,竹灣村,竹灣村70-4號,119.5163,23.6429,竹灣社區活動中心,竹灣村,35,海嘯,許進清,06-9981106,否,是,是,True,馬公,61,9636.206221673276,9.636206221673275
2206,雲林縣四湖鄉,飛沙村,大同路26號,120.1773,23.6431,飛沙國小,溪尾村 羊調村 飛沙村 飛東村 內湖村,100,"水災,震災,土石流,海嘯",蔡佩君,05-7723688,是,否,是,True,臺西,54,6917.9360341516785,6.917936034151679
2207,雲林縣古坑鄉,湳仔村,湳仔村崙子路30號,120.5387,23.6433,湳仔社區活動中心,湳仔村,20,"水災,震災",吳景富,05-5823966,是,否,否,True,斗六,79,7619.029591943253,7.619029591943253
2208,雲林縣大埤鄉,南和村,中正路23號,120.429371,23.644704,大埤國小,南和村、北和村,187,"水災,震災",林明淵,05-5912007,是,否,是,True,嘉義（建國路）,86,11034.819465994768,11.034819465994767
2209,雲林縣古坑鄉,新庄村,新庄村1-1號,120.5611,23.645,新光國小,新庄村,100,"水災,震災",張嫈敏,05-5260572,是,是,是,True,斗六,79,7583.717406486648,7.583717406486648
2210,雲林縣元長鄉,長南村,長南村元南路16號,120.3166,23.6457,元長國中,長南村、長北村、西莊村,500,"水災,震災",許美珠,05-7882012,是,否,是,True,新港,67,10486.911228653926,10.486911228653925
2212,南投縣竹山鎮,桶頭里,鯉南路312號,120.6564,23.646,桶頭社區活動中心,桶頭里,50,"水災,震災,土石流",蔡桂蓮,049-2711023,是,否,否,True,竹山,82,12409.468243272919,12.409468243272919
2213,雲林縣古坑鄉,朝陽村,朝陽路2號,120.567,23.6462,古坑國中,古坑村.朝陽村.西平村.湳仔村,200,"水災,震災",陳育琳,05-5821004,是,是,否,True,斗六,79,7609.322265900895,7.609322265900895
2214,雲林縣大埤鄉,嘉興村,嘉興65號,120.457078,23.647242,嘉興國小,嘉興村 豐田村,125,"水災,震災",陳曉文,05-5912434,是,否,是,True,斗六,79,11472.0203355786,11.4720203355786
2215,澎湖縣白沙鄉,港子村,54-5號,119.59875,23.648238,港子社區活動中心,鎮海村、港子村、岐頭村、瓦硐村、赤崁村,78,"水災,震災",蕭志誠,06-9932876,是,否,是,True,馬公,61,9383.3085201912,9.3833085201912
2216,雲林縣元長鄉,長南村,長南村仁愛街2號,120.3148,23.6497,元長鄉公所大樓,長南村、長北村,200,"水災,震災",陳仙助,05-7882221,是,否,是,True,新港,67,10963.816729924865,10.963816729924865
2217,雲林縣大埤鄉,聯美村,聯豐路99號,120.397799,23.650369,聯美國小,聯美村、豐岡村,100,"水災,震災",陳貴馨,05-5912224,是,否,是,True,新港,67,11848.381392296824,11.848381392296824
2218,雲林縣四湖鄉,崙南村,延平南路18號,120.15602,23.6517,三崙國小,崙南村、廣溝村,100,"水災,震災,土石流,海嘯",李盈萩,05-7721044,是,否,是,True,臺西,54,7125.302625860295,7.125302625860295
2219,花蓮縣豐濱鄉,新社村,150號,121.5354,23.6519,新社國小二樓綜合教室,新社村,200,"水災,震災,土石流",許傳方,03-8711138,是,否,是,True,花蓮,36,35976.798765254774,35.97679876525478
2220,花蓮縣光復鄉,大全村,中山路一段216巷8號,121.4184,23.6521,光復鄉立托兒所,大全村.大進村,100,"水災,震災,土石流",羅彩和,03-8705165,是,是,是,True,花蓮,36,39890.36139218891,39.890361392188915
2221,雲林縣元長鄉,長南村,長南村元西路76號,120.3092,23.6522,元長國小,長南村、長北村,500,"水災,震災",鐘明哲,05-7882017,是,否,是,True,新港,67,11402.22970159608,11.40222970159608
2224,澎湖縣西嶼鄉,大池村,大池村11-5號,119.5166,23.6541,大池社區活動中心,大池村,28,"水災,震災",陳碧珍,06-9983560,是,否,是,True,馬公,61,10695.150020982417,10.695150020982418
2225,雲林縣元長鄉,五塊村,五塊村北水8號,120.2804,23.6571,信義國小,五塊村、合和村,200,"水災,震災",王俊孝,05-7882712,是,否,是,True,臺西,54,9658.845161308218,9.658845161308218
2227,花蓮縣光復鄉,西富村,中正路二段72巷14號,121.4494,23.6584,西南活動中心,西富村,100,"水災,震災,土石流",劉貴滿,03-8702923,是,否,是,True,花蓮,36,37889.642494560474,37.889642494560476
2228,雲林縣大埤鄉,豐田村,豐田12-1號,120.442375,23.65841,豐田活動中心,豐田村,50,"水災,震災",沈英正,05-5912038,是,否,是,True,斗六,79,12023.79176780927,12.023791767809271
2229,雲林縣元長鄉,子茂村,子茂村4號,120.3362,23.6586,和平國小,子茂村,200,"水災,震災",車達,05-7882684,是,否,是,True,崙背,63,11032.674956325065,11.032674956325065
2230,雲林縣土庫鎮,溪邊里,下庄18-1號,120.3853,23.6588,下庄活動中心,溪邊里,46,"水災,震災",陳孟正,05-6621080,是,否,是,True,崙背,63,11554.055337609141,11.55405533760914
2231,南投縣竹山鎮,瑞竹里,鯉南路305-15號,120.6599,23.6597,瑞竹社區活動中心,瑞竹里,100,"水災,震災,土石流",莊勝舟,2711912,是,否,否,True,竹山,82,10853.882888371367,10.853882888371366
2232,花蓮縣光復鄉,北富村,中正路二段23號,121.4484,23.6601,太巴塱國小,北富村.西富村,100,"水災,震災,土石流",林萬男,03-8701134#10,是,是,是,True,花蓮,36,37758.98892608607,37.758988926086076
2233,雲林縣土庫鎮,奮起里,綺湖134號,120.3601,23.661,綺湖社區?人活動中心,奮起里,35,"水災,震災",吳義正,05-6623430,是,否,是,True,崙背,63,10755.020534994388,10.755020534994388
2234,雲林縣大埤鄉,豐岡村,仁和路4號,120.420525,23.661589,仁和國小,三結村 吉田村 豐岡村,100,"水災,震災",陳翠茜,05-5912454,是,否,是,True,崙背,63,12904.22932191039,12.90422932191039
2235,雲林縣古坑鄉,水碓村,水碓路97號,120.5662,23.6623,水碓國小,水碓村.田心村,200,"水災,震災",喬祺,05-5821049,是,是,否,True,斗六,79,5898.575948874519,5.898575948874519
2236,花蓮縣光復鄉,大同村,中正路一段370號,121.431,23.6633,大同活動中心,大同村,100,"水災,震災,土石流",吳張義,03-8701180,是,否,是,True,花蓮,36,38200.2203716873,38.200220371687294
2237,南投縣竹山鎮,瑞竹里,鯉南路251號,120.6664,23.664,瑞竹國小活動中心,瑞竹里,100,"水災,震災,土石流",陳原弘,049-2711024,是,否,否,True,竹山,82,10291.833529260059,10.291833529260058
2238,雲林縣東勢鄉,嘉隆村,東勢鄉嘉隆村守密街51之1號,120.2592,23.6656,嘉隆社區活動中心,嘉隆村、東南村、東北村,78,"水災,震災",吳福裕,05-6992704,是,否,是,True,臺西,54,7327.604963922188,7.327604963922188
2239,雲林縣土庫鎮,溪邊里,溪埔27-2號,120.3939,23.6666,溪埔寮農民休閒活動中心,溪邊里,113,"水災,震災",許宏義,05-6628385,是,否,是,True,崙背,63,11074.96817421875,11.07496817421875
2240,雲林縣斗南鎮,明昌里,延平路二段642號,120.4751,23.6675,橋真國小,舊社.林子.石龜.石溪.靖與.新南,375,震災,蘇清泉,05-5972241,是,否,是,True,斗六,79,8656.764364406792,8.656764364406792
2243,雲林縣古坑鄉,田心村,田心路59號之1,120.5413,23.6693,田心社區活動中心,田心村,20,"水災,震災",劉天喜,0932-573512,是,否,否,True,斗六,79,4727.595093661283,4.727595093661282
2245,雲林縣土庫鎮,埤腳里,埤腳115-1號,120.3489,23.67,埤腳活動中心,埤腳里,67,"水災,震災",黃玉城,05-6622617,是,否,是,True,崙背,63,9695.761222914574,9.695761222914575
2246,南投縣信義鄉,豐丘村,高平巷7-1號,120.874935,23.670189,豐丘活動中心,豐丘村2鄰,100,"水災,震災,土石流",松得生 理事長,049-2791961,是,否,是,True,南投（鹿谷）,79,9805.976329469568,9.805976329469567
2247,花蓮縣光復鄉,大馬村,林森路200號,121.4248,23.6705,光復國中,大平村.大馬村.大同村,100,"水災,震災,土石流",葉淑貞,03-8701027,是,是,是,True,花蓮,36,37783.58869960988,37.78358869960988
2249,雲林縣東勢鄉,嘉隆村,東勢鄉嘉隆村東榮路65號,120.2571,23.6724,東勢國民中學活動中心,嘉隆村、東南村、東北村,200,"水災,震災",陳宏義,05-6991035,是,否,是,True,臺西,54,6751.890630770809,6.751890630770809
2250,雲林縣古坑鄉,高林村,高林路61號,120.5702,23.6737,高林社區活動中心,高林村,20,"水災,震災",高瓊南,05-5265188,是,否,否,True,斗六,79,4945.805917933056,4.945805917933056
2251,雲林縣東勢鄉,東南村,東勢鄉東南村東榮路9巷8-1號,120.2555,23.6739,東南社區活動中心,東南村,81,"水災,震災",丁乃非,05-6992674,是,否,是,True,臺西,54,6528.65030849311,6.52865030849311
2252,南投縣竹山鎮,坪頂里,坪頂路36號,120.6732,23.6742,坪頂里集會所,坪頂里,50,"水災,震災,土石流",陳豊俊里長,049-2711951,是,否,否,True,竹山,82,9111.607709159078,9.111607709159077
2253,雲林縣東勢鄉,東南村,東榮路29巷9號,120.2571,23.6743,東勢國民小學活動中心,東南村、東北村、嘉隆村,238,"水災,震災",李娟娟,05-6991036,是,否,是,True,臺西,54,6651.615710342774,6.651615710342774
2255,雲林縣東勢鄉,東南村,四安路25號,120.2542,23.6744,東勢鄉賜安宮香客大樓,東南村、東北村,134,"水災,震災",吳三國,05-6991025,是,否,是,True,臺西,54,6385.755239533607,6.385755239533607
2257,雲林縣斗南鎮,明昌里,長安路126號,120.47345,23.675538,順安宮明德大樓,全鎮,240,水災,王安仁,05-5972541,是,否,是,True,斗六,79,8331.338309883784,8.331338309883783
2258,南投縣竹山鎮,鯉魚里,鯉行路222號,120.6562,23.6757,鯉南社區活動中心,鯉魚里,20,"水災,震災,土石流",范俊賢,049-2712327,是,否,否,True,竹山,82,9191.369481949176,9.191369481949176
2259,雲林縣東勢鄉,程海村,東勢鄉程海村程海路53號,120.2325,23.6761,程海社區活動中心,程海村、龍潭村,56,"水災,震災",蔡連春,05-6991748,是,否,否,True,臺西,54,4447.77015595064,4.44777015595064
2260,雲林縣土庫鎮,順天里,新建路1-6號,120.388,23.6766,第一老人文康活動中心,石廟里.忠正里.順天里.宮北里.越港里,96,"水災,震災",黃美容,05-6622913,是,否,是,True,崙背,63,9817.930184624433,9.817930184624432
2262,雲林縣斗南鎮,西岐里,中興路111號,120.4701,23.6778,東明國中,大東.新崙.西伯.埤麻、明昌,252,震災,張芳榕,05-5972474,是,否,是,True,斗六,79,8518.233217407487,8.518233217407488
2263,雲林縣東勢鄉,東北村,東勢鄉東北村民權路110號,120.2583,23.6779,東北社區活動中心,東北村,82,"水災,震災",陳平和,05-6992694,是,否,是,True,臺西,54,6587.67042329233,6.58767042329233
2264,雲林縣土庫鎮,埤腳里,扶朝40-8號,120.3624,23.6787,扶朝活動中心,埤腳里,96,"水災,震災",傅淑玲,05-6626618,是,否,是,True,崙背,63,8842.584728133235,8.842584728133236
2265,雲林縣元長鄉,山內村,山內村南山路3號,120.3124,23.6791,山內國小,山內村、後湖村、合和村,200,"水災,震災",顏友信,05-7882152,是,否,是,True,崙背,63,9445.26289120337,9.44526289120337
2266,雲林縣東勢鄉,復興村,東勢鄉復興村復興路28-1號,120.2781,23.6798,復興社區活動中心,復興村、月眉村,56,"水災,震災",劉培發,6991717,是,否,是,True,臺西,54,8406.979088941784,8.406979088941783
2267,雲林縣斗南鎮,西岐里,文昌路150號,120.4795,23.6803,斗南國小,田頭.阿丹.將軍.新光.東明,525,震災,胡光漢,05-5972020,是,否,是,True,斗六,79,7538.082066199084,7.538082066199084
2268,雲林縣斗南鎮,西岐里,中山路202號,120.4772,23.6811,斗南高中,西歧、北銘、東仁、中天、南昌、小東,485,震災,游淑英,05-5972059,是,否,是,True,斗六,79,7707.103241415356,7.707103241415356
2269,雲林縣斗六市,崙?里,仁義路38號,120.5421,23.6811,崙?社區活動中心,崙?里.嘉東里.龍潭里.溝埧里.三光里.江厝里,50,"水災,震災,土石流,海嘯",田瑞枝,05-5223636,是,否,否,True,斗六,79,3418.52776636572,3.41852776636572
2270,雲林縣斗六市,嘉東里,嘉東中路21號,120.5529,23.6816,嘉東社區活動中心,嘉東里.林頭里.崙?里,40,"水災,震災,土石流,海嘯",李紹福,05-5333255,是,否,否,True,斗六,79,3446.0365748057734,3.4460365748057735
2271,雲林縣土庫鎮,石廟里,中興路175號,120.3898,23.6822,土庫鎮公所活動中心,石廟里.忠正里.順天里.宮北里.越港里,44,"水災,震災",王振芳,05-6623211,是,否,是,True,崙背,63,9335.900236409321,9.335900236409321
2272,雲林縣東勢鄉,月眉村,東勢鄉月眉村月興路5-1號,120.2833,23.683,月眉社區活動中心,月眉村、復興村,54,"水災,震災",張見文,05-6991731,是,否,是,True,麥寮,57,8442.43963294214,8.44243963294214
2273,雲林縣斗六市,久安里,永興路44-1號,120.5188,23.683011,深圳社區活動中心,久安里.龍潭里.溝埧里.江厝里,60,"水災,震災,土石流,海嘯",林國良,05-5222130,是,否,否,True,斗六,79,4163.924957982191,4.163924957982191
2274,雲林縣臺西鄉,溪頂村,溪頂12號,120.18994,23.683116,尚德國小操場,溪頂村,150,震災,陳明誌,6982074,否,是,否,True,臺西,54,2318.056392748879,2.3180563927488786
2276,雲林縣土庫鎮,大荖里,大荖路47號,120.3692,23.6842,大荖里活動中心,大荖里,60,"水災,震災",溫孟芝,05-6622714,是,否,是,True,崙背,63,8386.670835409921,8.386670835409921
2277,花蓮縣光復鄉,東富村,東富路60號,121.4825,23.6845,東富國小,東富村,100,"水災,震災,土石流",鄭金寶,03-8701292,是,是,是,True,花蓮,36,33936.04885560822,33.93604885560822
2278,雲林縣古坑鄉,東和村,文化路120號,120.5686,23.6849,東和國小,東和村,100,"水災,震災",林秉武,05-5263153,是,是,否,True,斗六,79,3834.71745919202,3.8347174591920203
2279,南投縣草屯鎮,山腳里,虎山路299號,120.964468,23.685655,山腳里集會所暨活動中心,山腳里,120,"水災,震災",陳松茂里長,049-2332160,是,否,否,True,南投（鹿谷）,79,17716.26124172102,17.716261241721018
2280,南投縣草屯鎮,新厝里,新富一街1號,120.969481,23.686017,新厝里集會所暨活動中心,新厝里,100,"水災,震災",簡宏校里長,492367999,否,否,否,True,南投（鹿谷）,79,18208.72645411404,18.20872645411404
2281,雲林縣土庫鎮,石廟里,復興路318號,120.3886,23.6862,土庫國中樂群堂,後埔里.大荖里,400,"水災,震災",賴經傑,05-6622645,是,否,是,True,崙背,63,8885.49692282869,8.88549692282869
2282,雲林縣古坑鄉,棋盤村,棋山49號,120.6038,23.6864,棋山國小,棋盤村,100,"水災,震災",黃啟銘,05-5263673,是,是,是,True,斗六,79,6626.42159951189,6.6264215995118905
2283,南投縣信義鄉,自強村,陽和巷54號,120.850886,23.689635,風斗避難中心,自強村6-11鄰,30,"水災,震災,土石流",陳錦昌 理事長,0,是,否,否,True,南投（鹿谷）,79,6590.221427793296,6.5902214277932964
2284,雲林縣虎尾鎮,興南里,興南57之5號,120.4392,23.6905,興南社區活動中心,興南里,102,水災,沈清溪,05-6328668,是,否,否,True,斗六,79,11044.843059984036,11.044843059984036
2287,雲林縣東勢鄉,龍潭村,東勢鄉龍潭村仁愛路43號,120.2421,23.6924,龍潭社區活動中心,龍潭村、程海村,56,"水災,震災",李廣,05-6992734,是,否,是,True,臺西,54,4493.954550897913,4.493954550897913
2288,南投縣竹山鎮,福興里,鯉南路191號,120.6639,23.6928,福興社區活動中心,福興里,50,"水災,震災,土石流",張奭堪,049-2711541,是,否,否,True,竹山,82,7173.570617213016,7.173570617213016
2289,雲林縣斗六市,重光里,重光路43號,120.56614,23.693394,重光社區活動中心,重光里.梅林里.林頭里,80,"水災,震災,土石流,海嘯",王碧枝,05-5263383,是,否,否,True,斗六,79,2971.3677217933637,2.9713677217933636
2291,雲林縣臺西鄉,五榔村,五榔24-2號,120.229553,23.69461,五榔農民活動中心,五榔村、光華村、山寮村及泉州村,150,"水災,震災,土石流,海嘯",吳順?,6985388,是,否,是,True,臺西,54,3193.8185093562165,3.1938185093562166
2292,雲林縣東勢鄉,昌南村,東勢鄉昌南村昌南路119-2號,120.2608,23.6954,昌南社區活動中心,昌南村、同安村,32,"水災,震災",陳炯鋅,05-6992754,是,否,是,True,臺西,54,6313.411233178851,6.313411233178851
2293,花蓮縣萬榮鄉,明利村,5鄰75號,121.4018,23.696,馬太鞍社區活動中心,明利村,80,"水災,土石流,海嘯",許花麗,03-8751114,是,否,是,True,花蓮,36,36556.44541168549,36.55644541168549
2294,雲林縣斗六市,長平里,長平南路38號,120.502,23.6965,長平社區活動中心,長平里.虎溪里.保庄里.久安里,80,"水災,震災,土石流,海嘯",石義雄,05-5340427,是,否,否,True,斗六,79,4702.49614688945,4.70249614688945
2295,雲林縣虎尾鎮,穎川里,林森路二段541號,120.42327,23.696759,雲林縣私立揚子中學活動中心,穎川里.延平里,56,水災,梁志明,05-6330181-121,是,否,否,True,崙背,63,10152.097663573346,10.152097663573345
2296,南投縣信義鄉,明德村,玉山路116-1號,120.854232,23.696888,信義國中 -禮堂,明德村1-6鄰,150,"水災,震災,土石流",王仁穩 校長,049-2791129,是,否,否,True,南投（鹿谷）,79,6553.577568032222,6.553577568032222
2297,雲林縣虎尾鎮,三合里,舊部31之1號,120.4063,23.6977,三合社區活動中心,三合里.芳草里,21,水災,林昆座,05-6626927,是,否,否,True,崙背,63,8852.712063250767,8.852712063250767
2298,南投縣竹山鎮,大鞍里,竹寮巷11號,120.7169,23.699,大鞍國小活動中心,大鞍里,100,"水災,震災,土石流",劉育成,049-2841009,是,否,否,True,竹山,82,7529.18642286104,7.529186422861041
2299,雲林縣褒忠鄉,埔姜村,褒忠鄉埔姜村中勝路62號,120.3108,23.6992,褒忠國中,中民村,300,"水災,震災",林燦基,05-6972056,是,否,是,True,崙背,63,7531.402959225826,7.531402959225826
2302,雲林縣斗六市,,明德路599號,120.532757,23.699976,雲林國中,鎮西里.中和里.鎮南里.龍潭里.久安里.江厝里.三光里,1000,"水災,震災,土石流",總務主任徐宏吉,05-5326071-16,是,否,否,True,斗六,79,1813.0757392593507,1.8130757392593506
2303,雲林縣斗六市,梅林里,內林路77-1號,120.6046,23.7003,梅林社區活動中心,梅林里、湖山里、榴南里,40,"水災,震災,土石流,海嘯",林通能,05-5572539,是,否,否,True,斗六,79,6211.4439533334835,6.211443953333483
2305,雲林縣褒忠鄉,埔姜村,褒忠鄉埔姜村中勝路72號,120.3105,23.7008,褒忠國小,中勝村1-13鄰、16-18鄰 龍岩村12-15鄰,300,"水災,震災",關勝周,05-6972054,是,否,是,True,崙背,63,7395.996316158998,7.395996316158998
2306,雲林縣虎尾鎮,芳草里,芳草69之1號,120.3802,23.7008,芳草社區活動中心,芳草里.三合里,122,,王淮亭,05-6651473,是,否,否,True,崙背,63,7055.822475846001,7.055822475846001
2307,雲林縣臺西鄉,海口村,中山路408號,120.191626,23.701187,臺西國中操場,海口村,350,震災,陳昭龍,6982047,否,是,否,True,臺西,54,793.5983684953533,0.7935983684953533
2309,雲林縣褒忠鄉,埔姜村,褒忠鄉埔姜村中勝路72-2號,120.3113,23.7015,褒忠鄉立托兒所,埔姜村,200,"水災,震災",陳俊嵩,05-6975482,是,否,是,True,崙背,63,7287.16809358332,7.28716809358332
2310,雲林縣東勢鄉,安南村,東勢鄉安南村安南路2之2號,120.2524,23.7016,安南社區活動中心,安南村、同安村,34,"水災,震災",翁其男,6992396,是,否,是,True,臺西,54,5412.243487134964,5.4122434871349645
2311,雲林縣虎尾鎮,西安里,文化路64號（進修推廣部）,120.4296,23.7017,虎尾科技大學第四期教室,安慶里.西安里.穎川里.延平里,63,"水災,震災",陳金環,05-6315077,是,否,否,True,崙背,63,10306.275819733035,10.306275819733035
2312,雲林縣虎尾鎮,西安里,文化路64號（教務處）,120.4296,23.7017,虎尾科技大學第三期教室,安慶里.西安里.興南里,88,"水災,震災",林珮鵑,05-6315181,是,否,否,True,崙背,63,10306.275819733035,10.306275819733035
2313,雲林縣虎尾鎮,西安里,文化路64號（通識中心）,120.4296,23.7017,虎尾科技大學第ㄧ期教室,安慶里.西安里.立仁里,256,"水災,震災",王伶華,05-6315243,是,否,否,True,崙背,63,10306.275819733035,10.306275819733035
2314,雲林縣虎尾鎮,西安里,文化路64號（教務處）,120.4296,23.7017,虎尾科技大學第二期教室,安慶里.西安里.新吉里,390,"水災,震災",王伶華,05-6315243,是,否,否,True,崙背,63,10306.275819733035,10.306275819733035
2315,雲林縣臺西鄉,台西村,民權路9號,120.199483,23.701788,臺西國小操場,台西村,150,震災,戴進隆,6982045,否,是,否,True,臺西,54,45.49779837858965,0.04549779837858965
2316,南投縣鹿谷鄉,和雅村,愛鄉路47-10號,120.7753,23.7029,和雅社區活動中心,和雅村1-2鄰,60,"水災,海嘯",陳貞復,2753610,否,否,否,True,南投（鹿谷）,79,2622.2533018224403,2.6222533018224405
2317,雲林縣虎尾鎮,新吉里,新吉61之1號,120.419,23.7039,新吉社區活動中心,新吉里.立仁里,103,水災,林水榮,05-6331135,是,否,否,True,崙背,63,9306.577811787842,9.306577811787841
2318,雲林縣虎尾鎮,西屯里,164之1號,120.3893,23.7044,西屯社區活動中心,西屯里.東屯里,117,水災,吳東桓,05-6651149,是,否,否,True,崙背,63,7193.357918535332,7.193357918535332
2319,雲林縣土庫鎮,南平里,仁愛街31號,120.3532,23.7045,南平活動中心,南平里.東平里,74,"水災,震災",林淑滿,05-6650605,是,否,是,True,崙背,63,5892.472714852351,5.89247271485235
2320,雲林縣虎尾鎮,東屯里,162號,120.3903,23.7045,東屯社區活動中心,東屯里.西屯里,54,水災,方安為,05-6651635,是,否,否,True,崙背,63,7243.4621518644635,7.243462151864463
2322,雲林縣褒忠鄉,新湖村,褒忠鄉新湖村復興路71號,120.2839,23.7048,復興國小,新湖村10-16鄰,150,"水災,震災",李柏儒,05-6972490,是,否,是,True,麥寮,57,6308.179167338717,6.308179167338717
2323,花蓮縣萬榮鄉,明利村,2鄰34-8號,121.412375,23.704834,明利社區活動中心,明利村,100,"水災,土石流,海嘯",許花麗,03-8751114,是,否,是,True,花蓮,36,35147.615186187424,35.14761518618742
2324,雲林縣東勢鄉,安南村,東勢鄉安南村安南路109號,120.2492,23.705,安南國民小學活動中心,安南村,234,"水災,震災",許芳然,05-6991454,是,否,是,True,臺西,54,5095.076065689168,5.095076065689168
2325,雲林縣斗六市,梅林里,梅林路256號,120.594878,23.705004,梅林國小,梅林里.湖山里.榴南里,200,"水災,震災,土石流,海嘯",總務主任潘佳玲,05-5572211-13,是,否,否,True,斗六,79,5143.007536597131,5.143007536597131
2326,雲林縣土庫鎮,南平里,馬光路174號,120.3536,23.7053,馬光國小學生活動中心,崙內里.東平里.西平里.南平里.北平里.新庄里,297,"水災,震災",陳淑娟,05-6653864701,是,否,是,True,崙背,63,5807.477347383922,5.807477347383922
2327,雲林縣虎尾鎮,立仁里,立仁街40號,120.4283,23.7059,立仁國小活動中心,立仁里.新吉里,114,水災,廖庭蔚,05-6341202-041,是,否,否,True,崙背,63,9925.317810042292,9.925317810042293
2328,雲林縣斗六市,忠孝里,中正路7號,120.5402,23.7061,忠孝里集會所活動中心,忠孝里,50,"水災,震災,土石流,海嘯",陳建成,05-5322610,是,否,否,True,斗六,79,803.0571760867165,0.8030571760867165
2329,雲林縣土庫鎮,西平里,民權路43-2號,120.3511,23.7066,第二老人文康活動中心,崙內里.東平里.西平里.南平里.北平里.新庄里,111,"水災,震災",張美姿,05-6652289,是,否,是,True,崙背,63,5647.464061656973,5.647464061656973
2330,雲林縣斗六市,信義里,文化路6號4樓,120.5499,23.7067,信義里集會所活動中心,信義里,50,"水災,震災,土石流,海嘯",施耀斐,05-5324264,是,否,否,True,斗六,79,758.907553435011,0.7589075534350109
2331,雲林縣斗六市,,正心路1號,120.5363,23.7072,正心中學,虎溪里.長安里.明德里.三平里.保庄里.長平里,1200,"水災,震災,土石流,海嘯",總務主任王浩吉,05-5512502,是,否,否,True,斗六,79,1025.4206346190713,1.0254206346190713
2332,雲林縣虎尾鎮,平和里,光復路22號,120.450732,23.707249,平和國小地下室,平和里,126,,張玫婷,05-6322742-103,是,否,否,True,斗六,79,9625.593748448628,9.625593748448628
2333,花蓮縣豐濱鄉,磯崎村,71號,121.5419,23.7085,磯崎村辦公處活動中心,磯崎村,0,"水災,震災,土石流",李貴良,03-8711029,是,否,是,True,花蓮,36,29696.64211650005,29.69664211650005
2334,南投縣信義鄉,愛國村,愛國巷114-1號,120.853432,23.709187,愛國活動中心,愛國村,100,"水災,震災,土石流",胡逢春 理事長,049-2791193,是,否,是,True,南投（鹿谷）,79,6102.5236495777635,6.102523649577764
2335,雲林縣虎尾鎮,北溪里,北溪81之1號,120.4045,23.7095,北溪社區活動中心,北溪里,97,水災,江炳辛,05-6332786,是,否,否,True,崙背,63,7786.636895714281,7.786636895714281
2336,雲林縣虎尾鎮,新興里,光復路222號,120.4433,23.7095,國立虎尾高級中學金英館,東仁里.新興里.中山里,357,"水災,震災",李汶珊,05-6322121-209,是,否,否,True,斗六,79,10373.12526059287,10.37312526059287
2337,花蓮縣鳳林鎮,長橋里,長橋路4號,121.4195,23.7097,長橋社區活動中心,長橋里,50,"水災,土石流",董經碩,03-8751131,是,否,否,True,花蓮,36,34302.20099304514,34.30220099304514
2339,雲林縣虎尾鎮,下溪里,大庄77-1號,120.4605,23.7102,下溪社區活動中心,下溪里,69,水災,張義淵,05-6220101,是,否,否,True,斗六,79,8617.86005493525,8.617860054935251
2340,南投縣鹿谷鄉,內湖村,興產路71號,120.7818,23.7113,內湖國小專科教室2間,內湖村1-7鄰,150,"水災,震災,土石流,海嘯",李秀俐,049-2752437,是,否,是,True,南投（鹿谷）,79,1529.1000314924925,1.5291000314924925
2341,雲林縣東勢鄉,同安村,東勢鄉同安村同安路67號,120.2657,23.7116,同安國小活動中心,同安村、昌南村、安南村,91,"水災,震災",王昇泰,05-6991244,是,否,是,True,麥寮,57,4851.950543465044,4.851950543465044
2342,雲林縣虎尾鎮,平和里,大成街123號,120.4491,23.7116,多功能活動中心,平和里.新興里,360,水災,鄭碧霞,05-6322132-216,是,否,是,True,斗六,79,9778.377178306739,9.778377178306739
2343,雲林縣虎尾鎮,安慶里,民主路36號,120.4402,23.7117,安慶國小地下室,安慶里.中山里,90,,黃建中,05-6322161-704,是,否,否,True,崙背,63,10617.309732633707,10.617309732633707
2344,雲林縣虎尾鎮,公安里,5鄰水源路10-10號,120.432713,23.711752,虎尾鎮立體育場,虎尾鎮,6000,震災,陳育璇,05-6322132-207,否,是,否,True,崙背,63,9950.69048040537,9.95069048040537
2345,雲林縣斗六市,,育英北街69號,120.5512,23.7129,斗六國中,鎮東里.八德里.林頭里.重光里.成功里.仁愛里.忠孝里.信義里.公誠里.明德里,1000,,總務主任陳啟軒,05-5323297-301,是,否,否,True,斗六,79,643.3554373520108,0.6433554373520107
2346,南投縣信義鄉,明德村,中平巷32-5號,120.868377,23.712945,忠信活動中心,明德村7-14鄰,50,"水災,震災,土石流",林振福 理事長,049-2791151,是,否,是,True,南投（鹿谷）,79,7561.812618600602,7.561812618600602
2347,雲林縣虎尾鎮,公安里,明正路88號,120.4315,23.7135,虎尾國小體育館,公安里.德興里.安溪里,686,"水災,震災",林俊吉,05-6322026-21,是,否,否,True,崙背,63,9746.122395597506,9.746122395597506
2348,雲林縣斗六市,公正里,莊敬路62號,120.5428,23.7138,斗六市老人文康活動中心,公正里.林頭里.社口里.成功里.仁愛里.四維里.太平里.中和里,200,"水災,震災,土石流,海嘯",游榮連,05-5325421,是,否,否,True,斗六,79,310.7144629008156,0.3107144629008156
2350,花蓮縣萬榮鄉,萬榮村,1鄰8號,121.410119,23.714392,萬榮社區活動中心,萬榮村,50,"水災,土石流,海嘯",陳如花,03-8751497,是,否,是,True,花蓮,36,34391.84014620256,34.391840146202554
2351,雲林縣虎尾鎮,公安里,博愛路65號,120.4368,23.7146,虎尾高級農工職業學校活動中心,公安里.德興里.建國里,647,"水災,震災",黃銘石,05-6322767-500,是,否,否,True,崙背,63,10159.863148821918,10.159863148821918
2352,南投縣竹山鎮,鯉魚里,鯉行路92號,120.6545,23.7152,鯉魚國小活動中心,鯉魚里,100,"水災,震災,土石流",張信敏,049-2644787,是,否,否,True,竹山,82,5119.859510377521,5.119859510377521
2353,雲林縣東勢鄉,新坤村,東勢鄉新坤村新吉路5-5號,120.251,23.7156,新坤社區活動中心,新坤村、四美村,25,"水災,震災",黃華山,05-6993651,是,否,是,True,麥寮,57,4198.981060165642,4.198981060165642
2354,雲林縣褒忠鄉,潮厝村,褒忠鄉潮厝村潮厝96號,120.3352,23.7159,潮厝國小,潮厝村 龍岩村1-11鄰,150,"水災,震災",廖宏彬,05-6972644,是,否,是,True,崙背,63,4814.591262876926,4.814591262876926
2355,雲林縣虎尾鎮,廉使里,文科路1530號,120.4173,23.7171,崇德國中桌球館,廉使里.興中里,357,"水災,震災",陳世豪,05-6322806-043,是,否,否,True,崙背,63,8301.83180403243,8.30183180403243
2356,雲林縣斗六市,,光復路66號,120.5928,23.7176,石榴國中,榴中里.榴南里.湖山里.梅林里.榴北里,600,"水災,震災,土石流,海嘯",總務主任沈志憲,05-5571713-94,是,否,否,True,斗六,79,4916.010646152014,4.916010646152014
2358,雲林縣虎尾鎮,堀頭里,堀頭52號,120.4505,23.7182,堀頭社區活動中心,堀頭里,74,水災,李萬壽,05-6220077,是,否,否,True,斗六,79,9660.940335568686,9.660940335568686
2359,雲林縣虎尾鎮,下溪里,三塊厝7之2號,120.4734,23.7182,三塊厝社區活動中心,下溪里,39,水災,張義淵,05-6220101,是,否,否,True,斗六,79,7334.026004875929,7.33402600487593
2360,雲林縣虎尾鎮,中溪里,溪埔10之1號,120.4614,23.7183,中溪社區活動中心,中溪里,85,水災,周錦利,05-6224355,是,否,否,True,斗六,79,8553.72843085572,8.553728430855719
2362,雲林縣虎尾鎮,堀頭里,6鄰堀頭86-1號,120.451553,23.718646,堀頭里活動中心,堀頭里,52,水災,李萬壽,05-6220077,是,否,是,True,斗六,79,9557.60025455243,9.55760025455243
2363,雲林縣斗六市,虎溪里,虎溪路67-2號,120.522752,23.719842,虎溪社區活動中心,虎溪里.保庄里.長平里,40,"水災,震災,土石流,海嘯",陳明燦,05-5516011,是,否,否,True,斗六,79,2434.4075862056657,2.4344075862056656
2364,雲林縣臺西鄉,永豐村,崙豐路42號,120.209759,23.720327,崙豐國小操場,永豐村,150,震災,丁斌城,6982142,否,是,否,True,臺西,54,2274.1824374339812,2.274182437433981
2365,雲林縣虎尾鎮,埒內里,埒內143之5號,120.4455,23.7208,埒內社區活動中心,埒內里.安溪里,84,水災,許秀琴,05-6220576,是,否,否,True,斗六,79,10193.349040067571,10.19334904006757
2366,雲林縣虎尾鎮,安溪里,安溪6號,120.4432,23.721,安溪社區活動中心,安溪里.埒內里,98,水災,蔡朝忠,05-6323326,是,否,否,True,斗六,79,10428.90865200265,10.42890865200265
2367,雲林縣臺西鄉,永豐村,永豐村崙豐65號,120.2097,23.7218,進安府香客大樓,永豐村、和豐村、富琦村及蚊港村,120,"水災,震災,土石流,海嘯",許文毅,6982289,是,否,是,True,臺西,54,2416.957868660284,2.416957868660284
2368,雲林縣東勢鄉,四美村,東勢鄉四美村四美路65-5號,120.2443,23.7223,四美社區活動中心,四美村、新坤村,32,"水災,震災",吳鐵全,05-6993505,是,否,是,True,麥寮,57,3540.2383958034347,3.540238395803435
2369,南投縣竹山鎮,田子里,田東路43-6號,120.6886,23.7224,田子里集會所,田子里,30,"水災,震災,土石流",吳萬山里長,049-2658805,是,否,否,True,竹山,82,3936.265205485994,3.936265205485994
2370,雲林縣虎尾鎮,廉使里,廉使1020號,120.4201,23.723,廉使社區活動中心,廉使里.墾地里,80,水災,戴國華,05-6365259,是,否,否,True,崙背,63,8219.68005744105,8.21968005744105
2371,雲林縣褒忠鄉,田洋村,褒忠鄉田洋村民生路28巷15號,120.3012,23.7233,龍巖國小,有才村 田洋村,150,"水災,震災",胡文仲,05-6972454,是,否,是,True,麥寮,57,6044.151489091367,6.044151489091367
2372,雲林縣斗六市,榴中里,中興路1號,120.581,23.7241,榴中社區活動中心,榴中里.榴南里.榴北里,100,"水災,震災,土石流,海嘯",楊保中,05-5570696,是,否,否,True,斗六,79,3913.8569595157787,3.913856959515779
2373,雲林縣虎尾鎮,中溪里,中興153號,120.4559,23.7243,虎尾國中活動中心,中溪里.頂溪里,325,,王雅燁,05-6220647-31,是,否,否,True,斗六,79,9188.482787133356,9.188482787133356
2376,雲林縣斗六市,鎮西里,西平路3號,120.5861,23.7247,鎮西國小,中和里.光興里.四維里.太平里.社口里.公誠里.鎮南里.三平里,500,"水災,震災,土石流,海嘯",總務主任邱士哲,05-5322047-105,是,否,否,True,斗六,79,4426.239896064726,4.426239896064726
2377,南投縣鹿谷鄉,竹林村,光復路174-7號,120.758,23.7256,竹林村集會所,竹林村,300,"水災,震災,土石流,海嘯",林信記,049-2676709,是,否,是,True,南投（鹿谷）,79,3797.4178686687355,3.7974178686687354
2378,雲林縣斗六市,榴北里,南環路86號,120.576,23.725612,榴北社區活動中心,榴北里.榴中里.八德里,80,"水災,震災,土石流,海嘯",賴青雲,05-5572701,是,否,否,True,斗六,79,3509.5416300409415,3.5095416300409417
2379,雲林縣斗六市,明德里,鎮北路712號,120.53765,23.726344,明德里多功能活動中心,明德里,50,"水災,震災,土石流,海嘯",賴國進,05-5340986,是,否,否,True,斗六,79,1770.9288925622764,1.7709288925622764
2380,雲林縣林內鄉,湖本村,三權路28號,120.6229,23.7266,湖本活動中心,湖本村,30,"水災,震災,土石流",陳山溪,05-5897940,是,否,否,True,竹山,82,6453.397090934324,6.453397090934324
2381,南投縣竹山鎮,福興里,鯉南路136-1號,120.6665,23.7278,福田社區活動中心,福興里,15,"水災,震災,土石流",蕭寶楨,049-2644024,是,否,否,True,竹山,82,3352.2629904759788,3.3522629904759786
2382,南投縣竹山鎮,福興里,鯉南路136號,120.6665,23.7278,過溪國小活動中心,福興里,100,"水災,震災,土石流",易丕修,049-2642573,是,否,否,True,竹山,82,3352.2629904759788,3.3522629904759786
2383,雲林縣虎尾鎮,惠來里,惠來113之1號,120.4842,23.7291,惠來社區活動中心,惠來里.頂溪里,103,水災,魏坤惠,05-6223327,是,否,否,True,斗六,79,6486.355456781618,6.486355456781618
2384,花蓮縣鳳林鎮,鳳信里,中正路1段120巷24號,121.4434,23.7297,鳳信社區活動中心,鳳信里,50,"水災,土石流",傅金棟,03-8764212,是,否,否,True,花蓮,36,31139.57383452706,31.13957383452706
2385,雲林縣虎尾鎮,頂溪里,過溪63號,120.461735,23.729841,中溪國民小學教室,中溪里.頂溪里,40,水災,王麗敏,05-6222385,是,否,否,True,斗六,79,8719.947619722525,8.719947619722525
2386,雲林縣虎尾鎮,頂溪里,過溪63號,120.461735,23.729841,中溪國民小學運動場,中溪里.頂溪里,200,震災,王麗敏,05-6222385,否,是,否,True,斗六,79,8719.947619722525,8.719947619722525
2387,南投縣鹿谷鄉,竹豐村,光復路92-12號,120.75,23.7314,竹豐社區活動中心,竹豐村,200,"水災,震災,土石流,海嘯",劉因孟,049-2676085,是,否,是,True,南投（鹿谷）,79,4748.655545492753,4.748655545492753
2388,南投縣鹿谷鄉,鳳凰村,仁義路14-8號,120.7846,23.7361,鳳凰社區活動中心,鳳凰村全村,200,"水災,震災,土石流,海嘯",張學清,2750889,否,否,是,True,南投（鹿谷）,79,2176.565519295212,2.1765655192952122
2389,南投縣竹山鎮,德興里,德興巷43號,120.6702,23.7365,德興里集會所,德興里,100,"水災,震災,土石流",陳雅紅里長,049-2653496,是,否,否,True,竹山,82,2318.6694658932643,2.3186694658932643
2390,南投縣水里鄉,上安村,水信路3段303巷8號,120.855427,23.73696,郡坑國小,上安村,200,"水災,震災,土石流,海嘯",蔡政道校長,049-2821421,是,否,否,True,南投（鹿谷）,79,6535.694506605003,6.535694506605003
2391,南投縣鹿谷鄉,廣興村,光復路200號,120.7611,23.7374,廣興社區活動中心,廣興村、和雅村3-4鄰,250,"水災,震災,土石流,海嘯",黃筆顯,049-2752074,是,否,是,True,南投（鹿谷）,79,3984.9530359402233,3.984953035940223
2393,南投縣竹山鎮,秀林里,頂林路369-6號,120.6877,23.738,秀林里集會所,秀林里,100,"水災,震災,土石流",吳清泡里長,049-2644703,是,否,否,True,竹山,82,2295.6432348776348,2.2956432348776348
2394,雲林縣臺西鄉,和豐村,復興路53號,120.222261,23.739817,新興國小操場,和豐村,150,震災,顏成姚,6900143,否,是,否,True,麥寮,57,3373.801015639021,3.373801015639021
2396,雲林縣虎尾鎮,墾地里,11鄰39號,120.401894,23.740995,光復國小教室,墾地里.北溪里.東屯里.西屯里,20,震災,謝寶儀,05-6326257-12,是,否,否,True,崙背,63,5720.1489533618205,5.720148953361821
2397,花蓮縣鳳林鎮,鳳智里,中華路2號,121.449348,23.741218,樂活會館,鳳義里、鳳信里、山興里、南平里,150,"水災,震災,土石流",詹芳雅,03-8762771轉191,是,否,否,True,花蓮,36,29733.53428367174,29.733534283671737
2398,雲林縣斗六市,湖山里,楓湖路92號,120.555534,23.741409,湖山社區活動中心,湖山里.梅林里.榴南里,40,"水災,震災,土石流,海嘯",鄧玉足,05-5572158,是,否,否,True,斗六,79,3445.106436047421,3.4451064360474213
2399,雲林縣斗六市,溪洲里,萬年路809號,120.555534,23.741409,溪洲國小,溪洲里.十三里.長安里,200,"水災,震災,土石流,海嘯",總務主任陳瑜品,05-5512485#041,是,否,否,True,斗六,79,3445.106436047421,3.4451064360474213
2400,雲林縣二崙鄉,來惠村,惠來路12號,120.4163,23.7424,來惠國民小學,來惠村、復興村,500,"水災,震災",謝明貴,05-5982995,是,否,是,True,崙背,63,7088.368566280135,7.088368566280136
2401,花蓮縣鳳林鎮,鳳智里,中正路2段1號,121.4472,23.7429,鳳林鎮藝文中心,鳳智里、山興里,300,"水災,震災,土石流",巫賢偉,03-8762031#14,是,是,否,True,花蓮,36,29687.931302360637,29.68793130236064
2402,南投縣草屯鎮,土城里,中正路167之15號,120.984755,23.743495,土城里集會所,土城里,60,"水災,震災",施惟德里長,049-2552140,是,否,否,True,南投（鹿谷）,79,19592.961039127014,19.592961039127015
2403,花蓮縣鳳林鎮,鳳智里,鳳林鎮光復路8號,121.4488,23.7439,鳳林國中進德堂,鳳智里,350,"水災,震災,土石流",鍾孔麟,03-8762021,是,是,否,True,花蓮,36,29508.343849132674,29.508343849132675
2404,雲林縣林內鄉,九芎村,文化路10號,120.6031,23.7441,九芎國小,"九芎村,林茂村,湖本村",75,"水災,震災,土石流",林怡君,05-5892647#114,是,否,是,True,斗六,79,6917.433860697178,6.9174338606971775
2406,雲林縣西螺鎮,九隆里,四四號,120.4229,23.745,吳厝國小,吳厝里、九隆里、下湳里、七座里,120,"水災,震災,土石流,海嘯",張文智,55863074,是,否,是,True,崙背,63,7686.398139024677,7.686398139024678
2407,雲林縣西螺鎮,吳厝里,吳厝81-1號號,120.4235,23.7456,吳厝里活動中心,吳厝里,50,"水災,土石流,海嘯",林勳源,55862180,是,否,是,True,崙背,63,7734.9020095461165,7.734902009546117
2409,南投縣鹿谷鄉,彰雅村,和興巷21 號,120.7559,23.7459,彰雅社區活動中心,彰雅村1-6、10鄰,200,"水災,震災,土石流,海嘯",劉英賓,049-2752638,是,否,是,True,南投（鹿谷）,79,4955.611463083908,4.955611463083908
2410,花蓮縣鳳林鎮,鳳智里,大同街7-1號,121.451,23.746,"鳳禮,鳳智里活動中心",鳳智里、鳳禮里,60,"水災,土石流",張燕春,03-8763910,是,否,是,True,花蓮,36,29193.099954724305,29.193099954724303
2411,南投縣鹿谷鄉,彰雅村,凍頂巷10-12號,120.7685,23.7466,凍頂集會所,彰雅村7-9鄰,200,"水災,震災,土石流,海嘯",劉英賓,049-2752638,是,否,是,True,南投（鹿谷）,79,4071.491328997768,4.071491328997768
2412,雲林縣斗六市,十三里,十三南路3-5號,120.569365,23.746632,十三社區活動中心,十三里.溪洲里.長安里,40,"水災,震災,土石流,海嘯",顏光玉,05-5516606,是,否,否,True,斗六,79,4583.576241257991,4.58357624125799
2414,雲林縣麥寮鄉,麥豐村,中山路3號,120.2554,23.7469,拱範宮停車場香客大樓,全鄉,0,"水災,震災",張克中,6932033,是,否,否,True,麥寮,57,817.3728792996945,0.8173728792996946
2415,南投縣竹山鎮,??里,鯉南路99-1號,120.6758,23.7469,??里集會所,??里,100,"水災,震災,土石流",蔡孟峰里長,049-2656135,是,否,否,True,竹山,82,1062.014153870502,1.062014153870502
2416,雲林縣林內鄉,九芎村,中央路160-3號,120.6008,23.7471,九芎活動中心,九芎村,30,"水災,震災,土石流",鄭維揚,05-5893175,是,否,否,True,斗六,79,6900.001948344518,6.900001948344517
2417,雲林縣西螺鎮,公?里,公?109號,120.4533,23.7474,公館里活動中心,公館里,50,"水災,土石流,海嘯",廖崎,55862446,是,否,是,True,斗六,79,10143.83973630612,10.14383973630612
2418,雲林縣麥寮鄉,興華村,16鄰興華50-1號,120.2948,23.7479,興華社區活動中心,興華村、瓦村,180,"水災,震災",蔡明宏,05-6932075,是,否,否,True,麥寮,57,4424.799255356246,4.4247992553562465
2419,南投縣鹿谷鄉,鹿谷村,興農巷50-6號,120.7527,23.7489,鹿谷社區活動中心,鹿谷村、和雅村5-6鄰,200,"水災,震災,土石流,海嘯",謝慎梲,049-2752177,是,否,是,True,南投（鹿谷）,79,5417.012681195807,5.417012681195807
2420,花蓮縣鳳林鎮,鳳義里,鳳林鎮水源路56-2號,121.4393,23.7491,鳳義社區活動中心,鳳義里,50,土石流,傅金棟,03-8763004,是,否,否,True,花蓮,36,29542.34936887693,29.54234936887693
2421,雲林縣西螺鎮,鹿場里,西螺鎮鹿場里82號,120.4735,23.7498,鹿場里活動中心,鹿場里,50,"水災,土石流,海嘯",林建成,55842164,是,否,是,True,斗六,79,8413.876755393634,8.413876755393634
2422,花蓮縣鳳林鎮,鳳仁里,中華路111號,121.452,23.7498,鳳仁社區活動中心,鳳仁里,50,"水災,土石流",劉清盛,03-8763174,是,否,否,True,花蓮,36,28780.70982044262,28.780709820442617
2423,雲林縣莿桐鄉,莿桐村,農校路1號,120.507665,23.750013,莿桐國中,莿桐村、大美村、埔尾村,100,"水災,震災",陳育民,05-5842014,是,否,是,True,斗六,79,5687.221649854852,5.687221649854853
2424,南投縣竹山鎮,中山里,新生路346號,120.676,23.7503,新生社區活動中心,中山里,150,"水災,震災,土石流",張金堂理事長,933419458,是,否,否,True,竹山,82,687.3425550828515,0.6873425550828515
2425,南投縣竹山鎮,中山里,新生路346號,120.676,23.7503,新生社區活動中心,中山里,150,"水災,震災,土石流",梁同友理事長,049-2652976,是,否,否,True,竹山,82,687.3425550828515,0.6873425550828515
2426,南投縣鹿谷鄉,永隆村,仁義路41-12號,120.7766,23.7508,永隆社區活動中心,永隆村,300,"水災,震災,土石流,海嘯",李朋錫,049-2755589,是,否,是,True,南投（鹿谷）,79,3997.2234469709933,3.9972234469709935
2427,雲林縣二崙鄉,三和村,三和路17號,120.406,23.7511,三和國民小學,湳仔村、三和村,500,"水災,震災",鍾進益,05-5982795,是,否,是,True,崙背,63,5880.325249553983,5.880325249553983
2428,雲林縣林內鄉,坪頂村,63-5號,120.6373,23.7511,坪頂製茶中心,坪頂村,50,"水災,震災,土石流",楊瑞安,05-5892366,是,否,是,True,竹山,82,4119.893404154676,4.119893404154676
2429,花蓮縣鳳林鎮,鳳仁里,鳳林鎮光復路94號,121.4518,23.7512,鳳仁國小羽球館,鳳仁里,300,"水災,震災,土石流",鍾肇憲,03-8762201,是,是,否,True,花蓮,36,28659.333265914458,28.65933326591446
2430,雲林縣西螺鎮,九隆里,九隆45-1號,120.4328,23.7522,九隆里活動中心,九隆里,50,"水災,土石流,海嘯",黃進國,55872551,是,否,是,True,崙背,63,8589.162873216312,8.589162873216312
2431,雲林縣莿桐鄉,埔子村,榮村20-1號,120.513523,23.752278,榮村社區活動中心,埔子村、大美村,70,水災,廖健言,05-5842791,是,否,是,True,斗六,79,5507.988812702025,5.507988812702025
2432,南投縣竹山鎮,桂林里,中山路7-80號,120.6914,23.7523,桂林里集會所,桂林里,100,"水災,震災,土石流",林金賓里長,049-2633333,是,否,否,True,竹山,82,1506.3502128022728,1.5063502128022728
2433,花蓮縣鳳林鎮,大榮里,復興路69號,121.4676,23.7523,大榮2村社區活動中心,大榮里,50,"水災,土石流",劉清盛,03-8763419,是,否,否,True,花蓮,36,27740.131670232444,27.740131670232444
2434,花蓮縣鳳林鎮,大榮里,鳳林鎮大榮3路15號,121.4676,23.7523,大榮1村社區活動中心,大榮里,50,"水災,土石流",劉清盛,03-8763419,是,否,否,True,花蓮,36,27740.131670232444,27.740131670232444
2435,雲林縣麥寮鄉,瓦?村,霄仁厝47-17號,120.2747,23.753,霄仁社區活動中心,瓦村、興華村、崙後村,100,"水災,震災",謝樹茂,05-6932569,是,否,是,True,麥寮,57,2332.590723946314,2.332590723946314
2436,雲林縣林內鄉,林中村,公園路3號,120.6144,23.7537,淵明國中,林中村,200,"水災,震災,土石流",陳明翔,5892027#046,是,否,是,True,竹山,82,6419.22772033146,6.41922772033146
2437,雲林縣麥寮鄉,麥津村,中山路260號,120.2448,23.7538,麥寮國小活動中心,麥津村、麥豐村、瓦村、海豐村,200,,蘇維新,6932266,否,否,否,True,麥寮,57,716.8804697115422,0.7168804697115422
2439,雲林縣林內鄉,林中村,公園4號,120.6153,23.7549,林中國小,林中村,100,"水災,震災,土石流",張嘉進,05-5892064#103,否,是,否,True,竹山,82,6322.696584461526,6.322696584461526
2442,南投縣竹山鎮,桂林里,中正巷22號,120.6967,23.7553,中正社區活動中心,桂林里,60,"水災,震災,土石流",鄭茂龍,049-2642278,是,否,否,True,竹山,82,1980.58148028502,1.98058148028502
2443,雲林縣崙背鄉,羅厝村,東興路1號,120.374054,23.755745,東興國小,羅厝村、港尾村,27,"水災,震災",吳清池,05-6962164,是,否,否,True,崙背,63,2587.944375532011,2.5879443755320106
2445,雲林縣西螺鎮,七座里,七座25號,120.4445,23.7559,七座里活動中心,七座里,50,"水災,土石流,海嘯",林陳桂蘭,55862448,是,否,是,True,崙背,63,9762.959914671954,9.762959914671955
2447,南投縣竹山鎮,延山里,大舜巷36-6號,120.7252,23.7562,延山社區活動中心,延山里,50,"水災,震災,土石流",劉建芬,049-2651922,是,否,否,True,竹山,82,4882.045389519979,4.882045389519979
2448,雲林縣林內鄉,烏麻村,長源路200號,120.5935,23.7563,林內國中,烏麻村,100,"水災,震災,土石流",黃俊雄,05-5899306#105,是,否,是,True,斗六,79,6977.472272618651,6.977472272618651
2449,南投縣竹山鎮,雲林里,雲林里大明路666號,120.677,23.7568,雲林國小活動中心,雲林里,150,"水災,震災,土石流",劉仲芳,049-2643321,是,否,否,True,竹山,82,55.17831043211869,0.05517831043211869
2450,雲林縣林內鄉,坪頂村,坪頂1號,120.6403,23.7569,成功國小,坪頂村,30,"水災,震災,土石流",曾芳蘭,05-5862090,是,否,是,True,竹山,82,3772.5766523156476,3.7725766523156476
2452,雲林縣莿桐鄉,莿桐村,莿桐鄉莿桐中正路147號,120.497619,23.757197,莿桐國小,莿桐村、甘厝村、甘西村、大美村,299,水災,李美?,05-5842065,是,否,是,True,斗六,79,6967.508174853045,6.9675081748530445
2453,南投縣竹山鎮,中崎里,集山路3段1392號,120.6687,23.7575,中崎社區活動中心,中崎里,50,"水災,震災,土石流",林志豪,049-2651938,是,否,否,True,竹山,82,885.8232527841294,0.8858232527841294
2455,雲林縣崙背鄉,南陽村,大成路91號,120.3489,23.758,崙背國中,南陽村、崙前村,882,"水災,震災",曾麗珠,05-6962013,是,否,是,True,崙背,63,52.691484339256014,0.052691484339256016
2456,雲林縣崙背鄉,羅厝村,東興路14鄰33-10號,120.3673,23.758,羅厝村活動中心,羅厝村,38,水災,李永茂,05-6962054,是,否,是,True,崙背,63,1892.403020879511,1.8924030208795108
2457,雲林縣林內鄉,林南村,成功路13號,120.6166,23.7585,林南活動中心,林南村,30,"水災,震災,土石流",陳世卿,05-5895058,是,否,否,True,竹山,82,6192.360314012582,6.192360314012582
2458,南投縣竹山鎮,延祥里,鹿山路284巷13號,120.7022,23.7587,延祥社區活動中心,延祥里,50,"水災,震災,土石流",陳宏州,049-2647866,是,否,否,True,竹山,82,2550.383156046657,2.550383156046657
2459,雲林縣崙背鄉,南陽村,大成路154號,120.347209,23.758983,崙背國小,南陽村、崙前村,2267,"水災,震災",李政勳,05-6962004,是,否,是,True,崙背,63,222.96284891782759,0.22296284891782758
2460,雲林縣林內鄉,林南村,中正路111號,120.6175,23.7595,林內國小,"林南村,林北村坪頂村",300,"水災,震災,土石流",邱春旗,05-5892019#13,是,否,否,True,竹山,82,6105.910265248268,6.1059102652482675
2461,雲林縣麥寮鄉,興華村,興化1號,120.2882,23.7597,興華國小活動中心,興華村、瓦村,100,"水災,震災",鄭彩敏,6932574,是,否,是,True,麥寮,57,3770.9526119870516,3.7709526119870516
2462,南投縣竹山鎮,延和里,鹿山路40號,120.6953,23.7603,延和國中活動中心,延和里,50,"水災,震災,土石流",吳國琛,049-2658641,是,否,否,True,竹山,82,1884.6096091841011,1.8846096091841011
2463,南投縣竹山鎮,竹圍里,7鄰枋坪巷1號,120.682,23.7605,竹圍里集會所,竹圍里,40,"水災,震災,土石流",廖振輝里長,049-2652406,是,否,否,True,竹山,82,660.458824288231,0.660458824288231
2465,雲林縣莿桐鄉,莿桐村,莿桐鄉莿桐村和平路53號,120.5027,23.7609,莿桐鄉公所4樓禮堂,興桐村、義和村,50,"水災,震災,土石流,海嘯",文雅音,05-5844661,是,否,是,True,斗六,79,6935.188304230422,6.935188304230421
2466,雲林縣莿桐鄉,莿桐村,和平路53號,120.502474,23.761029,莿桐鄉公所4樓禮堂,興桐村、義和村,64,水災,廖依涵,05-5844661,是,否,是,True,斗六,79,6960.707979270003,6.960707979270003
2467,南投縣竹山鎮,延和里,大和街42號1樓,120.6899,23.7616,延和里集會所,延和里,70,"水災,震災,土石流",林韓聖里長,049-2653442,是,否,否,True,竹山,82,1407.4751078334239,1.4074751078334238
2468,南投縣竹山鎮,延和里,向學街32號,120.6875,23.7618,竹山國小齊賢館,延和里,100,"水災,震災,土石流",蔣青翰,049-2647440,是,否,否,True,竹山,82,1199.498393551755,1.1994983935517551
2473,雲林縣西螺鎮,下湳里,安南81號,120.4358,23.7632,下湳里活動中心,下湳里,50,"水災,土石流,海嘯",陳勝雄,55862447,是,否,是,True,崙背,63,8896.221504132445,8.896221504132445
2474,雲林縣崙背鄉,大有村,大有路14號,120.308721,23.763775,大有國小,大有村,306,"水災,震災",盧建勳,05-6962741,是,否,是,True,崙背,63,4137.430931375768,4.137430931375768
2475,雲林縣林內鄉,重興村,重興15號,120.5791,23.7641,重興國小,重興村,100,"水災,震災,土石流",黃麗蘭,05-5892044#114,是,否,是,True,斗六,79,6750.52549699998,6.7505254969999795
2476,雲林縣崙背鄉,西榮村,民權路386號,120.3523,23.7645,"東明,西榮,南陽三村聯合活動中心",東明村、南陽村、西榮村,296,水災,李永茂,05-6962054,是,否,是,True,崙背,63,851.1777832440257,0.8511777832440257
2478,雲林縣西螺鎮,廣興里,西螺鎮廣興里五九號,120.4581,23.7669,廣興國小,廣興里、埤頭里、頂湳里,500,"水災,震災,土石流,海嘯",扈尚善,55863094,是,否,是,True,斗六,79,10753.688186286785,10.753688186286785
2479,南投縣鹿谷鄉,初鄉村,仁愛路259-8號,120.7365,23.7672,初鄉村集會所,初鄉村,200,"水災,震災,土石流,海嘯",林如松,049-2753219,是,否,是,True,竹山,82,6151.233801487762,6.151233801487762
2480,花蓮縣鳳林鎮,北林里,民和路1號,121.471,23.7672,北林3村社區活動中心,北林里,50,土石流,戴佳明,8761724,是,否,否,True,花蓮,36,26133.640977992276,26.133640977992275
2481,雲林縣麥寮鄉,海豐村,忠和59號,120.2154,23.7675,海豐社區活動中心,海豐村、麥津村,50,"水災,震災",林春池,05-6932840,是,否,否,True,麥寮,57,4023.5273323436795,4.023527332343679
2482,雲林縣林內鄉,烏塗村,華興路1號,120.5971,23.7677,民生國小,烏塗村,10,"水災,震災,土石流",蔡政賜,05-5892714#12,是,否,是,True,斗六,79,8152.934221638849,8.152934221638848
2483,雲林縣西螺鎮,東興里,東興34號,120.4783,23.7678,東興里活動中心,東興里,50,"水災,土石流,海嘯",林學正,55862443,是,否,是,True,斗六,79,9198.95400935207,9.19895400935207
2484,南投縣竹山鎮,中和里,中和路96-15號,120.6629,23.768,中和里集會所,中和里,100,"水災,震災,土石流",蔡璧國里長,049-2642200,是,否,否,True,竹山,82,1951.8236968697372,1.9518236968697371
2485,南投縣竹山鎮,延平里,集山路二段1161號,120.7071,23.768,延平國小活動中心,延平里,150,"水災,震災,土石流",陳榮昌,049-2642450,是,否,否,True,竹山,82,3297.881122296089,3.297881122296089
2486,雲林縣西螺鎮,廣興里,84號,120.458,23.7682,廣興里活動中心,廣興里,50,"水災,土石流,海嘯",黃麗琴,55862445,是,否,是,True,斗六,79,10844.255281368267,10.844255281368266
2487,雲林縣虎尾鎮,興中里,興中83號,120.518,23.7701,興中社區活動中心,興中里.廉使里,143,,陳敏雄,05-6331928,是,否,否,True,斗六,79,7013.145629495814,7.013145629495814
2488,雲林縣西螺鎮,頂湳里,西螺鎮頂湳里頂南24-3號,120.4521,23.7706,頂湳里活動中心,頂湳里,50,"水災,土石流,海嘯",程義豐,55862455,是,否,是,True,崙背,63,10634.093476927777,10.634093476927777
2489,雲林縣二崙鄉,崙東村,中興路36號,120.413,23.7722,二崙國民小學,崙東村,1000,"水災,震災",廖美甯,05-5982241,是,否,否,True,崙背,63,6747.898728555559,6.747898728555558
2490,雲林縣麥寮鄉,崙後村,3鄰沙崙後39-8號,120.266569,23.772356,崙後社區活動中心,崙後村,50,"水災,震災",許賞,05-6938491,是,否,否,True,麥寮,57,2572.375688743584,2.572375688743584
2491,雲林縣二崙鄉,港後村,港後村60號,120.4124,23.773,油車國民小學,油車村、楊賢村、港後村,500,"水災,震災",廖欽祿,05-5982600,是,否,否,True,崙背,63,6710.579477154265,6.7105794771542655
2492,南投縣竹山鎮,延正里,延正路70號,120.6979,23.773,延正里舊社區活動中心,延正里,80,"水災,震災,土石流",曾庶坪里長,049-2641577,是,否,否,True,竹山,82,2791.100130734616,2.791100130734616
2493,雲林縣西螺鎮,埤頭里,埤頭1-1號,120.4751,23.7731,埤頭里活動中心,埤頭里,50,"水災,震災,土石流,海嘯",李美玲,55862442,是,否,是,True,斗六,79,9837.662183094217,9.837662183094217
2494,雲林縣麥寮鄉,崙後村,沙崙後92號,120.2656,23.7738,明禮國小活動中心,崙後村、瓦村、興華村、橋頭村、麥津村、海豐村、三盛村,50,"水災,震災",許徽林,6932244,是,否,否,True,麥寮,57,2650.145451518126,2.6501454515181257
2495,雲林縣二崙鄉,崙西村,中正路88號,120.4069,23.7738,二崙國民中學,大義村、崙西村,1500,"水災,震災",鍾進森,05-5982020,是,否,是,True,崙背,63,6195.302407337927,6.195302407337928
2496,雲林縣林內鄉,重興村,進興路46-9號,120.584,23.7738,重興活動中心,重興村,30,"水災,震災,土石流",蔡素珍,05-5897373,是,否,是,True,斗六,79,7929.5226363641505,7.92952263636415
2497,雲林縣莿桐鄉,興貴村,興北101-1號,120.518992,23.77383,興貴社區活動中心,興貴村、四合村、麻園村、五華村、六合村,63,水災,黃信欽,05-5840786,是,否,是,True,斗六,79,7357.826159593357,7.357826159593357
2498,雲林縣麥寮鄉,海豐村,永和2號,120.2448,23.7752,楊厝社區活動中心,海豐村、麥津村,50,"水災,震災",陳明聰,6931906,是,否,否,True,麥寮,57,2507.089243548608,2.507089243548608
2499,雲林縣林內鄉,林中村,榮興路20號,120.6113,23.7758,林中活動中心,林中村,30,"水災,震災,土石流",曾毓亮,05-5892537,是,否,否,True,竹山,82,7062.84093383808,7.06284093383808
2500,南投縣竹山鎮,下坪里,下坪路18-50號,120.6799,23.776,下坪社區活動中心,下坪里,50,"水災,震災,土石流",林福成,049-2652348,是,否,否,True,竹山,82,2187.8594966790415,2.1878594966790414
2501,雲林縣莿桐鄉,饒平村,饒平路1號,120.521305,23.777725,饒平國小,義和村、饒平村、四合村、麻園村、五華村、六合村,300,"水災,震災",謝淑媒,05-5842071,是,否,是,True,斗六,79,7684.4294580823025,7.6844294580823025
2502,南投縣信義鄉,人和村,民生巷9-1號,120.896546,23.779044,人和活動中心,人和村1-6鄰,80,"水災,震災,土石流",方茂貴 理事長,049-2776531,是,否,否,True,南投（鹿谷）,79,12367.401877824752,12.367401877824753
2503,雲林縣西螺鎮,鹿場里,文賢路一號,120.4744,23.7793,文賢國小,公館里、鹿場里,300,"水災,震災,土石流,海嘯",黃有智,55863164,是,否,是,True,斗六,79,10372.33993970083,10.372339939700831
2505,花蓮縣鳳林鎮,南平里,自強路368-1號,121.4584,23.7817,南平社區活動中心,南平里,50,"水災,土石流",江麗琴,03-8771735,是,否,否,True,花蓮,36,25460.35521333784,25.46035521333784
2506,花蓮縣壽豐鄉,水璉村,水璉二街21號,121.5472,23.7817,水璉活動中心,水璉村,41,"水災,震災,土石流",黃文達,03-8601055,是,否,是,True,花蓮,36,21670.611208638933,21.670611208638935
2507,南投縣竹山鎮,延正里,公正巷30-6號,120.6929,23.7827,延正里新社區活動中心,延正里,100,"水災,震災,土石流",曾庶坪里長,049-2641577,是,否,否,True,竹山,82,3319.111225827577,3.319111225827577
2508,南投縣鹿谷鄉,秀峰村,仁愛路153-5號,120.7762,23.7831,秀峰社區活動中心,秀峰村,200,"水災,震災,土石流,海嘯",林茂延,049-2671066,是,否,是,True,南投（鹿谷）,79,7373.832008151206,7.373832008151205
2509,花蓮縣萬榮鄉,見晴村,7鄰89號,121.451955,23.783512,見晴國民小學,見晴村,130,"水災,土石流,海嘯",馬麗琴,03-8771034,是,否,是,True,花蓮,36,25674.29068970421,25.674290689704208
2510,南投縣信義鄉,雙龍村,光復巷32號,120.947694,23.783703,雙龍活動中心,雙龍村2-3鄰,100,"水災,震災,土石流",全慶雄 理事長,0,是,否,是,True,南投（鹿谷）,79,17198.633135831777,17.198633135831777
2511,南投縣水里鄉,永興村,林朋巷177-1號,120.862437,23.783973,永興社區活動中心,永興村1–6鄰,300,,林明德,049-2772223,否,否,否,True,南投（鹿谷）,79,10014.104329894197,10.014104329894197
2512,南投縣信義鄉,雙龍村,光復巷4號,120.950204,23.785303,雙龍國小,雙龍村1、6鄰,100,"水災,震災,土石流",莊永智 校長,049-2741325,是,否,否,True,南投（鹿谷）,79,17505.171134284403,17.505171134284403
2513,雲林縣崙背鄉,水尾村,頂街1號,120.35524,23.785977,陽明國小,水尾村、枋南村,56,"水災,震災",吳書璧,05-6967670,是,否,是,True,崙背,63,3217.522539747486,3.217522539747486
2514,雲林縣麥寮鄉,後安村,3鄰後安163號,120.2393,23.786,後安社區活動中心,後安村、海豐村,62,"水災,震災",林新發,6932809,是,否,是,True,麥寮,57,3818.512256191071,3.818512256191071
2515,雲林縣西螺鎮,新安里,新社100號,120.4491,23.7865,新安里活動中心,新安里.新豐里,50,"水災,土石流,海嘯",林誌明,55862440,是,否,是,True,崙背,63,10719.769919709204,10.719769919709204
2516,雲林縣西螺鎮,振興里,125-1號,120.4734,23.7879,振興里活動中心,振興里,50,"水災,土石流,海嘯",劉新發,55870733,是,否,是,True,斗六,79,11144.288896938271,11.14428889693827
2517,雲林縣西螺鎮,新安里,新社二五七號,120.4461,23.7882,文興國小,新安里.新豐里、福田里,300,"水災,震災,土石流,海嘯",涂鵬翔,55863174,是,否,是,True,崙背,63,10487.758491929004,10.487758491929004
2520,雲林縣西螺鎮,福田里,社口87號,120.4406,23.7906,福田里活動中心,福田里,50,"水災,土石流,海嘯",廖瑞玄,55862454,是,否,是,True,崙背,63,10052.64377069078,10.05264377069078
2521,雲林縣西螺鎮,大新里,二一六號,120.4873,23.7909,大新國小,大新里,500,"水災,震災,土石流,海嘯",黃碧惠,55862974,是,否,是,True,斗六,79,10546.35591371338,10.54635591371338
2522,雲林縣西螺鎮,大新里,大新163-2號,120.4872,23.7912,大新里活動中心,大新里,50,"水災,土石流,海嘯",邱國雄,55862449,是,否,是,True,斗六,79,10579.620177080797,10.579620177080796
2523,雲林縣崙背鄉,豐榮村,豐榮路21號,120.312303,23.79152,豐榮國小,豐榮村、五魁村、阿勸村,675,"水災,震災",?秉承,05-6962006,是,否,是,True,崙背,63,5286.812768079681,5.286812768079681
2524,南投縣鹿谷鄉,清水村,仁愛路103號,120.7833,23.7919,清水社區活動中心,清水村,250,"水災,震災,土石流,海嘯",廖武藝,049-2671888,是,否,是,True,南投（鹿谷）,79,8188.774488208419,8.188774488208418
2525,雲林縣崙背鄉,草湖村,草湖路2號,120.33041,23.792293,中和國小,草湖村.舊庄村,27,"水災,震災",陳茂雄,05-6962384,是,否,是,True,崙背,63,4277.756126889347,4.277756126889347
2526,雲林縣西螺鎮,漢光里,興農西路二一七號,120.4601,23.7928,西螺國中,漢光里、正興里,600,"水災,震災,土石流,海嘯",林彩玲,55863522,是,否,是,True,崙背,63,12002.592698541686,12.002592698541687
2527,雲林縣西螺鎮,正興里,西螺鎮正興里興農西路105巷21-1號,120.4633,23.7933,示範托兒所,正興里,200,"水災,震災,土石流,海嘯",廖周全,55866221,是,否,是,True,斗六,79,12276.49020445561,12.276490204455609
2528,南投縣信義鄉,地利村,開信巷1-1號,120.943862,23.793542,青雲活動中心,地利村,100,"水災,震災,土石流",松能武 理事長,049-2742526,是,否,是,True,南投（鹿谷）,79,17338.022678418896,17.338022678418895
2529,雲林縣西螺鎮,漢光里,西興南路354號,120.4569,23.7936,漢光里活動中心,漢光里,50,"水災,土石流,海嘯",廖本淵,55872446,是,否,是,True,崙背,63,11724.507157883825,11.724507157883824
2530,南投縣信義鄉,地利村,開信巷17號,120.943332,23.793828,地利國小,地利村,50,"水災,震災,土石流",鄭佳昇 校長,049-2741254,是,否,是,True,南投（鹿谷）,79,17305.790164860955,17.305790164860955
2531,雲林縣西螺鎮,大園里,大同路四號,120.471,23.7946,西螺農工,大園里、振興里,700,"水災,震災,土石流,海嘯",蔡天德,55862024,是,否,是,True,斗六,79,11868.962365619345,11.868962365619346
2532,南投縣信義鄉,人和村,波石巷98-3號,120.921385,23.794817,波石活動中心,人和村7-10鄰,100,"水災,震災,土石流",田興光 理事長,049-2741092,是,否,否,True,南投（鹿谷）,79,15441.53218789923,15.44153218789923
2533,彰化縣二水鄉,合興村,鼻倡路20號,120.642545,23.794879,合興村活動中心,合興村,127,"水災,土石流,海嘯",張?明,04-8793962,否,否,否,True,竹山,82,5542.665277573939,5.542665277573939
2534,花蓮縣壽豐鄉,米棧村,米棧路二段21號,121.5243,23.7951,米棧活動中心,米棧村,34,"水災,震災,土石流,海嘯",黃明輝,03-8741367,是,否,是,True,花蓮,36,20973.683659142614,20.973683659142615
2535,雲林縣麥寮鄉,施厝村,施厝176-3號,120.2824,23.7953,施厝聯合活動中心,施厝村、雷厝村、橋頭村、新吉村,100,"水災,震災",許民豐,05-6913191,是,否,否,True,麥寮,57,5580.057165284995,5.580057165284995
2536,雲林縣西螺鎮,廣福里,新街路二號,120.4653,23.7953,中山國小,廣福里,500,"水災,震災,土石流,海嘯",余碧玉,55862039,是,否,是,True,斗六,79,12304.548037593897,12.304548037593896
2537,雲林縣二崙鄉,永定村,永定路 238 號,120.4198,23.7959,永定國民小學,定安村、永定村、 大華村、義庄村,500,"水災,震災",王瓊慈,05-5982796,是,否,是,True,崙背,63,8396.017906009374,8.396017906009375
2538,雲林縣西螺鎮,廣福里,民生路20號,120.4655,23.7965,舊圖書館,廣福里.永安里.中和里,200,"水災,震災,土石流,海嘯",鄭玲惠,55864334,是,否,是,True,斗六,79,12391.306113086248,12.391306113086248
2539,南投縣水里鄉,民和村,民和路157號,120.924508,23.797088,民和社區活動中心,民和村,200,"水災,震災,土石流",張明為,049-2741785,是,否,否,True,南投（鹿谷）,79,15845.496212395357,15.845496212395357
2540,南投縣水里鄉,民和村,中學路29號,120.924508,23.797088,民和國中禮堂,民和村,500,"水災,震災,土石流,海嘯",陳清濱校長,049-2741138,是,否,否,True,南投（鹿谷）,79,15845.496212395357,15.845496212395357
2541,雲林縣麥寮鄉,三盛村,11鄰仁德西路一段26號,120.2649,23.7975,三盛社區活動中心,三盛村、中興村、橋頭村,100,"水災,震災",張克中,05-6911737,是,否,是,True,麥寮,57,5051.374467097839,5.0513744670978395
2542,雲林縣麥寮鄉,中興村,6鄰許厝1街2號,120.229235,23.797881,中興活動中心,中興村,100,"水災,震災",許再發,05-6916230,是,否,否,True,麥寮,57,5427.241271575372,5.4272412715753715
2543,雲林縣麥寮鄉,橋頭村,仁德?248號,120.273868,23.797886,橋頭國小活動中心,橋頭村,200,"水災,震災",?榮桂,05-6912707,是,否,否,True,麥寮,57,5404.304745455712,5.404304745455712
2544,彰化縣二水鄉,倡和村,倡和路41-1號,120.649193,23.797909,倡和村活動中心,倡和村,65,"水災,土石流,海嘯",鄭慶松,04-8793492,否,否,否,True,竹山,82,5417.789433701068,5.417789433701069
2546,雲林縣西螺鎮,安定里,埔心路二一0號,120.4393,23.7982,安定國小,安定里.河南里,300,"水災,震災,土石流,海嘯",洪孟真,55863154,是,否,是,True,崙背,63,10269.268240181602,10.269268240181601
2547,雲林縣西螺鎮,大園里,西螺鎮大園里光復東路95號,120.4725,23.7983,大園里活動中心,大園里,50,"水災,震災,土石流,海嘯",鍾進利,55875052,是,否,是,True,斗六,79,12094.026740622572,12.094026740622573
2548,南投縣水里鄉,頂崁村,圳頭巷27-2號,120.865831,23.798748,頂崁社區活動中心,新山村第1鄰、頂崁村,100,,賴清元,049-2775391,否,否,否,True,南投（鹿谷）,79,11468.69929997846,11.468699299978459
2549,雲林縣西螺鎮,河南里,西螺鎮河南里河南58號,120.4414,23.7995,河南里活動中心,河南里,50,"水災,震災,土石流,海嘯",李湖,55862451,是,否,是,True,崙背,63,10524.771954390651,10.524771954390651
2550,雲林縣西螺鎮,河南里,河南58號,120.4414,23.7995,河南里活動中心,河南里,50,"水災,土石流,海嘯",李湖,55862451,是,否,是,True,崙背,63,10524.771954390651,10.524771954390651
2551,雲林縣西螺鎮,中興里,延平路五０四號,120.4489,23.7996,文昌國小,中興里、詔安里,500,"水災,震災,土石流,海嘯",梁博雍,55862013,是,否,是,True,崙背,63,11220.312219565809,11.220312219565809
2552,雲林縣西螺鎮,詔安里,詔安16-1號,120.4456,23.7997,詔安里活動中心,詔安里,50,"水災,土石流,海嘯",王俊南,55862450,是,否,是,True,崙背,63,10919.942110925784,10.919942110925783
2553,雲林縣西螺鎮,安定里,安定100號號,120.4394,23.7998,安定里活動中心,安定里,50,"水災,土石流,海嘯",程進輝,55862453,是,否,是,True,崙背,63,10357.22299445213,10.35722299445213
2554,彰化縣二水鄉,大園村,彰化縣二水鄉大園村員集路二段316號,120.6424,23.8,源泉國小活動中心,全鄉,80,"水災,震災,土石流,海嘯",江俊穎,04-8792304,是,否,是,True,竹山,82,5998.508089569609,5.998508089569609
2555,彰化縣二水鄉,修仁村,修仁路27-3號,120.631495,23.800055,修仁村活動中心,修仁村,131,"水災,土石流,海嘯",黃恆應,04-8790236,否,否,否,True,竹山,82,6721.893926061025,6.721893926061025
2560,雲林縣西螺鎮,中興里,東南路326號,120.4548,23.8028,東南國中,中興里、光華里、福興里,600,"水災,震災,土石流,海嘯",劉盛華,55874171,是,否,是,True,崙背,63,11914.59037369724,11.914590373697239
2561,花蓮縣鳳林鎮,林榮里,永康路54號,121.45,23.8035,林榮社區活動中心,林榮里,50,"水災,土石流",江麗琴,03-8771014,是,否,否,True,花蓮,36,24041.401177378353,24.041401177378354
2562,南投縣水里鄉,永豐村,南湖一路25號,120.857221,23.804301,永豐社區活動中心,永豐村,300,,陳韋帆,049-2771352,否,否,否,True,南投（鹿谷）,79,11437.569785818108,11.43756978581811
2563,彰化縣二水鄉,大園村,大園巷 11-9號,120.637258,23.804774,大園村活動中心,大園村,108,"水災,土石流,海嘯",陳建仁,04-8791318,否,否,否,True,竹山,82,6735.8219310804925,6.735821931080492
2564,南投縣鹿谷鄉,瑞田村,仁愛路69-3號,120.7929,23.8048,瑞田社區活動中心,瑞田村,250,"水災,震災,土石流,海嘯",莊喬園,049-2671056,是,否,是,True,南投（鹿谷）,79,9539.088660142092,9.539088660142092
2565,南投縣水里鄉,上安村,水信路路3段221巷1號,120.835733,23.806556,上安社區老人會館,上安村,50,,劉瑞平,932552166,否,否,否,True,南投（鹿谷）,79,10601.81715793799,10.60181715793799
2566,南投縣水里鄉,上安村,三部三路9號,120.835733,23.806556,上安社區活動中心,上安村,200,,陳永成村長,911663799,否,否,否,True,南投（鹿谷）,79,10601.81715793799,10.60181715793799
2567,南投縣水里鄉,玉峰村,仁愛路7-19號,120.835733,23.806556,玉峰社區活動中心,玉峰村,400,,陳務育,049-2777123,否,否,否,True,南投（鹿谷）,79,10601.81715793799,10.60181715793799
2568,雲林縣麥寮鄉,雷厝村,6鄰雷厝62-2號,120.2891,23.8067,雷厝活動中心,雷厝村、新吉村、施厝村、橋頭村、三盛村,50,"水災,震災",陳正收,05-6912059,是,否,否,True,大城,56,5697.640086510108,5.697640086510107
2569,彰化縣二水鄉,惠民村,山腳路一段48-1號,120.632285,23.806923,惠民村活動中心,惠民村,127,"水災,土石流,海嘯",陳家祐,04-8793788,否,否,否,True,竹山,82,7236.864295951744,7.236864295951744
2571,雲林縣麥寮鄉,新吉村,新吉69號,120.2763,23.8076,新吉社區活動中心,興華村、瓦村、崙後村、麥豐村,30,"水災,震災",林靜雄,6912945,是,否,否,True,大城,56,5285.674679785423,5.285674679785423
2572,彰化縣二水鄉,上豊村,山腳路一段113-5號,120.631193,23.808275,海豐村活動中心,上豐村,53,"水災,土石流,海嘯",李新富,04-8792363,否,否,否,True,竹山,82,7423.20251254335,7.42320251254335
2573,南投縣竹山鎮,山崇里,集山路一段1729號,120.7205,23.8095,社寮國中教室及活動中心,山崇里,100,"水災,震災,土石流",劉松彥,049-2622010,是,否,否,True,竹山,82,7346.649333108623,7.346649333108623
2574,彰化縣二水鄉,二水村,員集路三段625號,120.615818,23.80974,二水村活動中心,二水村,21,"水災,土石流,海嘯",楊景林,04-8790512,否,否,否,True,竹山,82,8612.625811498234,8.612625811498233
2575,彰化縣二水鄉,聖化村,溪邊巷72號,120.616648,23.809958,圖書館二樓,聖化村,114,"水災,土石流,海嘯",陳村仁,04-8794333,否,否,否,True,竹山,82,8567.972544044942,8.567972544044942
2576,南投縣水里鄉,南光村,民族路151號,120.854753,23.810077,水里國小禮堂,南光村,500,,周進科校長,049-2770014,否,否,否,True,南投（鹿谷）,79,11840.704754592112,11.840704754592112
2577,南投縣水里鄉,鉅工村,民生路2號,120.857053,23.811019,水里國中體育館,鉅工村3–17鄰,500,,陳啟濃,049-2772141,否,否,否,True,南投（鹿谷）,79,12052.397084504364,12.052397084504364
2579,彰化縣二水鄉,文化村,文化一 巷1號,120.618783,23.811622,文化村活動中心,文化村,56,"水災,土石流,海嘯",陳陽,04-8792166,否,否,否,True,竹山,82,8543.264382246232,8.543264382246232
2580,南投縣竹山鎮,中央里,集山路1段955號,120.738,23.8118,中州國小活動中心,中央里,80,"水災,震災,土石流",陳豐榮,049-2622625,是,否,否,True,竹山,82,8712.993245253652,8.712993245253653
2581,南投縣水里鄉,北埔村,博愛路37號,120.853693,23.812232,三村集會所,北埔村,100,"水災,震災,土石流,海嘯",楊偉如,049-2772141,是,否,否,True,南投（鹿谷）,79,11990.58647660993,11.990586476609929
2583,南投縣竹山鎮,富州里,集山路1段422號,120.747,23.8141,富州社區活動中心,富州里,50,"水災,震災,土石流",陳朝焚,049-2622012,是,否,否,True,竹山,82,9554.799523650827,9.554799523650827
2584,彰化縣二水鄉,光化村,光進一巷20-1號,120.615971,23.814279,光化村活動中心,光化村,64,"水災,土石流,海嘯",孔炳煌,04-8796929,否,否,否,True,竹山,82,8953.965864999893,8.953965864999892
2585,彰化縣溪州鄉,潮洋村,彰化縣溪州鄉潮洋村陸軍路1段146號,120.5195,23.8143,潮洋國小,"潮洋村,張厝村",42,"水災,震災,土石流,海嘯",總務主任吳慧賢,04-8803059,是,否,是,True,斗六,79,11639.468106091388,11.639468106091389
2586,南投縣竹山鎮,中央里,集山路1段1236巷6號,120.7334,23.8145,中央社區活動中心,中央里,43,"水災,震災,土石流",莊錦川,049-2622252,是,否,否,True,竹山,82,8607.856049291648,8.607856049291648
2587,彰化縣二水鄉,五伯村,過圳路222號,120.612113,23.814864,五伯村活動中心,五伯村,31,"水災,土石流,海嘯",陳大森,04-8795951,否,否,否,True,竹山,82,9277.826708084904,9.277826708084904
2588,南投縣水里鄉,中央村,中正路116號,120.852127,23.814914,中央社區活動中心,中央村,500,,林錦龍,049-2772141,否,否,否,True,南投（鹿谷）,79,12170.25400357578,12.17025400357578
2589,彰化縣溪州鄉,大庄村,彰化縣溪州鄉大?村中橫巷1號,120.5675,23.816,大庄國小,"大庄村,榮光村",42,"水災,震災,土石流,海嘯",總務主任李介耀,04-8802438,是,否,是,True,斗六,79,11759.838918664911,11.759838918664911
2590,南投縣魚池鄉,武登村,銃櫃巷18號,120.8851,23.8169,日月潭特色遊學中心原光明國小,武登村,30,"水災,震災,土石流",魏煜桀,049-2861122,是,否,否,True,南投（鹿谷）,79,14270.242640455923,14.270242640455923
2592,南投縣竹山鎮,社寮里,大公街75號,120.7223,23.8174,社寮社區活動中心,社寮里,80,"水災,震災,土石流",王慶裕,049-2624653,是,否,否,True,竹山,82,8165.65745483743,8.16565745483743
2594,南投縣信義鄉,潭南村,和平巷36-2號,120.940118,23.817457,潭南活動中心,潭南村1-2鄰,40,"水災,震災,土石流",谷仁英 理事長,049-2741561,是,否,否,True,埔里,71,17002.274697593934,17.002274697593933
2595,南投縣名間鄉,新民村,外埔巷11之28號,120.6924,23.8185,新民村集會所,新民村1-12鄰,30,"水災,震災,土石流",陳元樑村長,049-2731896,是,否,否,True,竹山,82,7048.4086819066,7.0484086819066
2596,彰化縣二水鄉,過圳村,三義巷30-7號,120.607488,23.818606,過圳村活動中心,過圳村,64,"水災,土石流,海嘯",蔡高傑,04-8796327,否,否,否,True,竹山,82,9904.593006251744,9.904593006251744
2598,花蓮縣壽豐鄉,溪口村,溪口路103巷2號,121.4734,23.8195,溪口活動中心,溪口村,50,"水災,震災,土石流,海嘯",黃素珠,03-8652809,是,否,是,True,花蓮,36,21171.68408748602,21.17168408748602
2599,南投縣水里鄉,新城村,中山路二段150號,120.848389,23.819695,成城國小會議室、105-106、201-208教室,新城村,400,,許建睿,049-2770140,否,否,否,True,南投（鹿谷）,79,12463.872449468921,12.463872449468921
2600,南投縣名間鄉,埔中村,埔中巷11-12號,120.6436,23.821,埔中村民眾活動中心,埔中村1-11鄰,30,"水災,震災",陳建州村長,0933-420047,是,否,否,True,竹山,82,7937.152348407555,7.9371523484075555
2601,南投縣信義鄉,潭南村,和平巷48號,120.93987,23.821418,潭南國小,潭南村3-4鄰,60,"水災,震災,土石流",呂和明 校長,049-2741381,是,否,是,True,埔里,71,16574.215023654284,16.574215023654283
2602,南投縣魚池鄉,頭社村,平和巷40之2號,120.908,23.8234,頭社社區活動中心會所三聖宮,頭社村,50,"水災,震災,土石流",黃順昱,049-2861789,是,否,是,True,南投（鹿谷）,79,16382.211008869213,16.382211008869213
2603,彰化縣二水鄉,合和村,番田一巷46號,120.612473,23.823503,合和村活動中心,合和村,142,"水災,土石流,海嘯",董碧顏,04-8796603,否,否,否,True,竹山,82,9944.635445715216,9.944635445715216
2604,彰化縣溪州鄉,成功村,彰化縣溪州鄉成功村登山路2段365號,120.5448,23.8261,成功國小,"成功村,柑園村,西畔村1-8鄰",42,"水災,震災,土石流,海嘯",總務主任邱盈彰,04-8802225,是,否,是,True,斗六,79,12652.500809062385,12.652500809062385
2605,彰化縣溪州鄉,三條村,彰化縣溪州鄉三條村中央路2段31號,120.4945,23.8269,三條國小,"三條村,三圳村,菜公村",42,"水災,震災,土石流,海嘯",總務主任謝家豪,04-8895080,是,否,是,True,斗六,79,13741.31499374727,13.74131499374727
2606,南投縣名間鄉,炭寮村,炭寮巷1之50號,120.679,23.8284,炭寮村集會所,炭寮村1-15鄰,50,"水災,震災",蔡文益村長,049-2734560,是,否,否,True,竹山,82,7976.771480160964,7.976771480160964
2607,彰化縣二水鄉,十五村,十五路33-1號,120.601502,23.828596,十五村活動中心,十五村,22,"水災,土石流,海嘯",陳岳宏,04-8745687,否,否,否,True,竹山,82,11118.441442480758,11.118441442480758
2608,彰化縣二水鄉,復興村,員集路5段472號,120.604775,23.829548,復興村活動中心,復興村,113,"水災,土石流,海嘯",林玉燕,04-8795888,否,否,否,True,竹山,82,10966.986104082924,10.966986104082924
2609,南投縣名間鄉,濁水村,福興巷14號（福興宮旁）,120.7121,23.8308,濁水村集會所,濁水村1-18鄰,40,水災,吳欽緯村長,049-2732409,是,否,否,True,竹山,82,8971.097047212153,8.971097047212153
2610,南投縣水里鄉,車埕村,民權巷127號,120.865694,23.831567,車埕國小禮堂,車埕村1–10鄰,200,,周進科校長,049-2771447,否,否,否,True,南投（鹿谷）,79,14456.251205002229,14.456251205002228
2611,南投縣集集鎮,集集里,成功路205號,120.785291,23.831643,集集里里集會所暨社區活動中心,集集里,50,"水災,震災,土石流",許宗壹,049-2764076,是,否,否,True,南投（鹿谷）,79,12545.451582019252,12.545451582019252
2614,彰化縣溪州鄉,水尾村,彰化縣溪州鄉水尾村太平路137號,120.4716,23.8319,水尾國小,水尾村,42,"水災,震災,土石流,海嘯",總務主任吳哲維,04-8892442,是,否,是,True,二林,68,12104.257295841619,12.104257295841618
2615,南投縣水里鄉,車埕村,民權巷33-1號,120.86443,23.833623,車埕社區活動中心,車埕村11–13鄰,50,,邱博仁,049-2772141,否,否,否,True,南投（鹿谷）,79,14590.201831557817,14.590201831557817
2616,南投縣名間鄉,松山村,豐柏路38號,120.6339,23.8342,松嶺社區活動中心,松山村1-14鄰,60,"水災,震災",吳耀基社區理事長,0952-681996,是,否,否,True,竹山,82,9686.167380826859,9.68616738082686
2617,南投縣集集鎮,永昌里,柴橋巷3-1號,120.817036,23.83455,永昌里里集會所暨社區活動中心,永昌里,20,"水災,震災,土石流",陳樹連,049-2761181,是,否,否,True,南投（鹿谷）,79,13036.729302012487,13.036729302012487
2618,南投縣名間鄉,松柏村,名松路二段216之1號,120.6355,23.8346,松柏村集會所,松柏村1-12鄰,40,"水災,震災",陳嘉申村長,049-2581563,是,否,否,True,竹山,82,9652.533721377318,9.652533721377319
2619,花蓮縣壽豐鄉,豐坪村,豐坪路2段73號,121.5096,23.8351,豐坪活動中心,豐坪村,32,"水災,震災,土石流,海嘯",曾振倫,03-8652803,是,否,是,True,花蓮,36,17659.149443705446,17.659149443705445
2620,南投縣名間鄉,崁腳村,名松路一段350號,120.66,23.8353,崁腳村民眾活動中心,崁腳村1-10鄰,30,"水災,震災",謝舜日村長,049-2582662,是,否,否,True,竹山,82,8915.222653558496,8.915222653558496
2621,南投縣集集鎮,田寮里,龍泉巷15號,120.7509,23.8363,聯勤兵整中心,全鎮,300,"水災,震災,土石流,海嘯",李嘉玲,049-2781439549512,是,是,是,True,南投,57,10806.33209898289,10.80633209898289
2622,南投縣名間鄉,南雅村,市場巷20-2號,120.702841,23.837014,南雅村集會所,南雅村1~12鄰,20,水災,陳信如村長,049-2737221,否,否,否,True,南投,57,8602.589038919341,8.60258903891934
2623,南投縣魚池鄉,頭社村,平和巷105號,120.9027,23.8373,頭社國小,頭社村,75,"水災,震災,土石流",洪旭亮,049-2861237,是,是,否,True,埔里,71,16009.138997101412,16.009138997101413
2624,彰化縣竹塘鄉,田頭村,光明路60號,120.448869,23.837309,田頭國小,田頭村,200,"水災,震災,土石流,海嘯",李隆吉,04-8972189,是,否,是,True,二林,68,10518.808666450588,10.518808666450589
2626,彰化縣溪州鄉,圳寮村,彰化縣溪州鄉圳寮村下樹巷29號,120.5229,23.8391,圳寮國小,圳寮村,42,"水災,震災,土石流,海嘯",總務主任林宏憲,04-8802165,是,否,是,True,員林,54,14172.807682345969,14.172807682345969
2627,彰化縣大城鄉,公館村,青埔路7-8號,120.300323,23.83961,永光國小,公館村,100,"水災,震災,土石流,海嘯",莊正嘉,8941640,否,否,否,True,大城,56,3556.330970758064,3.5563309707580637
2628,彰化縣田中鎮,三安里,大安路1段200號,120.594376,23.840611,大安國小,三安里、香山里,181,"水災,震災,土石流,海嘯",吳素琴,876112,是,否,是,True,南投,57,12248.411205316796,12.248411205316796
2629,花蓮縣壽豐鄉,樹湖村,大樹腳59號,121.4692,23.8407,樹湖活動中心,樹湖村,38,"水災,震災,土石流,海嘯",黃素珠,03-8652810,是,否,是,True,花蓮,36,19646.016513662307,19.646016513662307
2630,南投縣名間鄉,中山村,名松路一段83號,120.6932,23.8419,中山村集會所,中山村1-18鄰,50,水災,周文華村長,049-2731889,是,否,否,True,南投,57,7915.025823463038,7.915025823463038
2631,彰化縣埔心鄉,羅厝村,文昌東路100號,120.51,23.842,羅厝國小,南館村、新館村、舊館村、芎蕉村、羅厝村,100,"水災,震災,土石流,海嘯",盧錫?,048-296249-31,否,否,否,True,二林,68,13757.968399564981,13.757968399564982
2633,彰化縣大城鄉,上山村,大山路2-1號,120.318028,23.842192,上山社區活動中心,上山村,100,"水災,土石流,海嘯",蔡金袋,8941155,否,否,否,True,大城,56,5126.897354513828,5.126897354513828
2634,南投縣名間鄉,新厝村,新厝路74號,120.6591,23.8427,新厝村集會所,新厝村1-13鄰,60,水災,陳勇祥村長,049-2732768,是,否,否,True,南投,57,8230.222057880206,8.230222057880207
2635,彰化縣溪州鄉,西畔村,廣一巷24號,120.5399,23.8429,成功國小西畔分校,西畔村9-16鄰,42,"水災,震災,土石流,海嘯",分校主任陳建文,04-8802179,是,否,是,True,員林,54,13357.424455095646,13.357424455095646
2636,彰化縣溪州鄉,溪厝村,彰化縣溪州鄉溪厝村中山路2段362號,120.4791,23.8442,僑義國小,"溪厝村,坑厝村",33,"水災,震災,土石流,海嘯",總務主任黃培勝,04-8892244,是,否,是,True,二林,68,11421.061111117286,11.421061111117286
2637,彰化縣竹塘鄉,樹腳村,福田路6號,120.447765,23.844303,樹腳社區活動中心,樹腳村,50,"水災,土石流,海嘯",林清?,8970067,是,否,否,True,二林,68,9761.350547319264,9.761350547319264
2638,彰化縣大城鄉,頂庄村,許厝巷10號,120.272574,23.844414,臺西社區活動中心,頂庄村,100,"水災,土石流,海嘯",許山日,919811567,否,否,否,True,大城,56,1202.4283405584276,1.2024283405584277
2639,花蓮縣壽豐鄉,豐山村,中山路41號,121.4918,23.8464,豐山國小,豐山村,50,"水災,震災,土石流,海嘯",林忠宏,03-8651640,是,否,是,True,花蓮,36,17669.44492302414,17.66944492302414
2640,彰化縣竹塘鄉,新廣村,光明路廣福巷57號,120.430132,23.846486,新廣社區活動中心,"新廣村,溪墘村",100,"水災,土石流,海嘯",鐘順勝,8972978,是,否,是,True,二林,68,8960.887008479156,8.960887008479157
2641,南投縣名間鄉,三崙村,中庄巷7號,120.6367,23.8468,三崙社區活動中心,三崙村1-14鄰,30,"水災,震災",謝孟龍社區理事長,0955-401472,是,否,否,True,南投,57,8846.0028194851,8.8460028194851
2642,彰化縣竹塘鄉,長安村,東陽路二段123號,120.386672,23.847335,長安國小,"長安村,長安",100,"水災,震災,土石流,海嘯",吳貴枝,04-8972694,否,是,是,True,二林,68,8932.839997653007,8.932839997653007
2643,花蓮縣壽豐鄉,豐山村,中山路127巷15號,121.4936,23.8478,豐山活動中心,豐山村,47,"水災,震災,土石流,海嘯",陳春盛,03-8652801,是,否,是,True,花蓮,36,17434.0650469223,17.4340650469223
2644,彰化縣大城鄉,頂庄村,東厝路63-1號,120.282454,23.848336,頂庄國小,頂庄村,100,"水災,震災,土石流,海嘯",翁于茹,8945107,否,否,否,True,大城,56,1495.5873464707774,1.4955873464707774
2645,南投縣魚池鄉,日月村,中正路211巷1號,120.9355,23.8485,德化國小,日月村,150,"水災,震災,土石流",簡文益,049-2850441,是,是,否,True,埔里,71,13729.631543622274,13.729631543622274
2646,彰化縣竹塘鄉,土庫村,東陽路一段362號,120.409448,23.84954,土庫國小,"內新村,土庫村",100,"水災,震災,土石流,海嘯",何承融,04-8972140,是,否,是,True,二林,68,8376.63734613647,8.37663734613647
2647,彰化縣埤頭鄉,竹圍村,竹圍路187號,120.454562,23.850218,竹圍社區活動中心,竹圍村,50,"水災,土石流,海嘯",黃昭仁,04-8893621,是,否,否,True,二林,68,9477.843347713513,9.477843347713513
2648,彰化縣溪州鄉,溪州村,中央路三段300號,120.4951,23.8504,溪州國中,溪州村,78,"水災,震災,土石流,海嘯",總務主任張宏仁,04-8895054,是,否,是,True,二林,68,12012.244451345194,12.012244451345193
2649,南投縣名間鄉,三崙村,弓鞋巷16之2號,120.6262,23.8504,弓鞋社區活動中心,三崙村15-22鄰,30,"水災,震災",陳建龍社區理事長,0910-478459,是,否,否,True,南投,57,9181.12396492429,9.181123964924291
2650,彰化縣田中鎮,沙崙里,沙崙路281號,120.583072,23.851096,沙崙社區活動中心,沙崙里,181,"水災,土石流,海嘯",蘇秀霧,8761122,是,否,是,True,員林,54,12403.844048517643,12.403844048517643
2651,彰化縣溪州鄉,溪州村,圳南路138號,120.497777,23.851238,老人文康活動中心,"溪州村,尾厝村",42,"水災,震災,土石流,海嘯",總幹事陳明桂,04-8891384,是,否,否,True,二林,68,12148.389297949809,12.148389297949809
2652,彰化縣溪州鄉,尾厝村,彰化縣溪州鄉尾厝村中山路3段415號,120.4971,23.8526,溪州國小,"尾厝村,東州村,舊眉村",584,"水災,震災,土石流,海嘯",總務主任黃志堅,04-8895013,是,否,是,True,二林,68,11995.932167561334,11.995932167561334
2653,彰化縣大城鄉,大城村,彰化縣大城鄉大城村中平路132號,120.324,23.8529,大城國中,全鄉,100,"水災,震災,土石流,海嘯",白崢仁,048-942980-13,是,是,是,True,大城,56,5541.644476550422,5.541644476550422
2655,彰化縣大城鄉,東城村,彰化縣大城鄉東城村南平路224號,120.3203,23.853,大城國小,全鄉,100,"水災,震災,土石流,海嘯",白崢仁,048-942980-13,是,是,是,True,大城,56,5164.61543433763,5.16461543433763
2656,彰化縣溪州鄉,溪州村,彰化縣溪州鄉溪州村公園路95號,120.4909,23.853,南州國小,瓦厝村,363,"水災,震災,土石流,海嘯",總務主任林煥致,04-8892224,是,否,是,True,二林,68,11504.182896803351,11.504182896803352
2657,彰化縣田中鎮,新庄里,中南路三段 54 號,120.5997,23.8537,彰化縣田中鎮內安國民小學,新庄里、三安里、香山里、碧峰里、東源里、復興里,100,"水災,震災,土石流,海嘯",林秋雲,04-8761122259,是,否,是,True,南投,57,10914.546516529253,10.914546516529253
2658,彰化縣田中鎮,新民里,公館路320號,120.585674,23.85428,新民國小,新民里,181,"水災,震災,土石流,海嘯",蘇秀霧,8761122,是,否,是,True,南投,57,12051.188118977587,12.051188118977587
2659,彰化縣北斗鎮,大新里,大新路556號,120.557239,23.85495,大新國小,大新里、新生里,440,"水災,震災,土石流,海嘯",許瑋玲,04-8882640#10,是,否,是,True,員林,54,11826.253220858713,11.826253220858712
2660,花蓮縣萬榮鄉,西林村,8鄰134號,121.342737,23.855288,西林社區活動中心,西林村,100,"水災,土石流,海嘯",郭瑪利,03-8771524,是,否,是,True,花蓮,36,29153.305358099846,29.153305358099846
2661,彰化縣埤頭鄉,陸嘉村,中華路434號,120.470711,23.855657,陸嘉社區活動中心,陸嘉村,15,"水災,土石流,海嘯",林福財,04-8890399,是,否,否,True,二林,68,9896.2338559501,9.8962338559501
2662,南投縣名間鄉,仁和村,山腳巷17-2號,120.7057,23.8562,仁和村集會所,仁和村1-12鄰,50,"水災,土石流",陳訓田村長,049-2734156,是,否,否,True,南投,57,6624.379965667583,6.624379965667583
2663,彰化縣田中鎮,新庄里,中山街134號,120.594252,23.856537,新庄社區活動中心,東源里、新庄里,141,"水災,震災,土石流,海嘯",吳素琴,8761122,是,否,是,True,南投,57,11183.842164889393,11.183842164889393
2664,彰化縣田中鎮,中路里,中新路229號,120.588689,23.856625,田中鎮立圖書館,中路里,320,"水災,土石流,海嘯",洪巧凌,8761122,是,否,是,True,南投,57,11652.599312660781,11.652599312660781
2665,南投縣名間鄉,新光村,大廈巷30號,120.6758,23.8568,廈新社區活動中心,新光村1-17鄰,40,"水災,震災",謝坤憲社區理事長,0912-384550,是,否,否,True,南投,57,6298.807181640591,6.298807181640591
2666,彰化縣田中鎮,梅州里,中州路一段416號,120.5821,23.8571,彰化縣立景崧文化教育園區-龍江館,梅州里、西路里、新民里、沙崙里、大崙里,150,"水災,土石流,海嘯",林秋雲,04-8761122259,是,否,是,True,員林,54,11731.677112200796,11.731677112200796
2667,彰化縣田中鎮,南路里,中州路1段177號,120.587487,23.857342,田中國小,南路里、東路里、西路里,272,"水災,震災,土石流,海嘯",劉麗真,8761122,是,否,是,True,南投,57,11714.13434894886,11.71413434894886
2669,南投縣名間鄉,竹圍村,竹圍巷39號,120.6382,23.8582,竹圍村社區活動中心,竹圍村1-11鄰,50,"水災,震災",黃玉輝社區理事長,0910-541490,是,否,否,True,南投,57,7735.804011092221,7.735804011092221
2670,南投縣名間鄉,赤水村,南田路258之10號,120.6317,23.8595,赤水社區活動中心,赤水村1-10鄰,20,"水災,震災",陳瑞波社區理事長,049-2271283,是,否,否,True,南投,57,8056.306446615644,8.056306446615643
2671,彰化縣埤頭鄉,新庄村,光華路124號,120.483697,23.859739,新庄社區活動中心,新庄村,20,"水災,土石流,海嘯",鄭文周,04-8892001,是,否,否,True,二林,68,10457.989345008687,10.457989345008688
2672,彰化縣竹塘鄉,竹林村,竹鹿路保安巷45號,120.40292,23.860386,竹林社區活動中心,竹林村,50,"水災,土石流,海嘯",邱供,8973473,是,否,是,True,二林,68,7208.102190546858,7.208102190546858
2673,南投縣名間鄉,大坑村,武東巷11之2號,120.6578,23.8605,大坑村集會所,大坑村1-11鄰,60,"水災,震災",陳振科村長,049-2271297,是,否,否,True,南投,57,6453.733509862358,6.453733509862358
2675,彰化縣大城鄉,東港村,東港村中央路2號,120.286532,23.860997,西港國小二樓,東港村,100,"水災,震災,土石流,海嘯",張慧媚,8941029,否,否,否,True,大城,56,1846.982499205701,1.8469824992057011
2676,彰化縣竹塘鄉,竹塘村,文化街20號,120.428771,23.861033,竹塘國小,竹塘村竹元村,200,"水災,震災,土石流,海嘯",楊深耕,04-8972039,是,否,是,True,二林,68,7365.680311088262,7.365680311088262
2677,彰化縣田中鎮,西路里,斗中路1段210號,120.580803,23.861492,田中鎮民活動中心,梅州里,75,"水災,土石流,海嘯",許秀卿,8761122,是,否,是,True,員林,54,11230.305146429839,11.230305146429838
2678,南投縣名間鄉,東湖村,虎坑巷6之1號,120.6955,23.8622,虎坑社區活動中心,東湖村16-26鄰,60,水災,吳元仁社區理事長,049-2732508,是,否,否,True,南投,57,5720.908929460808,5.720908929460808
2679,桃園市龜山區,幸福里,頂興路83巷1弄1號,120.971916,23.862946,幸福國小,幸福里,200,"水災,震災,土石流,海嘯",郭博嵐,3194072#511,是,否,是,True,埔里,71,11734.666687566241,11.734666687566241
2680,桃園市龜山區,楓樹里,光峰路277號,120.971916,23.862946,楓樹國小,楓樹里,200,"水災,震災,土石流,海嘯",林士哲,3206166#510,是,否,否,True,埔里,71,11734.666687566241,11.734666687566241
2681,南投縣名間鄉,東湖村,大老巷34號,120.7,23.8652,東仁社區活動中心,東湖村1-15鄰,60,水災,陳堅勝社區理事長,049-2734896,是,否,否,True,南投,57,5501.104182480377,5.501104182480377
2682,彰化縣田中鎮,北路里,員集路2段715號,120.586202,23.865501,三潭國小,頂潭里、中潭里、北路里,272,"水災,震災,土石流,海嘯",劉麗真,8761122,是,否,是,True,員林,54,10897.066440370267,10.897066440370267
2683,彰化縣埤頭鄉,大湖村,大湖路260號,120.4528,23.8659,大湖社區活動中心,大湖村,40,"水災,土石流,海嘯",紀佑澤,48922117,是,否,是,True,二林,68,7899.299866314766,7.899299866314767
2684,彰化縣北斗鎮,中和里,彰化縣北斗中和里中圳路305號,120.5462,23.8661,中和社區活動中心,中和里,150,"水災,土石流,海嘯",陳燕姿,04-8884166#32,是,否,是,True,員林,54,10716.408490706584,10.716408490706584
2685,南投縣魚池鄉,水社村,中山路191號,120.9098,23.8674,明潭國小,水社村,100,"水災,震災,土石流",施俊吉,049-2855045,是,是,否,True,埔里,71,12696.431355080764,12.696431355080763
2686,彰化縣田中鎮,復興里,山腳路4段188巷109號,120.6062,23.867482,東和國小,復興里、平和里,181,"水災,震災,土石流,海嘯",周錦楷,04-8761122,是,否,是,True,南投,57,9502.615875717871,9.50261587571787
2687,彰化縣田中鎮,龍潭里,大社路1段216巷100弄20號,120.580809,23.867615,龍潭社區活動中心,龍潭里,121,"水災,土石流,海嘯",蕭茂興,8761122,是,否,是,True,員林,54,10561.54957854163,10.56154957854163
2688,花蓮縣壽豐鄉,月眉村,月眉路3段24號,121.556384,23.867967,月眉國小,壽豐鄉月眉村,50,"水災,震災,土石流,海嘯",劉康盛,03-8631011,是,否,是,True,花蓮,36,12267.631169557666,12.267631169557665
2689,花蓮縣壽豐鄉,米棧村,米棧路一段53號,121.5564,23.8681,月眉國小-米棧分校,米棧村,45,"水災,震災,土石流,海嘯",鍾萬仁,03-8741270,是,否,是,True,花蓮,36,12253.302592840244,12.253302592840244
2690,南投縣魚池鄉,水社村,中山路190號,120.9113,23.8684,明潭國中,水社村,150,"水災,震災,土石流",王慧娟,049-2855145,是,是,否,True,埔里,71,12527.561115259366,12.527561115259367
2691,花蓮縣壽豐鄉,壽豐村,壽豐路1段97號,121.5099,23.8691,壽豐活動中心,壽豐村,13,"水災,震災,土石流,海嘯",劉鳳珠,03-8652805,是,否,是,True,花蓮,36,14554.700978648803,14.554700978648803
2692,彰化縣大城鄉,菜寮村,東平路6號,120.312409,23.869103,菜寮社區活動中心,菜寮村,100,"水災,震災,土石流,海嘯",許丁惠,8943605,否,否,否,True,大城,56,4630.2866421047565,4.630286642104757
2693,花蓮縣壽豐鄉,共和村,農墾2街38號,121.5308,23.8693,共和活動中心,共和村,31,"水災,震災,土石流,海嘯",劉鳳珠,03-8652804,是,否,是,True,花蓮,36,13301.513020999972,13.301513020999971
2694,彰化縣埤頭鄉,元埔村,文化路495巷11號,120.503333,23.869502,元埔社區活動中心,元埔村,35,"水災,土石流,海嘯",陳金意,04-8925036,是,否,否,True,二林,68,11358.277410126311,11.35827741012631
2695,南投縣名間鄉,田仔村,田仔巷41之2號,120.6751,23.8702,田仔社區活動中心,田仔村1-18鄰,50,水災,陳耀裕社區理事長,0928-385043,是,否,否,True,南投,57,4852.5660164767905,4.852566016476791
2696,彰化縣北斗鎮,西德里,彰化縣北斗鎮西德里文賢街35號,120.5221,23.8703,萬來國小,西德里,500,"水災,震災,土石流,海嘯",鄭堂閔,04-8882119#15,是,否,是,True,員林,54,10942.014648929466,10.942014648929465
2698,花蓮縣壽豐鄉,壽豐村,公園路30號,121.5091,23.8704,文化中心,壽豐村,50,"水災,震災,土石流,海嘯",陳自強,03-8652131-122,是,否,是,True,花蓮,36,14494.71580386599,14.49471580386599
2699,彰化縣埤頭鄉,芙朝村,文化路829號,120.482115,23.870694,芙朝社區活動中心,芙朝村,25,"水災,土石流,海嘯",顏慶郎,04-8925723,是,是,否,True,二林,68,9531.451238498626,9.531451238498626
2700,彰化縣北斗鎮,東光里,彰化縣北斗鎮斗中路712號,120.534312,23.871139,螺青國小,東光里、七星里,440,"水災,震災,土石流,海嘯",謝政毓,04-8882031,是,否,是,True,員林,54,10440.33965546419,10.44033965546419
2701,花蓮縣壽豐鄉,鹽寮村,鹽寮165號,121.59829,23.871385,鹽寮活動中心,鹽寮村,15,"水災,震災,土石流",黃文達,03-8671123,是,否,是,True,花蓮,36,11067.384534462968,11.067384534462969
2703,南投縣名間鄉,大庄村,大廈巷82-4號,120.6551,23.8722,大庄村集會所,大庄村1-22鄰,30,"水災,震災",陳木根村長,049-2271189,是,否,否,True,南投,57,5466.004329734593,5.466004329734593
2704,南投縣名間鄉,赤水村,皮子寮巷21號,120.6324,23.8734,錦梓社區活動中心,赤水村11-20鄰,40,"水災,震災",陳春逢社區理事長,0952-271578,是,否,否,True,南投,57,6946.648086151356,6.946648086151357
2705,彰化縣竹塘鄉,五庄村,竹五路222號,120.431604,23.873491,五庄社區活動中心,五庄村,50,"水災,土石流,海嘯",洪順天,8971939,是,否,是,True,二林,68,6144.950470980636,6.144950470980636
2706,彰化縣田中鎮,三光里,民光路一段394號,120.5661,23.8755,彰化縣田中鎮明禮國民國小,三民里、三光里、龍潭里、中潭里、大社里,100,"水災,震災,土石流,海嘯",林秋雲,04-8742344,是,否,否,True,員林,54,9539.453834952788,9.539453834952788
2707,彰化縣北斗鎮,新政里,彰化縣北斗鎮新政里文苑路一段32號,120.523284,23.875762,北斗國小,居仁里、五權里,230,"水災,震災,土石流,海嘯",李欣欣,04-8882008#13,是,否,是,True,員林,54,10337.636592306299,10.337636592306298
2708,彰化縣田中鎮,三光里,民光路1段392巷25號,120.566974,23.875905,三光社區活動中心,三光里,70,"水災,土石流,海嘯",蕭君怡,8761122,是,否,是,True,員林,54,9497.815670132899,9.4978156701329
2709,彰化縣北斗鎮,大道里,文苑路136號,120.521586,23.875935,北斗國中,新政里 重慶里,170,"水災,震災,土石流,海嘯",許瑞達,04-8882072#12,是,否,是,True,員林,54,10389.290612398716,10.389290612398716
2710,彰化縣北斗鎮,西安里,斗苑路2段150號,120.514719,23.87624,螺陽國小,大道里、西安里,420,"水災,震災,土石流,海嘯",王美玲,04-8882039#104,是,否,是,True,員林,54,10663.428008193512,10.663428008193511
2711,南投縣中寮鄉,中寮村,鄉林巷23號,120.7732,23.8763,中寮社區活動中心,中寮村,30,"水災,震災,土石流",黃文安,049-2694162,是,否,是,True,南投,57,9829.483293650392,9.82948329365039
2712,南投縣中寮鄉,崁頂村,永平路104號,120.7732,23.8763,崁頂社區活動中心,崁頂村,50,"水災,震災,土石流",廖俊松,049-2691164,是,否,是,True,南投,57,9829.483293650392,9.82948329365039
2713,南投縣名間鄉,?下村,大岩巷30之8號,120.6355,23.8764,下社區活動中心,?下村1-14鄰,60,水災,陳愉欣社區理事長,0933-419923,是,否,否,True,南投,57,6492.309142384841,6.492309142384841
2714,彰化縣北斗鎮,中寮里,彰化縣北斗中寮里中央路30巷31號,120.5109,23.8781,中寮社區活動中心,中寮里,310,"水災,震災,土石流,海嘯",陳瑩真,921492658,是,否,否,True,員林,54,10669.804764051776,10.669804764051776
2716,南投縣中寮鄉,內城村,龍南路6-3號,120.7628,23.879,內城社區活動中心,內城村,100,"水災,震災,土石流",廖增堆,049-2601662,是,否,是,True,南投,57,8743.129153864646,8.743129153864645
2717,彰化縣大城鄉,豐美村,平和路5號,120.306808,23.879191,豐美社區活動中心,豐美村,100,"水災,震災,土石流,海嘯",王信木,8943756,否,否,否,True,大城,56,4642.124146941865,4.642124146941865
2718,南投縣名間鄉,新街村,彰南路472號,120.6934,23.8797,新街村集會所,新街村1-26鄰,20,水災,吳承達村長,049-2241087,是,否,否,True,南投,57,3778.8456970502766,3.7788456970502766
2719,南投縣中寮鄉,八仙村,仙鹿巷,120.7641,23.8798,仙樂社區活動中心,八仙村1-3、9-12、14鄰,50,"水災,震災,土石流",江輝能,049-2691425,是,否,是,True,南投,57,8825.479831690618,8.825479831690618
2720,彰化縣埤頭鄉,崙腳村,中學路67號,120.460262,23.880113,埤頭國中,崙腳村,50,"水災,震災,土石流,海嘯",許文宗,04-8922004,是,否,否,True,二林,68,7173.63173332764,7.17363173332764
2721,南投縣中寮鄉,廣興村,永平路48-12號,120.7724,23.8805,頂興社區活動中心,廣興村,50,"水災,震災,土石流",蕭坤彰,049-2691848,是,否,是,True,南投,57,9570.79374980092,9.57079374980092
2722,花蓮縣壽豐鄉,光榮村,光榮1街26之1號,121.5143,23.8817,光榮活動中心,光榮村,39,"水災,震災,土石流,海嘯",沈佩儀,03-8652806,是,否,是,True,花蓮,36,13198.176378651184,13.198176378651183
2723,南投縣魚池鄉,大林村,永川巷5號,120.9442,23.8823,大林村集會所,大林村,25,"水災,震災,土石流",賴見成,049-2898327,是,否,否,True,埔里,71,9883.272820859738,9.883272820859737
2724,南投縣名間鄉,萬丹村,新丹巷38-2號,120.7063,23.8827,萬丹社區活動中心,萬丹村1-16鄰,50,水災,黃育堂村長兼社區理事長,049-2237938,是,否,否,True,南投,57,3978.6824837807612,3.9786824837807613
2725,南投縣中寮鄉,龍岩村,龍南路209-1號,120.7992,23.8828,爽文老人活動中心,龍岩村,100,"水災,震災,土石流",謝炫樵,049-2603698,是,否,是,True,南投,57,12069.630385389337,12.069630385389337
2726,南投縣魚池鄉,中明村,有水巷28-2號,120.9233,23.8834,金安老人會館,中明村,30,"水災,震災,土石流",楊崑欣,049-2899147,是,是,否,True,埔里,71,10495.390049547561,10.495390049547561
2727,花蓮縣壽豐鄉,平和村,平和路32號,121.5197,23.8837,平和活動中心,平和村,49,"水災,震災,土石流,海嘯",陳美珠,03-8661801,是,否,是,True,花蓮,36,12671.991731231687,12.671991731231687
2728,彰化縣田尾鄉,睦宜村,聖德巷162號,120.549163,23.884051,睦宜社區活動中心,睦宜村,42,"水災,土石流,海嘯",葉美麟,04-8832171133,否,否,是,True,員林,54,8705.75750208273,8.70575750208273
2729,南投縣水里鄉,新興村,新興巷10-6號,120.872715,23.884867,新興老人會館,新興村,500,"水災,震災,土石流",邱明光,049-2772141,是,否,否,True,埔里,71,13430.765760812123,13.430765760812122
2731,南投縣中寮鄉,八仙村,永樂路36-1號,120.7572,23.8857,八仙社區活動中心,八仙村4-8、13鄰,50,"水災,震災,土石流",江輝能,049-2691425,是,否,是,True,南投,57,7920.136475828378,7.920136475828378
2732,彰化縣竹塘鄉,民靖村,彰化縣竹塘鄉民靖村金山路40號,120.41144,23.886404,老人文康中心,"民靖村,小西村",100,"水災,震災,土石流,海嘯",蔡鴻賢,048-972001-112,是,否,是,True,二林,68,4297.76915612128,4.297769156121279
2733,彰化縣田尾鄉,南鎮村,光復路一段295號,120.560701,23.886533,南鎮國小,南?、北?、新生、睦宜、新興、福田,150,"水災,震災,土石流,海嘯",林永能,04-8227962#28,是,否,是,True,員林,54,8316.827385568567,8.316827385568567
2734,南投縣魚池鄉,大林村,嵩山巷27號,120.949,23.8872,大林社區活動中心,大林村,25,"水災,震災,土石流",賴見成,049-2898327,是,否,否,True,埔里,71,9244.03896815427,9.24403896815427
2735,南投縣魚池鄉,五城村,五城巷24-2號,120.8879,23.8874,五城村活動中心,五城村,75,"水災,震災,土石流",林紹憲,049-2897466,是,否,否,True,埔里,71,12152.227597583096,12.152227597583096
2736,彰化縣埤頭鄉,平原村,彰水路3段352巷45號,120.4601,23.8888,鄉立托兒所,平原村 崙腳村 埤頭村 元埔村,40,"水災,土石流,海嘯",陳烈堂,48927183,是,否,否,True,二林,68,6527.808708479178,6.527808708479178
2738,彰化縣田尾鄉,仁里村,中正路二段103巷9號,120.534111,23.888979,仁里社區活動中心,仁里村,84,"水災,土石流,海嘯",葉美麟,04-8832171133,否,否,是,True,員林,54,8569.616852817851,8.569616852817852
2739,彰化縣田尾鄉,饒平村,光復路2段575號,120.534111,23.888979,花與樹博物館,全鄉,350,"水災,土石流,海嘯",葉美麟,04-8832171133,否,否,是,True,員林,54,8569.616852817851,8.569616852817852
2740,彰化縣埤頭鄉,平原村,安康街72號,120.46,23.889,老人文康中心,平原村 埤頭村,25,"水災,土石流,海嘯",彭楷竣,48922117,是,否,是,True,二林,68,6506.133953577876,6.506133953577876
2741,南投縣中寮鄉,復興村,復興巷22號,120.7369,23.8892,永安社區活動中心,復興村,50,"水災,震災,土石流",官玉瑛,049-2694508,是,否,是,True,南投,57,5877.469417412349,5.877469417412349
2742,彰化縣田尾鄉,新生村,延平路150號,120.548715,23.88931,新生社區活動中心,新生村,84,"水災,土石流,海嘯",葉美麟,04-8832171133,否,否,是,True,員林,54,8139.908917128456,8.139908917128455
2743,彰化縣埤頭鄉,和豊村,埔尾路51號,120.487282,23.889782,四武宮辦公室,和豐村,30,"水災,土石流,海嘯",黃裕成,04-8910078,是,是,是,True,二林,68,8822.616693789516,8.822616693789517
2744,彰化縣社頭鄉,仁雅村,社斗路一段295號,120.585,23.8898,社頭鄉公所大禮堂,全鄉,50,"水災,震災,土石流,海嘯",許瑞耘,04-8732621,是,是,是,True,員林,54,8255.347686498835,8.255347686498835
2746,彰化縣田尾鄉,福田村,光復路一段98巷181號,120.562711,23.889989,福田社區活動中心,福田村,60,"水災,土石流,海嘯",葉美麟,04-8832171133,否,否,是,True,員林,54,7930.371270103449,7.930371270103449
2747,南投縣魚池鄉,東光村,慶隆巷36號,120.9667,23.8905,東光國小,東光村,200,"水災,震災,土石流",吳國松,049-2880523,是,是,否,True,埔里,71,8676.938643550382,8.676938643550383
2748,南投縣魚池鄉,五城村,華龍巷1-2號,120.8891,23.8909,五城國小,五城村,100,"水災,震災,土石流",王志全,049-2896455,是,是,否,True,埔里,71,11783.815758307634,11.783815758307634
2749,彰化縣田尾鄉,正義村,中正路一段232號,120.516759,23.891782,正義社區活動中心,正義村,34,"水災,土石流,海嘯",葉美麟,04-8832171133,否,否,是,True,員林,54,9062.02831163341,9.06202831163341
2750,彰化縣田尾鄉,饒平村,中山路一段449號,120.528588,23.891877,田尾國小,田尾、饒平、溪畔、南曾、北曾、正義、打簾,500,"水災,震災,土石流,海嘯",邱一瓶,04-8832745#113,是,否,是,True,員林,54,8486.689167999482,8.486689167999483
2751,彰化縣田尾鄉,南鎮村,平和路一段140號,120.554772,23.892145,南鎮社區活動中心,南鎮村,78,"水災,土石流,海嘯",葉美麟,04-8832171133,否,否,是,True,員林,54,7739.037420001364,7.739037420001364
2752,南投縣魚池鄉,中明村,文正巷5-10號,120.9206,23.8922,中明活動中心,中明村,25,"水災,震災,土石流",楊崑欣,049-2899147,是,否,否,True,埔里,71,9758.569609889799,9.758569609889799
2753,南投縣中寮鄉,永和村,龍南路321-11號,120.7764,23.8925,永和社區活動中心,永和村,50,"水災,震災,土石流",吳昌祈,049-2601318,是,否,是,True,南投,57,9548.902892372442,9.548902892372443
2754,彰化縣埤頭鄉,埤頭村,中南路145號,120.478352,23.892504,埤頭國小,埤頭村和興農村,50,"水災,震災,土石流,海嘯",郭福麟,04-8922019,是,是,否,True,二林,68,7875.188838890826,7.875188838890827
2755,南投縣南投市,永興里,八卦路58巷20號,120.6389,23.8926,永興里災民收容所社區活動中心,永興里,150,"水災,震災,土石流",里長鄭龍合,049-2235456,是,否,是,True,南投,57,5237.374772232045,5.237374772232045
2756,彰化縣田尾鄉,南曾村,福德巷185號,120.534173,23.892743,南曾社區活動中心,南曾村,84,"水災,土石流,海嘯",葉美麟,04-8832171133,否,否,是,True,員林,54,8177.390398906752,8.177390398906752
2757,南投縣南投市,嘉和里,樂利三街2號,120.6696,23.8928,嘉和里災民收容所嘉和里神木社區活動中心,嘉和里,100,"水災,震災,土石流",黃劍鵬,049-2222110,是,否,是,True,南投,57,2749.897877794529,2.749897877794529
2758,彰化縣社頭鄉,舊社村,南勢巷9-16號,120.595,23.893,社頭鄉老人文康活動中心,全鄉,150,"水災,土石流,海嘯",蕭淑滿,04-8732621,是,否,是,True,員林,54,8258.178758914111,8.258178758914111
2759,南投縣南投市,千秋里,千秋路222號,120.706,23.893,千秋里災民收容所社區活動中心,千秋里,150,"水災,震災,土石流",里長陳建昌,049-2227180,是,否,是,True,南投,57,3057.0549716924343,3.0570549716924345
2760,彰化縣埤頭鄉,合興村,文鄉路135號,120.4587,23.8933,圖書館一樓,合興村 平原村,40,"水災,震災,土石流,海嘯",李麗月,48927904,是,否,是,True,二林,68,6115.579318926132,6.115579318926132
2761,彰化縣埤頭鄉,中和村,溪林路284號,120.4587,23.8933,中和國小活動中心,中和村 庄內村,50,"水災,土石流,海嘯",鍾莉稠,48922117,是,否,是,True,二林,68,6115.579318926132,6.115579318926132
2762,彰化縣大城鄉,三豐村,平康路13號,120.299171,23.893532,三豐社區活動中心,三豐村,100,"水災,土石流,海嘯",洪秋郎,8986158,否,否,否,True,大城,56,5227.073707059892,5.227073707059891
2763,彰化縣埤頭鄉,合興村,文鄉路161號,120.459432,23.894074,合興國小,合興村,50,"水災,震災,土石流,海嘯",洪于仁,04-8922030,是,否,否,True,二林,68,6127.986528559731,6.127986528559731
2764,彰化縣田尾鄉,北曾村,福德巷359號,120.53401,23.894834,北曾社區活動中心,北曾村,90,"水災,土石流,海嘯",葉美麟,04-8832171133,否,否,是,True,員林,54,7968.05362415463,7.96805362415463
2765,南投縣中寮鄉,爽文村,龍南路190號,120.7244,23.8949,爽文社區活動中心,爽文村,100,"水災,震災,土石流",林永峰,049-2602430,是,否,是,True,南投,57,4456.7140726867865,4.456714072686786
2766,南投縣南投市,嘉和里,嘉和一路232巷2號,120.6871,23.8955,嘉和里、嘉興里災民收容所嘉和里集會所,嘉和里嘉興里,250,"水災,震災,土石流",林聰輝,049-2231475,是,否,是,True,南投,57,1946.6640743634687,1.9466640743634687
2767,南投縣南投市,嘉和里,嘉和一路232巷2號,120.6871,23.8955,嘉和里災民收容所嘉和里集會所,嘉興里、嘉和里,250,"水災,震災,土石流",里長林聰輝,049-2234543,是,否,是,True,南投,57,1946.6640743634687,1.9466640743634687
2768,彰化縣芳苑鄉,路上村,新上路12號,120.3283,23.8961,路上國小,全鄉,150,"水災,震災,土石流,海嘯",謝木麟,04-8982014,是,是,是,True,大城,56,7515.308729458398,7.515308729458399
2769,彰化縣二林鎮,華崙里,光復路73號,120.427,23.8963,中興國小,全鎮,100,"水災,震災,土石流,海嘯",洪維振,04-8683458,是,否,是,True,二林,68,3653.2449646434275,3.6532449646434273
2770,南投縣中寮鄉,永芳村,龍南路269-1號,120.7145,23.8966,永芳社區活動中心,永芳村,50,"水災,震災,土石流",曾盟富,049-2601938,是,否,是,True,南投,57,3483.430074401309,3.483430074401309
2771,彰化縣社頭鄉,美雅村,彰化縣社頭鄉美雅村中山路1段172號,120.5858,23.8968,社頭鄉運動公園體育館,全鄉,500,"水災,震災,土石流,海嘯",李雪娥,04-8732621,是,否,是,True,員林,54,7536.0280662593095,7.536028066259309
2772,彰化縣田尾鄉,北鎮村,平和路二段151號,120.552144,23.897327,北鎮社區活動中心,北鎮村,78,"水災,土石流,海嘯",葉美麟,04-8832171133,否,否,是,True,員林,54,7205.822412152946,7.205822412152946
2773,彰化縣田尾鄉,溪頂村,三溪路一段209號,120.508138,23.897399,溪頂社區活動中心,溪頂村,45,"水災,土石流,海嘯",葉美麟,04-8832171133,否,否,是,True,員林,54,9052.820521920154,9.052820521920154
2774,彰化縣田尾鄉,田尾村,光復路三段538巷1號,120.508138,23.897399,田尾社區活動中心,田尾村,84,"水災,土石流,海嘯",葉美麟,04-8832171133,否,否,是,True,員林,54,9052.820521920154,9.052820521920154
2775,彰化縣社頭鄉,仁雅村,社斗路一段258號,120.584451,23.897442,社頭國小,社頭村,300,"水災,震災,土石流,海嘯",蕭淑滿,04-8732621164,否,否,否,True,員林,54,7427.180428344423,7.427180428344423
2777,彰化縣二林鎮,興華里,中農路15號,120.366378,23.898143,興華社區活動中心,本里,75,"水災,土石流,海嘯",洪義當,48966058,否,否,否,True,二林,68,5326.962390191535,5.326962390191535
2778,彰化縣二林鎮,振興里,二溪路6段626號,120.366378,23.898143,萬興國中,萬興里振興里永興里,121,"水災,震災,土石流,海嘯",洪仲輝,48681593,否,否,否,True,二林,68,5326.962390191535,5.326962390191535
2780,彰化縣二林鎮,頂厝里,文明巷3號,120.366378,23.898143,民眾活動中心,本里,121,"水災,土石流,海嘯",洪旭照,48961062,否,否,否,True,二林,68,5326.962390191535,5.326962390191535
2781,彰化縣二林鎮,外竹里,中南巷41-1號,120.366378,23.898143,育德國小,外竹里,121,"水災,震災,土石流,海嘯",謝素絹,48968055,否,否,否,True,二林,68,5326.962390191535,5.326962390191535
2782,彰化縣二林鎮,梅芳里,太平路72-1號,120.366378,23.898143,梅芳社區活動中心,梅芳里,151,"水災,土石流,海嘯",吳坤哲,48683288,否,否,否,True,二林,68,5326.962390191535,5.326962390191535
2785,彰化縣二林鎮,東興里,福建巷45-1號,120.366378,23.898143,東興社區活動中心,本里,303,"水災,土石流,海嘯",洪火輪,48956015,否,否,否,True,二林,68,5326.962390191535,5.326962390191535
2786,南投縣魚池鄉,東池村,新店巷35號,120.9396,23.8983,麒麟宮代化堂集會所,東池村,50,"水災,震災",王燕聰,049-2896817,是,否,是,True,埔里,71,8326.581523017245,8.326581523017245
2787,彰化縣埤頭鄉,永豊村,東西路621號,120.450794,23.898467,永豐社區活動中心,永豐村,25,"水災,震災,土石流,海嘯",陳聰典,04-8923001,是,是,否,True,二林,68,5127.877394980334,5.1278773949803345
2788,彰化縣田尾鄉,新興村,新興路280號,120.558394,23.898593,新興社區活動中心,新興村,90,"水災,土石流,海嘯",葉美麟,04-8832171133,否,否,是,True,員林,54,6994.400495323468,6.994400495323468
2789,南投縣魚池鄉,魚池村,瓊文巷41號,120.9373,23.899,魚池國小,魚池村,300,"水災,震災",尤長盛,049-2895537,是,是,否,True,埔里,71,8338.498354445093,8.338498354445093
2790,南投縣魚池鄉,共和村,長興巷8之11號,120.9533,23.8992,長興長寮尾活動中心,共和村,50,"水災,震災,土石流",陳慶煌,049-2880168,是,否,否,True,埔里,71,7854.531253543373,7.854531253543374
2791,南投縣中寮鄉,龍安村,龍南路94-5號,120.7592,23.8996,龍安社區活動中心,龍安村,50,"水災,震災,土石流",廖振添,049-2601314,是,否,是,True,南投,57,7668.563399087776,7.668563399087776
2792,花蓮縣壽豐鄉,月眉村,月眉路三段108號,121.554,23.8996,月眉活動中心,月眉村,53,"水災,震災,土石流,海嘯",黃明輝,03-8631116,是,否,是,True,花蓮,36,9207.334216363128,9.207334216363128
2793,臺中市沙鹿區,三鹿里,三鹿里自強路293號,120.364822,23.899861,三鹿社區活動中心,三鹿里,224,"水災,震災,土石流,海嘯",陳和利,04-26358251,是,否,是,True,二林,68,5356.71161309399,5.3567116130939905
2794,彰化縣二林鎮,豐田里,彰化縣二林鎮豐田里斗苑路五段22號,120.3716,23.8999,二林國小,全鎮,200,"水災,震災,土石流,海嘯",陳瑞吉,04-8960057#701,是,否,是,True,二林,68,4779.796619976736,4.779796619976736
2795,彰化縣二林鎮,南光里,建興街80號,120.3773,23.8999,中正國小,全鎮,150,"水災,震災,土石流,海嘯",林福榮,04-8960145,是,否,是,True,二林,68,4322.764301999488,4.322764301999489
2796,彰化縣田尾鄉,新厝村,光明巷54號,120.503867,23.899999,新厝社區活動中心,新厝村,30,"水災,土石流,海嘯",葉美麟,04-8832171133,否,否,是,True,員林,54,9110.638017107869,9.110638017107869
2797,彰化縣二林鎮,原斗里,斗苑路一段865號,120.3754,23.9005,原斗國小,全鎮,100,"水災,震災,土石流,海嘯",蔡忠課,04-8902322,是,否,是,True,二林,68,4430.63260486532,4.43063260486532
2798,彰化縣社頭鄉,廣興村,中興路1號,120.582081,23.901267,社頭國中,廣興村,300,"水災,震災,土石流,海嘯",蕭淑滿,04-8732621164,否,否,否,True,員林,54,6952.467677656489,6.9524676776564895
2799,彰化縣田尾鄉,新厝村,中正路二段101號,120.508227,23.902513,仁豐國小,仁里、新厝、溪頂、豐田,100,"水災,震災,土石流,海嘯",鄭全永,04-8830347,是,否,是,True,員林,54,8609.199520876093,8.609199520876093
2800,南投縣南投市,三和里,彰南路一段992號,120.6859,23.9026,三和里災民收容所里集會所,三和里,250,"水災,震災,土石流",里長吳志鵬,049-2225041,是,否,是,True,南投,57,1153.3577685576327,1.1533577685576326
2801,彰化縣田尾鄉,豐田村,光復路四段114號,120.510873,23.903422,豐田社區活動中心,豐田村,60,"水災,土石流,海嘯",葉美麟,04-8832171133,否,否,是,True,員林,54,8358.782016078185,8.358782016078186
2802,南投縣南投市,三興里,彰南路一段993號,120.6853,23.9039,三興里災民收容所南投高商活動中心,三興里,250,"水災,震災,土石流",校長何景標,049-2222269,是,否,是,True,南投,57,1007.7999524382609,1.0077999524382608
2803,彰化縣田尾鄉,打簾村,民生路一段245號,120.529979,23.904866,打簾社區活動中心,打簾村,60,"水災,土石流,海嘯",葉美麟,04-8832171133,否,否,否,True,員林,54,7134.463167932884,7.134463167932884
2804,花蓮縣壽豐鄉,志學村,中正路120巷13號,121.5322,23.9053,志學活動中心,志學村,40,"水災,震災,土石流,海嘯",徐琬玲,03-8661800,是,否,是,True,花蓮,36,10037.329875176943,10.037329875176944
2805,南投縣南投市,崇文里,彰南路一段1059號,120.6839,23.9058,崇文里災民收容所南投國小活動中心,崇文里,250,"水災,震災,土石流",吳欲豐,049-2222038,是,否,是,True,南投,57,810.1278972353172,0.8101278972353172
2806,南投縣南投市,南投里,彰南路一段1059號,120.6839,23.9058,彰仁里災民收容所南投國小活動中心,彰仁里、崇文里,250,"水災,震災,土石流",校長吳欲豐,049-2222038,是,否,是,True,南投,57,810.1278972353172,0.8101278972353172
2808,南投縣中寮鄉,永平村,永平路316號,120.8067,23.906,中寮國小活動中心,永平村,100,"水災,震災,土石流",簡烈堂,049-2691322,是,否,是,True,南投,57,12383.83354224099,12.383833542240989
2809,彰化縣永靖鄉,新莊村,永社路75-1號,120.553913,23.906852,新莊社區活動中心,新莊村,26,"水災,土石流,海嘯",詹日新,8224149,否,否,否,True,員林,54,6135.7725769639865,6.135772576963986
2810,彰化縣永靖鄉,瑚璉村,錫壽路123號,120.553913,23.906852,永靖國中,瑚璉村,472,"水災,土石流,海嘯",陳玉春,8221191-283,否,否,否,True,員林,54,6135.7725769639865,6.135772576963986
2811,彰化縣二林鎮,原斗里,中正巷13號,120.436185,23.907276,原斗社區活動中心,原斗里,10,"水災,土石流,海嘯",廖忠誠,8902022,否,否,否,True,二林,68,3350.5916337312156,3.3505916337312156
2812,彰化縣二林鎮,西斗里,再發路46號,120.436185,23.907276,西斗社區活動中心,西斗里,12,"水災,土石流,海嘯",蔡淑芬,8903877,否,否,否,True,二林,68,3350.5916337312156,3.3505916337312156
2813,彰化縣二林鎮,東和里,照西路176巷1號,120.436185,23.907276,東和里集會所,東和里,18,"水災,土石流,海嘯",洪桂昌,48961005,否,否,否,True,二林,68,3350.5916337312156,3.3505916337312156
2814,彰化縣二林鎮,大永里,大永路17號,120.436185,23.907276,大永社區活動中心,大永里,91,"水災,土石流,海嘯",莊德雄,8902596,否,否,否,True,二林,68,3350.5916337312156,3.3505916337312156
2815,彰化縣二林鎮,東勢里,面前巷2號,120.436185,23.907276,東勢社區活動中心,東勢里,91,"水災,土石流,海嘯",葉見智,8902421,否,否,否,True,二林,68,3350.5916337312156,3.3505916337312156
2817,彰化縣二林鎮,復豐里,漏瑤巷30號,120.436185,23.907276,復豐社區活動中心,復豐里,151,"水災,土石流,海嘯",曾進賜,8903832,否,否,否,True,二林,68,3350.5916337312156,3.3505916337312156
2819,彰化縣二林鎮,南光里,懷仁街8號,120.436185,23.907276,南光社區活動中心,本里,200,"水災,土石流,海嘯",洪淑女,48961006,否,否,否,True,二林,68,3350.5916337312156,3.3505916337312156
2820,南投縣仁愛鄉,中正村,光明路58號,120.98989,23.907318,中正村社區活動中心,中正村,100,"水災,震災,土石流,海嘯",高金水,049-2926534,是,否,是,True,埔里,71,7171.709705316682,7.171709705316681
2821,彰化縣社頭鄉,朝興村,社石路91號,120.604063,23.908289,朝興國小,朝興村仁和村泰安村,200,"水災,震災,土石流,海嘯",蕭淑滿,04-8732621164,否,否,否,True,員林,54,7222.4085741182425,7.222408574118242
2822,南投縣魚池鄉,大雁村,山楂腳巷16-1號,120.9149,23.9089,養靈社區活動養靈社區活動中心山楂腳,大雁村,25,"水災,震災,土石流",謝棟漢,049-2896856,是,否,否,True,埔里,71,8554.266514705821,8.554266514705821
2826,南投縣南投市,三民里,建國路137號,120.6809,23.9105,三民里災民收容所南投高中,三民里,300,"水災,震災,土石流",校長黃國軒,049-2231175,是,否,是,True,南投,57,527.1470358891605,0.5271470358891606
2827,彰化縣永靖鄉,湳港村,湳港村永社路205號,120.548393,23.910928,湳港社區活動中心,湳港,230,"水災,土石流,海嘯",詹慶豐,8221147,否,否,否,True,員林,54,5809.894047189865,5.809894047189865
2828,彰化縣永靖鄉,五福村,五福村五福巷99-1號,120.541084,23.911429,五福社區活動中心,五福,67,"水災,土石流,海嘯",高芳熙,8225153,是,否,否,True,員林,54,5994.169338753828,5.994169338753828
2829,彰化縣田尾鄉,溪畔村,溪畔巷157號,120.536106,23.912249,溪畔社區活動中心,溪畔村,36,"水災,土石流,海嘯",葉美麟,04-8832171133,否,否,是,True,員林,54,6120.984999518386,6.120984999518386
2830,南投縣南投市,福山里,八卦路521之12號,120.6376,23.9131,福山里災民收容所社區活動中心,福山里,150,"水災,震災,土石流",莊明崇,049-229208,是,否,是,True,南投,57,4857.02426912335,4.857024269123349
2831,南投縣南投市,平和里,育樂路62號,120.6912,23.9132,平和里災民收容所平和國小活動中心,平和里,250,"水災,震災,土石流",校長吳錦謀,049-2222028,是,否,是,True,南投,57,600.4830812690252,0.6004830812690252
2832,南投縣南投市,康壽里,南陽路269號,120.6863,23.9133,龍泉里災民收容所康壽國小活動中心,龍泉里,150,"水災,震災,土石流",江坤鋕,049-2243457,是,否,是,True,南投,57,106.51442951134798,0.10651442951134799
2833,南投縣南投市,康壽里,南陽路269號,120.6863,23.9133,康壽里災民收容所康壽國小活動中心,康壽里,150,"水災,震災,土石流",江坤鋕,049-2243457,是,否,是,True,南投,57,106.51442951134798,0.10651442951134799
2834,南投縣南投市,漳和里,文化路532號,120.6738,23.9134,漳和里災民收容所漳和里活動中心,漳和里,150,"水災,震災,土石流",張幸生,2242848,是,否,是,True,南投,57,1172.2753832060187,1.1722753832060187
2835,南投縣南投市,漳和里,祖祠路361號,120.6769,23.9137,漳和里災民收容所南投國中活動中心,漳和里,250,"水災,震災,土石流",校長戴國華,049-2222549,是,否,是,True,南投,57,859.3266641820637,0.8593266641820637
2837,彰化縣永靖鄉,港西村,福德巷36-1號,120.541515,23.914104,港西社區活動中心,港西,34,"水災,土石流,海嘯",黃銀砂,8223811,是,否,否,True,員林,54,5703.540644239387,5.703540644239387
2838,南投縣南投市,漳興里,漳興巷51號,120.681,23.9146,漳興里災民收容所社區活動中心,漳興里,200,"水災,震災,土石流",里長謝慶同,049-2227563,是,否,是,True,南投,57,472.8526416091878,0.4728526416091878
2839,南投縣魚池鄉,大雁村,大雁巷2-1號,120.9193,23.9166,大雁村集會所,大雁村,25,"水災,震災,土石流",謝棟漢,049-2896856,是,否,否,True,埔里,71,7612.322014550329,7.612322014550329
2840,彰化縣埤頭鄉,豊崙村,校前路50號,120.4602,23.9172,豐崙國小,豐崙村,50,"水災,震災,土石流,海嘯",周玲玲,48922117,是,否,是,True,二林,68,5221.316194337075,5.221316194337075
2841,彰化縣田尾鄉,陸豐村,民生路3段200號,120.505044,23.917345,陸豐國小,海豐、陸豐、柳鳳,120,"水災,震災,土石流,海嘯",蒲聰閔,04-8222563#13,是,否,是,True,員林,54,7684.217939569661,7.6842179395696615
2842,彰化縣永靖鄉,永南村,永西路155號,120.542396,23.918325,永南社區活動中心,永南村,37,"水災,土石流,海嘯",周及,04-8231035,是,否,否,True,員林,54,5238.676263410525,5.238676263410525
2843,彰化縣永靖鄉,福興村,福興村中肚巷52號,120.513506,23.918644,福興社區活動中心,福興村,37,"水災,土石流,海嘯",江錦文,8222265,否,否,否,True,員林,54,6942.850062758715,6.942850062758715
2844,彰化縣社頭鄉,橋頭村,員集路三段528號,120.579834,23.9187,橋頭國小,橋頭村湳底村新厝村,300,"水災,震災,土石流,海嘯",蕭淑滿,04-8732621164,否,否,否,True,員林,54,5043.610474737796,5.043610474737796
2846,彰化縣永靖鄉,獨鰲村,獨鰲路192巷1-9號,120.531449,23.919024,獨鰲社區活動中心,獨鰲村,116,"水災,土石流,海嘯",江洽如,8248369,否,否,否,True,員林,54,5715.461669439705,5.715461669439705
2847,南投縣魚池鄉,共和村,五馬巷57-1號,120.9663,23.9192,共和國小,共和村,75,"水災,震災,土石流",謝永義,049-2880608,是,是,否,True,埔里,71,5500.091025696058,5.500091025696058
2848,花蓮縣壽豐鄉,池南村,池南路2段17號,121.506,23.9197,池南活動中心,池南村,53,"水災,震災,土石流,海嘯",沈佩儀,03-8641008,是,否,是,True,花蓮,36,11124.976017814031,11.124976017814031
2849,彰化縣永靖鄉,浮圳村,浮圳路409號,120.560075,23.920049,浮圳社區活動中心,浮圳村,45,"水災,土石流,海嘯",游世庭,8221708,否,否,否,True,員林,54,4612.03066056058,4.61203066056058
2850,彰化縣社頭鄉,湳雅村,山腳路三段395號,120.601444,23.920353,湳雅國小,湳雅村協和村平和村龍井村,300,"水災,震災,土石流,海嘯",蕭淑滿,04-8732621164,否,否,否,True,員林,54,6002.03601993575,6.00203601993575
2851,彰化縣永靖鄉,崙美村,獨鰲路270巷8-1號,120.538616,23.920355,崙美社區活動中心,崙美村,96,"水災,土石流,海嘯",胡文權,8223100,否,否,否,True,員林,54,5207.334327537208,5.207334327537208
2852,南投縣南投市,軍功里,軍功路140巷76號,120.7003,23.9208,軍功里災民收容所里活動中心,軍功里,150,"水災,震災,土石流",里長廖永裕,049-2237088,是,否,是,True,南投,57,1753.976308663002,1.753976308663002
2853,彰化縣芳苑鄉,後寮村,芳寮路30號,120.3417,23.9209,後寮國小,全鄉,150,"水災,震災,土石流,海嘯",陳強聲,04-8983184,是,是,是,True,二林,68,6934.280250958704,6.934280250958704
2854,彰化縣田尾鄉,陸豐村,陸豐路48號,120.50099,23.920935,陸豐社區活動中心,陸豐村,45,"水災,土石流,海嘯",葉美麟,04-8832171133,否,否,是,True,員林,54,7769.333192140614,7.769333192140614
2855,彰化縣社頭鄉,張厝村,張厝村大圳巷9-6號,120.50099,23.920935,張厝村集會所,張厝村,50,"水災,土石流,海嘯",蕭淑滿,04-8732621164,否,否,否,True,員林,54,7769.333192140614,7.769333192140614
2858,南投縣中寮鄉,福盛村,永樂路88-8號,120.7318,23.9236,福盛社區活動中心,福盛村,50,"水災,震災,土石流",張添福,049-2691561,是,否,是,True,南投,57,4876.805346892917,4.876805346892917
2861,彰化縣永靖鄉,竹子村,竹中巷41號,120.503855,23.924464,竹子社區活動中心,竹子村,45,"水災,土石流,海嘯",邱良順,8240195,否,否,否,True,員林,54,7306.6183182350305,7.306618318235031
2862,南投縣南投市,鳳鳴里,八卦路896號,120.6397,23.9248,鳳鳴里災民收容所鳳鳴國中禮堂,鳳鳴里,250,"水災,震災,土石流",校長魏靖育,049-2291831,是,否,是,True,南投,57,4823.402956059211,4.823402956059211
2863,彰化縣永靖鄉,四芳村,四湳路106-1號,120.522486,23.925579,四芳社區活動中心,四芳村,73,"水災,土石流,海嘯",盧金天,8222465,否,否,否,True,員林,54,5751.104824879773,5.751104824879773
2864,彰化縣永靖鄉,同安村,西畔巷11-1號,120.528556,23.925671,同安社區活動中心,同安村,145,"水災,土石流,海嘯",陳天能,8222551,否,否,否,True,員林,54,5315.639294014358,5.315639294014358
2865,彰化縣永靖鄉,光雲村,意善巷78-1號,120.555617,23.92713,光雲社區活動中心,光雲村,88,"水災,土石流,海嘯",詹德如,8221460,否,否,否,True,員林,54,3893.9569571088937,3.8939569571088937
2866,彰化縣永靖鄉,湳墘村,忠心路13-1號,120.532649,23.92828,湳墘社區活動中心,湳墘村,39,"水災,土石流,海嘯",林輝,8222267,否,否,否,True,員林,54,4824.556481138528,4.824556481138528
2867,彰化縣永靖鄉,同仁村,同仁村東畔路7-1號,120.532649,23.92828,同仁社區活動中心,同仁村,43,"水災,土石流,海嘯",張清標,8247678,否,否,否,True,員林,54,4824.556481138528,4.824556481138528
2868,南投縣南投市,新興里,彰南路三段221號,120.6724,23.9294,新興里災民收容所新豐國小禮堂,新興里,250,"水災,震災,土石流",校長賴信佑,049-2251804,是,否,是,True,南投,57,2241.6754883592102,2.2416754883592103
2869,南投縣埔里鎮,麒麟里,武界路7號,120.99,23.9304,麒麟國小,麒麟里,280,"水災,震災,土石流",張鴻煜,049-2925941,是,是,是,True,埔里,71,4814.87141983381,4.8148714198338105
2870,彰化縣永靖鄉,崙子村,九分路192-1號,120.566311,23.930578,崙子社區活動中心,崙子村,35,"水災,土石流,海嘯",朱再添,8229052,否,否,否,True,員林,54,3449.7125910875484,3.4497125910875486
2871,彰化縣永靖鄉,五汴村,五汴巷1號,120.558809,23.9307,五汴社區活動中心,五汴村,35,"水災,土石流,海嘯",袁百里,8237900,否,否,否,True,員林,54,3450.46500733161,3.4504650073316103
2872,彰化縣溪湖鎮,西勢里,西安路117巷36號,120.476644,23.931225,西勢社區活動中心,西勢,30,"水災,土石流,海嘯",楊明謙,939529552,否,否,否,True,二林,68,6852.654911661669,6.852654911661669
2873,南投縣埔里鎮,愛蘭里,梅村路110號,120.9902,23.9314,愛蘭里集會所,愛蘭里,50,"水災,震災,土石流",許鎮濤,049-2984040-118,是,否,是,True,埔里,71,4726.968224312843,4.726968224312842
2874,南投縣中寮鄉,和興村,永樂路143-2號,120.7501,23.9322,和興社區活動中心,和興村,50,"水災,震災,土石流",孫瑞娟,049-2692989,是,否,是,True,南投,57,6930.501544710784,6.9305015447107845
2875,南投縣南投市,內興里,中興路200號,120.693,23.9325,內興里災民收容所德興國小活動中心,內興里,250,"水災,震災,土石流",校長吳碧霞,049-2359050,是,否,是,True,南投,57,2297.2336679005907,2.2972336679005907
2876,花蓮縣吉安鄉,光華村,光華二街200號,121.578,23.934,光華活動中心,光華村,37,"水災,震災,土石流",葉光南,8422057,是,否,是,True,花蓮,36,4688.313828206248,4.688313828206248
2877,南投縣中寮鄉,義和村,永平路513-12號,120.7601,23.9349,義和村集會所,義和村,100,"水災,震災,土石流",廖志修,049-2220602,是,否,是,True,南投,57,7991.148175823322,7.991148175823322
2878,南投縣南投市,內新里,南營路283號,120.6903,23.9357,內新里災民收容所內新里集會所,內新里,150,"水災,震災,土石流",里長曾丁萬,049-2390779,是,否,是,True,南投,57,2564.8586348037697,2.5648586348037696
2879,南投縣中寮鄉,義和村,永平路447-12號,120.7589,23.9359,義和社區活動中心,義和村,50,"水災,震災,土石流",廖志修,049-2220602,是,否,是,True,南投,57,7909.618927072104,7.9096189270721045
2881,南投縣中寮鄉,龍岩村,龍南路154號,120.7629,23.9376,龍岩村集會所,龍岩村,50,"水災,震災,土石流",謝炫樵,049-2603698,是,否,是,True,南投,57,8355.779835141662,8.355779835141663
2882,南投縣埔里鎮,珠格里,珠生路36-5號,120.9584,23.9376,珠格里集會所,珠格里,30,"水災,震災,土石流",許鎮濤,049-2984040-118,是,否,是,True,埔里,71,3592.5857496683684,3.5925857496683684
2883,彰化縣埔心鄉,太平村,太平路289號,120.552667,23.938168,太平國小,仁里村、經口村,200,"水災,震災,土石流,海嘯",張鎔諭,8226049-102,是,否,否,True,員林,54,2806.8286183640976,2.8068286183640976
2886,彰化縣溪湖鎮,湳底里,湳底路27-6號,120.507252,23.940604,湳底社區活動中心,湳底,30,"水災,土石流,海嘯",李麗紅,04-8282055,否,否,否,True,員林,54,6149.765506505922,6.149765506505922
2887,南投縣南投市,鳳山里,八卦路1310號,120.6379,23.9409,鳳山里災民收容所鳳山里集會所,鳳山里,100,"水災,震災,土石流",里長藍豐文,049-2292060,是,否,是,True,南投,57,5730.362291087802,5.730362291087802
2889,彰化縣溪湖鎮,媽厝里,湳底路67號,120.496339,23.941071,媽厝國小,媽厝,100,"水災,震災,土石流,海嘯",陳坤輝,04-8854793,否,否,否,True,員林,54,7173.812550321854,7.173812550321855
2890,南投縣中寮鄉,清水村,瀧林巷2-6號,120.7725,23.9415,清水社區活動中心,清水村,100,"水災,震災,土石流",卓金棟,049-2602388,是,否,是,True,南投,57,9420.788802142164,9.420788802142164
2891,南投縣南投市,光明里,光明一路67號,120.7024,23.9416,光明里災民收容所光復國小導師室地下室,光明里,150,"水災,震災,土石流",校長張文馨,049-2332587,是,否,是,True,南投,57,3613.9251743333552,3.6139251743333554
2892,南投縣埔里鎮,桃米里,桃米巷48-1號,120.9269,23.9424,桃米里集會所,桃米里,50,"水災,震災,土石流",許鎮濤,049-2984040-118,是,否,是,True,埔里,71,5098.07847303333,5.09807847303333
2893,南投縣南投市,營南里,營盤路113號,120.6754,23.9438,營南里災民收容所營南里集會所,營南里,150,"水災,震災,土石流",里長蔡育民,049-2329087,是,否,是,True,南投,57,3556.965805744984,3.556965805744984
2894,南投縣南投市,福興里,彰南路三段953號,120.665769,23.944121,福興里災民收容所福興里集會所永興宮,福興里,50,"水災,震災,土石流",林源崧,049-2256727,是,否,是,True,南投,57,3979.2467365846314,3.9792467365846313
2895,南投縣埔里鎮,水頭里,中正路121號,120.9799,23.9446,水頭里集會所,水頭里,30,"水災,震災,土石流",許鎮濤,049-2984040-118,是,否,是,True,埔里,71,2949.3309260098627,2.949330926009863
2896,南投縣中寮鄉,廣福村,內城巷3-2號,120.7883,23.9447,廣福國小活動中心,廣福村,100,"水災,震災,土石流",葉茂森,049-2691464,是,否,是,True,南投,57,11056.770688928853,11.056770688928854
2897,彰化縣大村鄉,美港村,中山路一段118號,120.562457,23.944818,美港社區活動中心,美港村,50,"水災,土石流,海嘯",游金寶,04-8520149#111,是,否,是,True,員林,54,1859.4779352638654,1.8594779352638655
2898,南投縣埔里鎮,溪南里,珠生路59-1號,120.9567,23.945,溪南里集會所醒覺堂,溪南里,60,"水災,震災,土石流",許鎮濤,049-2984040-118,是,否,否,True,埔里,71,2876.081885007838,2.8760818850078382
2900,南投縣中寮鄉,永福村,永平路400號,120.791,23.9471,永福社區活動中心,永福村,50,"水災,震災,土石流",張彩琴,049-2691519,是,否,是,True,南投,57,11402.89241272153,11.402892412721531
2901,南投縣仁愛鄉,萬豐村,清華巷8號,121.07602,23.947392,萬豐國小,萬豐村,200,"水災,土石流,海嘯",陳義隆,2974123,是,否,否,True,埔里,71,11257.05535246732,11.25705535246732
2902,花蓮縣吉安鄉,干城村,干城一街97巷1號,121.545,23.9474,干城活動中心,干城村,35,"水災,震災,土石流",林世昌,8526086,是,否,是,True,花蓮,36,6171.089653876125,6.171089653876125
2903,花蓮縣秀林鄉,文蘭村,6鄰79號,121.5068,23.9479,文蘭活動中心,重光、米亞丸社區,100,"水災,震災,土石流,海嘯",杜明輝,955079056,是,否,是,True,花蓮,36,9810.795419895294,9.810795419895294
2904,彰化縣埔心鄉,舊?村,員鹿路4段201號,120.525928,23.948035,舊館國小,大華村、芎蕉村、舊館村、南館村、新館村,600,"水災,震災,土石流,海嘯",李汝堅,8292025,否,否,否,True,員林,54,4078.9436214280104,4.07894362142801
2906,彰化縣溪湖鎮,大庭里,崙仔腳路34-1號,120.498582,23.949215,大庭社區活動中心,大庭,40,"水災,土石流,海嘯",施純生,04-8859409,否,否,否,True,員林,54,6717.106557021875,6.717106557021875
2907,南投縣南投市,光榮里,中學路1號,120.6962,23.9498,光榮里災民收容所省政府青少年活動中心,光榮里,200,"水災,震災,土石流",技工曾永正,049-2394852,是,否,是,True,南投,57,4223.6938742718,4.223693874271801
2908,南投縣埔里鎮,桃米里,大學路1號,120.93,23.950278,國立暨南大學體育健康中心,桃米里,2200,"水災,震災,土石流",曾敏,049-2911045,是,是,否,True,埔里,71,4371.174169657675,4.3711741696576745
2909,南投縣國姓鄉,南港村,南港路112之8號,120.8693,23.9504,南港國小1甲-6甲與3間專科教室,南港村5-10鄰,60,"水災,震災,土石流,海嘯",吳崑檳校長,049-2451937,是,否,是,True,埔里,71,10240.89214655288,10.24089214655288
2910,南投縣國姓鄉,南港村,南港路112之11號,120.8695,23.9508,南港社區活動中心,南港村2-4鄰、林家伙房,50,"水災,震災,土石流,海嘯",彭偉政村長,049-2452813,是,否,是,True,埔里,71,10212.172321353446,10.212172321353446
2911,彰化縣埔心鄉,瓦北村,西安南路178號,120.557191,23.951445,明聖國小,瓦北村、瓦中村、瓦南村,400,"水災,震災,土石流,海嘯",張錦偉,8295395,否,否,否,True,員林,54,1279.137817428302,1.279137817428302
2912,花蓮縣吉安鄉,仁安村,南海三街71號,121.5968,23.9517,仁安活動中心,仁安村,63,"水災,震災,土石流",蔡文隆,8422948,是,否,是,True,花蓮,36,2192.321682262452,2.192321682262452
2913,南投縣南投市,光華里,光華四路2號,120.6908,23.9522,光華里災民收容所光華國小活動中心,光華里,100,"水災,震災,土石流",校長張震肇,049-2332549,是,否,是,True,南投,57,4377.179298876182,4.3771792988761815
2915,彰化縣員林市,黎明里,光明街31號,120.5742,23.9526,員林市育英國小,民生里、黎明里、惠來里、中央里、溝皂里、大饒里、大明里、萬年里共8里,230,"水災,震災,土石流,海嘯",劉家華,04-8320130#716,是,是,是,True,員林,54,1499.3746979158916,1.4993746979158915
2916,花蓮縣吉安鄉,南華村,南華四街123號,121.5513,23.9527,南華活動中心,南華村,63,"水災,震災,土石流",蕭萬生,8534573,是,否,是,True,花蓮,36,5346.065724711241,5.3460657247112415
2918,彰化縣埔心鄉,義民村,員鹿路二段254號,120.544016,23.953935,埔心國小,東門村,500,"水災,震災,土石流,海嘯",黃宏田,8291928,否,否,否,True,員林,54,2127.8111735544953,2.127811173554495
2919,彰化縣溪湖鎮,東溪里,員鹿路一段538號,120.497939,23.953975,東溪國小,東溪,50,"水災,震災,土石流,海嘯",陳添富,04-8853223,否,否,否,True,員林,54,6694.4197843076345,6.694419784307635
2920,彰化縣埔心鄉,義民村,忠義北路51號,120.543018,23.95404,埔心國中,埔心村,700,"水災,震災,土石流,海嘯",黃瑩堯,8291129,否,否,否,True,員林,54,2216.9179237500884,2.2169179237500884
2921,花蓮縣吉安鄉,稻香村,慶豐路79號,121.5757,23.9548,稻香活動中心,稻香村,40,"水災,震災,土石流",鄧桂英,8533083,是,否,是,True,花蓮,36,3056.547698124503,3.0565476981245028
2922,花蓮縣吉安鄉,永興村,永興七街86號,121.5683,23.955,永興活動中心,永興村,53,"水災,震災,土石流",陳源忠,8526058,是,否,是,True,花蓮,36,3676.8158606368993,3.6768158606368995
2923,花蓮縣吉安鄉,仁和村,南海三街314號,121.5876,23.9563,仁和活動中心,仁和村,101,"水災,震災,土石流",賴明章,8523002,是,否,是,True,花蓮,36,2072.6579931655288,2.072657993165529
2924,彰化縣溪湖鎮,田中里,田中央路275巷42弄113號,120.46673,23.956799,田中社區活動中心,田中,30,"水災,土石流,海嘯",楊宇雄,04-8858452,否,否,否,True,二林,68,6783.996396712934,6.783996396712935
2925,彰化縣溪湖鎮,大竹里,德華街17號,120.47851,23.956882,老人文康中心,大竹,100,"水災,土石流,海嘯",何柄樺,925797151,否,否,否,True,二林,68,7839.543395662536,7.8395433956625356
2926,南投縣埔里鎮,成功里,種瓜路87-2號,120.8946,23.9575,成功里集會所,成功里,100,"水災,震災,土石流",黃萬主,049-2913075,是,是,是,True,埔里,71,7565.09784702893,7.56509784702893
2927,南投縣埔里鎮,枇杷里,和二街1號,120.9766,23.9579,枇杷里集會所,枇杷里20-44鄰,80,"水災,震災,土石流",許鎮濤,049-2984040-118,是,否,是,True,埔里,71,1500.61013007754,1.5006101300775398
2928,彰化縣芳苑鄉,草湖村,彰化縣芳苑鄉草湖村功湖路草湖段140號,120.3784,23.9583,草湖國中,全鄉,400,"水災,震災,土石流,海嘯",陳志猛,04-8861051,是,是,是,True,二林,68,4855.890929612975,4.855890929612975
2929,彰化縣員林市,新生里,雙景街50號,120.5642,23.9587,員林市西區體館,三義里、新生里、南平里、南興里、源潭里、大埔里共6里,200,"水災,土石流,海嘯",賴瑩蓮,04-8347171#177,是,否,是,True,員林,54,336.663328373072,0.336663328373072
2930,南投縣埔里鎮,杷城里,民有二街69號,120.9699,23.9588,杷城里集會所,杷城里,100,"水災,震災,土石流",許鎮濤,049-2984040-118,是,否,是,True,埔里,71,1130.5353432349832,1.1305353432349832
2931,彰化縣員林市,中正里,三民街18號,120.5743,23.9591,員林市公所三樓禮堂,光明里、中山里、新興里、仁美里、三和里、三條里、東和里共7里,100,"水災,震災,土石流,海嘯",謝金輝,04-8347171#662,是,否,是,True,員林,54,1164.0513009671522,1.1640513009671523
2933,彰化縣溪湖鎮,光華里,二溪路一段35號,120.478529,23.95923,溪湖國小,光華,100,"水災,土石流,海嘯",黃嘉梁,04-8853827,否,否,否,True,二林,68,7961.068343621369,7.96106834362137
2934,南投縣埔里鎮,同聲里,光華街115號,120.9655,23.9594,同聲集會所,同聲里,100,"水災,震災,土石流,海嘯",許鎮濤,049-2984040-118,是,否,是,True,埔里,71,1073.8861157633667,1.0738861157633666
2935,彰化縣溪湖鎮,大突里,北聖路20號,120.467753,23.959709,湖西國小,大突,60,"水災,震災,土石流,海嘯",鄭復源,04-8851256,否,否,否,True,二林,68,7043.016834667524,7.043016834667523
2936,南投縣草屯鎮,南埔里,青宅巷56號,120.6633,23.9599,南埔社區活動中心,南埔里8-13.19-23鄰.,50,"水災,震災",理事長 李榮昌,049-2550802,是,否,否,True,南投,57,5656.517500982753,5.656517500982752
2937,南投縣南投市,光輝里,府西路79號,120.6861,23.9601,光輝里災民收容所里集會所,光輝里,150,"水災,震災,土石流",里長沈玉珠,049-2324530,是,否,是,True,南投,57,5216.839397473809,5.216839397473809
2939,南投縣草屯鎮,南埔里,中正路305號,120.6845,23.9611,南埔里集會所,南埔里1-7鄰.,80,"水災,震災",里長 李士吉,049-2553300,是,否,否,True,南投,57,5327.593365271841,5.3275933652718415
2940,南投縣草屯鎮,玉峰里,玉屏路210號,120.6845,23.9629,草屯國小禮堂,玉峰.明正.中正里.,200,"水災,震災",校長 陳恆聰,049-2362007,是,否,否,True,南投,57,5526.916971961374,5.5269169719613735
2941,彰化縣溪湖鎮,河東里,河東路281號,120.448106,23.962975,河東社區活動中心,河東,30,"水災,土石流,海嘯",楊儒筆,0921-785158,否,否,否,True,二林,68,5731.158676826547,5.731158676826547
2942,南投縣埔里鎮,薰化里,育英街18號2樓,120.9623,23.9635,薰化里集會所,薰化里,25,"水災,震災,土石流",許鎮濤,049-2984040-118,是,否,否,True,埔里,71,821.6672806934989,0.8216672806934989
2943,南投縣埔里鎮,清新里,育英街18號1樓,120.9623,23.9635,清新里集會所,清新里,30,"水災,震災,土石流",許鎮濤,049-2984040-118,是,否,是,True,埔里,71,821.6672806934989,0.8216672806934989
2944,南投縣埔里鎮,南門里,南昌街115巷2號,120.9669,23.9637,南門里集會所,南門里,60,"水災,震災,土石流",許鎮濤,049-2984040-118,是,否,是,True,埔里,71,578.53519662945,0.57853519662945
2946,彰化縣溪湖鎮,湖東里,大溪路二段423號,120.482373,23.963927,湖東國小,湖東,100,"水災,震災,土石流,海嘯",洪錫松,04-8858771,否,否,否,True,員林,54,8229.039615420725,8.229039615420724
2948,彰化縣芳苑鄉,王功村,育嬰巷75號,120.342,23.9642,王功國小,全鄉,400,"水災,震災,土石流,海嘯",梁沛珊,04-8932182,是,是,是,True,二林,68,8130.379526924228,8.130379526924228
2949,南投縣草屯鎮,山腳里,新生路76號,120.6809,23.9648,虎山國小禮堂,山腳里11-36鄰,200,"水災,震災",校長 周維賢,049-2339107,是,否,否,True,南投,57,5754.234599227908,5.754234599227908
2951,彰化縣溪湖鎮,太平里,地政路201號,120.47679,23.965221,湖北國小,大平,100,"水災,震災,土石流,海嘯",陳重存,04-8855548,否,否,否,True,二林,68,8146.837726891694,8.146837726891693
2952,南投縣仁愛鄉,春陽村,3鄰龍山巷67-1號,121.211132,23.965785,春陽活動中心,春陽村,100,"水災,震災,土石流,海嘯",陳淑珍,2802471,是,否,是,True,埔里,71,24755.106992122324,24.755106992122325
2953,花蓮縣吉安鄉,東昌村,東海六街74號,121.5953,23.9658,東昌活動中心,東昌村,47,"水災,震災,土石流",魏錦添,8528607,是,否,是,True,花蓮,36,760.7306338438548,0.7607306338438548
2955,彰化縣員林市,三信里,中山路二段280號,120.5716,23.967,員林市僑信國小,中正里、和平里、忠孝里、仁愛里、三橋里、三愛里、三信里、三多里共8里,200,"水災,震災,土石流,海嘯",事務組長張瑞誠,04-8320810#16,是,是,是,True,員林,54,1044.5479318936987,1.0445479318936988
2956,南投縣埔里鎮,泰安里,民族二街58號,120.9756,23.9671,泰安里集會所,泰安里,50,"水災,震災,土石流",許鎮濤,049-2984040-118,是,否,是,True,埔里,71,806.7065922657277,0.8067065922657277
2957,南投縣草屯鎮,平林里,健行路65巷31號,120.7397,23.9673,平林里集會所,平林里1-7鄰.,100,"水災,震災",里長 謝瑞棋,049-2572288,是,否,否,True,南投,57,8174.276547508449,8.174276547508448
2958,彰化縣員林市,南東里,山腳路四段212號,120.601,23.9678,員林市東山國小,崙雅里、振興里、林厝里、出水里、湖水里、大峰里、鎮興里、浮圳里、西東里、南東里、中東里、東北里共12里,300,"水災,震災,土石流,海嘯",事務組長王秀霞,04-8310749#22,是,是,是,True,員林,54,3908.944978286162,3.908944978286162
2959,南投縣草屯鎮,石川里,石川路37-37號,120.7451,23.968,石川里集會所,石川里1-8鄰.,100,"水災,震災",里長 洪日燈,049-2327162,是,否,否,True,南投,57,8610.79564892878,8.61079564892878
2960,南投縣埔里鎮,西門里,中正路511號,120.9643,23.9681,西門里集會所,西門里,50,"水災,震災,土石流",許鎮濤,0492984040-118,是,否,是,True,埔里,71,375.7596017186687,0.3757596017186687
2961,花蓮縣吉安鄉,仁里村,仁里五街1號,121.5925,23.9684,仁里活動中心,仁里村,90,水災,楊昇達,8514057,是,否,是,True,花蓮,36,806.7446321227029,0.8067446321227029
2962,南投縣仁愛鄉,親愛村,高平路4號,121.107902,23.968466,親愛村活動中心,親愛村,100,"水災,土石流,海嘯",潘筱玉,2974201,是,否,否,True,埔里,71,14247.236047532948,14.247236047532947
2963,南投縣草屯鎮,御史里,東山路27號,120.6685,23.9686,御史里舊集會所,御史里1-11.20-23.30.33.36鄰.,50,"水災,震災",里長 洪智捷,049-2569326,是,否,否,True,南投,57,6390.785929430367,6.3907859294303675
2964,花蓮縣花蓮市,主農里,中順街77號,121.5968,23.9688,主農社區活動中心,主農、主安里,50,"水災,土石流,海嘯",劉冠宏,03-8350088,是,否,是,True,花蓮,36,410.2779470719849,0.4102779470719849
2965,花蓮縣吉安鄉,福興村,福德街1號,121.5624,23.9689,福興活動中心,福興村,106,"水災,震災,土石流",黃朝彬,8526216,是,否,是,True,花蓮,36,3812.347866101773,3.812347866101773
2966,南投縣草屯鎮,土城里,中正路189號,120.6763,23.9691,土城國小禮堂,土城里,200,"水災,震災",校長 林維峰,049-2552024,是,否,否,True,南投,57,6280.21393564484,6.28021393564484
2967,南投縣草屯鎮,坪頂里,南坪路40-2號,120.6657,23.9692,坪頂國小禮堂,坪頂里,200,"水災,震災",校長 李淑瑜,049-2552074,是,否,否,True,南投,57,6536.147996076256,6.536147996076256
2968,彰化縣埔心鄉,二重村,五通南路82號,120.526197,23.969739,鳳霞國小,油車村、二重村,363,"水災,震災,土石流,海嘯",李裕隆,8294072,否,否,否,True,員林,54,3871.301156017135,3.871301156017135
2969,南投縣草屯鎮,敦和里,敦和路72-6號,120.668,23.9698,敦和國小禮堂,敦和里14-37鄰.,200,"水災,震災",校長 簡秀鶴,049-2365074,是,否,否,True,南投,57,6532.469303506852,6.532469303506852
2970,花蓮縣吉安鄉,南昌村,文化七街64號,121.5797,23.9704,南昌活動中心,南昌村,72,"震災,土石流,海嘯",陳振興,8521081,是,否,是,True,花蓮,36,2044.8659608609842,2.0448659608609843
2971,彰化縣埔心鄉,梧鳳村,大溪路三段175號,120.512005,23.970465,梧鳳國小,梧鳳村、埤霞村、埤腳村,363,"水災,震災,土石流,海嘯",林貞錡,8291964-13,否,否,否,True,員林,54,5300.909961048717,5.300909961048718
2972,南投縣埔里鎮,枇杷里,九成街46號,120.9598,23.9712,慈恩社區活動中心,枇杷里11-19鄰,50,"水災,震災,土石流",沈鈺智,049-2984040-225,是,否,是,True,埔里,71,864.9652755662634,0.8649652755662633
2973,花蓮縣花蓮市,主學里,中正路210號,121.5997,23.9717,中正國小,主農、主安、主力、主學、主權、主和等里,187,"水災,土石流,海嘯",陳世文,03-8322819,是,否,否,True,花蓮,36,44.19760939355091,0.04419760939355091
2974,花蓮縣花蓮市,主權里,中原路531號,121.5964,23.9718,中原國小文中三國中預定地,主農、主安、主力、主學、主權、主和等里,85,"水災,土石流,海嘯",陳雅琪,03-8333547,是,否,否,True,花蓮,36,347.19626153900396,0.34719626153900396
2975,南投縣草屯鎮,石川里,石川路46-10號,120.6606,23.9719,石川社區活動中心,石川里9-11鄰.,50,"水災,震災",理事長 何坤圍,049-2357833,是,否,否,True,南投,57,6991.012537327954,6.991012537327954
2976,南投縣草屯鎮,加老里,加老路268號,120.6837,23.972,加老里集會所,加老里5.9-13.17鄰.,50,"水災,震災",里長 林淑真,049-2330638,是,否,否,True,南投,57,6536.160285718284,6.536160285718284
2977,南投縣埔里鎮,大城里,大城路18號,120.9589,23.9721,大城社區活動中心,大城里1-12鄰,50,"水災,震災,土石流",沈鈺智,049-2984040-225,是,否,是,True,埔里,71,984.6763905407674,0.9846763905407674
2978,彰化縣溪湖鎮,中竹里,竹福路181號,120.504958,23.973162,中竹社區活動中心,中竹里,40,"水災,土石流,海嘯",黃柏勳,04-8818737,否,否,否,True,員林,54,6063.092517058916,6.063092517058916
2979,彰化縣大村鄉,新興村,新興巷6-3號,120.537435,23.973249,新興社區活動中心,新興村,30,"水災,土石流,海嘯",游金寶,04-8520149#111,是,否,是,True,員林,54,2921.5889851165653,2.921588985116565
2980,南投縣埔里鎮,大湳里,虎耳一街40號,120.9777,23.9734,虎山社區活動中心,大湳里,120,"水災,震災,土石流",沈鈺智,049-2984040-225,是,否,是,True,埔里,71,1117.490630511377,1.117490630511377
2981,花蓮縣吉安鄉,吉安村,吉安路二段97號,121.5628,23.9734,吉安國小,吉安村,223,"水災,震災,土石流",廖必偉,8523984,是,否,是,True,花蓮,36,3769.3919835072143,3.769391983507214
2982,花蓮縣花蓮市,主睦里,成功街169號,121.6058,23.9734,花蓮城隍廟香客大樓,花蓮市各里,100,"水災,土石流,海嘯",孫吉造,03-8222854,是,否,否,True,花蓮,36,656.1169765838883,0.6561169765838883
2983,南投縣埔里鎮,大城里,大城路259號,120.9498,23.9736,恆吉活動中心,大城里13-22鄰,60,"水災,震災,土石流",沈鈺智,049-2984040-225,是,否,是,True,埔里,71,1916.1156204666931,1.9161156204666931
2984,花蓮縣吉安鄉,吉安村,中興路355巷7號,121.5643,23.9736,吉安活動中心,吉安村,32,"震災,土石流,海嘯",溫金勝,8535282,是,否,是,True,花蓮,36,3618.5271391926776,3.6185271391926777
2987,南投縣仁愛鄉,親愛村,大安路87號,121.127976,23.974175,親愛國小萬大分校,親愛村,200,"水災,土石流,海嘯",張秋娘,2974032,是,否,否,True,埔里,71,16300.37836457442,16.30037836457442
2988,南投縣草屯鎮,雙冬里,中正路83-1號,120.7039,23.9749,雙冬社區活動中心,雙冬里1-11.18-22鄰.,100,"水災,震災",理事長 莊月女,049-2571599,是,否,否,True,南投,57,7111.7430693236975,7.111743069323698
2989,花蓮縣吉安鄉,勝安村,慈惠一街30號,121.5869,23.9754,勝安活動中心,勝安村,38,"水災,震災,土石流",陳昌周,8522377,是,否,是,True,花蓮,36,1385.9102695415274,1.3859102695415275
2990,花蓮縣吉安鄉,宜昌村,吉祥六街52巷9號,121.5832,23.9756,宜昌活動中心,宜昌村,49,"震災,土石流,海嘯",范來新,8535389,是,否,是,True,花蓮,36,1751.958849159293,1.751958849159293
2991,花蓮縣花蓮市,主力里,中華路298號,121.5986,23.9756,忠孝國小,主力、主學等里,47,"水災,土石流,海嘯",程立,03-8351218,是,否,否,True,花蓮,36,490.22258186692477,0.49022258186692474
2992,花蓮縣花蓮市,主權里,中原路666號,121.5938,23.9757,主權社區活動中心,主權里,72,"水災,土石流,海嘯",徐淑憶,03-8333749,是,否,是,True,花蓮,36,778.3407724100167,0.7783407724100168
2993,南投縣埔里鎮,蜈蚣里,蜈蚣路36號,120.9897,23.9767,蜈蚣里集會所,蜈蚣里,50,"水災,震災,土石流",許鎮濤,049-2984040-118,是,否,是,True,埔里,71,2382.7345767898687,2.382734576789869
2994,南投縣埔里鎮,南村里,中山路四段373號,120.919707,23.976883,南村里集會所,南村里,70,,許鎮濤,049-2984040-118,否,否,否,True,埔里,71,4984.757119459622,4.984757119459622
2995,南投縣草屯鎮,碧洲里,立人路763巷59號,120.6864,23.9773,碧洲社區活動中心,碧洲里6-8.14鄰.,100,"水災,震災",石弘田 里事長,049-2367656,是,否,否,True,南投,57,7121.950921184838,7.121950921184838
2997,南投縣草屯鎮,敦和里,仁愛街156號,120.7005,23.9778,敦和里集會所,敦和里7-13鄰.,50,"水災,震災",里長 王逸帆,049-2355085,是,否,否,True,南投,57,7341.198947745807,7.3411989477458075
2999,花蓮縣花蓮市,民權里,公園路53號,121.6142,23.978,中正體育館,花蓮市各里,593,"水災,土石流",劉國華,03-8580686,是,否,否,True,花蓮,36,1645.1111647766143,1.6451111647766143
3000,花蓮縣花蓮市,國風里,林政街7號,121.5954,23.9785,國風國中,國華、國風等里,800,"水災,土石流,海嘯",王錦懋,03-8323847,是,否,是,True,花蓮,36,912.4097149665503,0.9124097149665503
3001,彰化縣芳苑鄉,新寶村,芳漢路129巷100號,120.35004,23.978617,新寶國小,全鄉,150,"水災,震災,土石流,海嘯",李佑蒼,04-8932885,是,是,是,True,二林,68,8476.37199805509,8.47637199805509
3002,南投縣草屯鎮,山腳里,信洋街40號,120.7257,23.9788,山腳社區活動中心,山腳里1-10鄰,20,"水災,震災",理事長 陳松茂,049-2332160,是,否,否,True,南投,57,8367.05987605411,8.36705987605411
3003,南投縣草屯鎮,碧峰里,碧峰路135巷6號,120.7177,23.9789,碧峰里集會所,碧峰里1-9.15-24鄰.,100,"水災,震災",里長 林永福,049-2355921,是,否,否,True,南投,57,8008.523535278223,8.008523535278222
3004,花蓮縣花蓮市,國風里,明義街107號,121.6029,23.979,明義國小,國華、國光、國威、國治、國魂、國安、國防、國聯、國盛、國風、民主、民治、民有、民族、民生、民權、主商、主勤、主計、主義、主工、主睦、主信等里,185,"水災,土石流,海嘯",郭文隆,03-8326686,是,否,是,True,花蓮,36,909.7481049035367,0.9097481049035367
3005,南投縣埔里鎮,房里里,房里路7-1號,120.9493,23.9791,房里里集會所,房里里,40,"水災,震災,土石流",許鎮濤,049-2984040-118,是,否,是,True,埔里,71,2207.7906794875016,2.2077906794875015
3006,南投縣草屯鎮,南埔里,中正路288-41號,120.6982,23.9797,南埔將軍廟文教中心,南埔里14-18鄰.,100,"水災,震災",主委 李士吉,049-2568603,是,否,否,True,南投,57,7502.554319941083,7.502554319941083
3007,彰化縣埔鹽鄉,豐澤村,彰化縣埔鹽鄉豐澤村埔打路45之1號,120.4882,23.9798,大園國小,豐澤村打廉村,150,"水災,震災,土石流,海嘯",林國勳,04-8853760,是,否,是,True,員林,54,7893.33563341507,7.89333563341507
3008,南投縣草屯鎮,富寮里,中正路568-23號,120.6866,23.9799,旭光高中禮堂,富寮里3.6.20-22.26-28.30鄰.,200,"水災,震災",校長 吳明順,049-2563472,是,否,否,True,南投,57,7410.196290543762,7.410196290543762
3009,南投縣草屯鎮,富寮里,富頂路一段267號,120.6947,23.9801,富寮里集會所,富寮里8-14.25.33鄰.,20,"水災,震災",里長 高順洲,049-2569379,是,否,否,True,南投,57,7492.435240689247,7.492435240689247
3010,南投縣草屯鎮,平林里,健行路65巷90號,120.721,23.9801,平林國小禮堂,平林里8-13鄰.,200,"水災,震災",校長 黃春華,049-2571761,是,否,否,True,南投,57,8271.73876610051,8.27173876610051
3011,南投縣草屯鎮,新庄里,芬草路二段342號,120.6806,23.9803,新庄里集會所,新庄里1-12鄰.,50,"水災,震災",里長 廖明川,049-2313717,是,否,否,True,南投,57,7468.702737650288,7.468702737650288
3012,南投縣草屯鎮,上林里,草溪路599巷2弄8號,120.6799,23.9804,上林老人活動中心,上林里1--11鄰,60,"水災,震災",里長 張德忠,049-2350417,是,否,否,True,南投,57,7484.655507925821,7.4846555079258215
3013,南投縣國姓鄉,北山村,中正路4段157號,120.8736,23.9805,北山國中,北山村1-3鄰、大石村8-10鄰、南港村1鄰,50,"水災,震災,土石流,海嘯",張梅鳳校長,049-2451028,是,否,是,True,埔里,71,9682.884311032087,9.682884311032087
3014,南投縣國姓鄉,北山村,中正路4段19之1號,120.8939,23.9808,北山國小1甲-6甲與6間專科教室,北山村6-10鄰,50,"水災,震災,土石流,海嘯",陳貴珍校長,049-2451935,是,否,是,True,埔里,71,7646.2101530159225,7.6462101530159226
3015,南投縣埔里鎮,籃城里,籃城路21號,120.9567,23.981,籃城社區活動中心,籃城里,100,"水災,震災,土石流",沈鈺智,049-2984040-225,是,否,否,True,埔里,71,1764.263793657958,1.7642637936579582
3018,南投縣草屯鎮,碧峰里,立人路439號,120.6775,23.9817,碧峰國小禮堂,碧峰里10-14鄰.,200,"水災,震災",校長 陳文燦,049-2334304,是,否,否,True,南投,57,7649.748384530008,7.649748384530008
3023,花蓮縣吉安鄉,慶豐村,慶北一街237號,121.5632,23.9825,慶豐活動中心,慶豐村,61,"震災,土石流,海嘯",鄭高富,8535375,是,否,是,True,花蓮,36,3922.487086888005,3.9224870868880046
3025,花蓮縣花蓮市,國魂里,建國路161號,121.599,23.9836,國立花蓮農業職業學校,國華、國光、國治、國威、國安、國防、國聯、國盛、國風、國魂等里,382,"水災,土石流,海嘯",賴世榮,03-8312313,是,否,是,True,花蓮,36,1363.8309547772983,1.3638309547772982
3026,南投縣草屯鎮,中原里,坪腳巷20號,120.7428,23.984,中原國小禮堂,中原里13-15鄰.,200,"水災,震災",校長 溫富榮,049-2554631,是,否,否,True,南投,57,9801.679508642575,9.801679508642575
3027,彰化縣大村鄉,大崙村,大崙路10號之1,120.5261,23.9841,大西國小,全鄉,100,"水災,震災,土石流,海嘯",游美雯,04-8522677,是,否,是,True,員林,54,4523.124956082271,4.52312495608227
3030,彰化縣埔鹽鄉,天盛村,彰化縣埔鹽鄉天盛村番金路68之1號,120.4288,23.985,天盛國小,天盛村石碑村,150,"水災,震災,土石流,海嘯",施榕鑫,04-86650842,是,否,是,True,二林,68,6906.35056098077,6.90635056098077
3031,南投縣草屯鎮,坪頂里,南坪路29號,120.7206,23.9852,坪頂社區活動中心,坪頂里1-6鄰.,30,"水災,震災",理事長 李瑟吟,049-2552573,是,否,否,True,南投,57,8765.869648244456,8.765869648244456
3032,彰化縣大村鄉,擺塘村,擺塘橫巷1-1號,120.559998,23.985318,擺塘社區活動中心,擺塘村,30,"水災,土石流,海嘯",游金寶,04-8520149#111,是,否,是,True,員林,54,2647.36082163124,2.64736082163124
3034,彰化縣埔鹽鄉,新水村,彰化縣埔鹽鄉新水村大新路15號,120.4453,23.9858,新水國小,新水村三省村,200,"水災,震災,土石流,海嘯",陳秋燕,04-8652301142,是,否,是,True,二林,68,7631.865070334101,7.631865070334101
3036,花蓮縣吉安鄉,南華村,南華四街123號,121.5947,23.987,北昌活動中心,北昌村,83,"震災,土石流,海嘯",黃加成,8577346,是,否,是,True,花蓮,36,1813.0683646782202,1.8130683646782202
3037,南投縣埔里鎮,牛眠里,守城二巷1號,120.9863,23.9872,守成社區活動中心,牛眠里,50,"水災,震災,土石流",沈鈺智,049-2984040-225,是,否,是,True,埔里,71,2763.703663415503,2.763703663415503
3038,南投縣草屯鎮,炎峰里,虎山路808號,120.7183,23.9876,草屯國中禮堂,炎峰里4-11.19-22鄰.,200,"水災,震災",校長 黃美玲,049-2362024,是,否,否,True,南投,57,8918.205794141195,8.918205794141194
3039,南投縣草屯鎮,富寮里,中正路567號,120.6624,23.9877,富功國小禮堂,富寮里15-19.2.23.29.32鄰.,200,"水災,震災",校長陳明正,049-2569213,是,否,否,True,南投,57,8595.10900330241,8.59510900330241
3040,南投縣草屯鎮,中原里,中和路57號,120.7183,23.9879,中原里集會所,中原里1-5鄰.,100,"水災,震災",里長 李義遠,049-2554436,是,否,否,True,南投,57,8948.992047875125,8.948992047875125
3041,彰化縣埔鹽鄉,南港村,彰化縣埔鹽鄉南港村埔菜路29之2號,120.4958,23.988,南港國小,南港村出水村,200,"水災,震災,土石流,海嘯",楊孟泰,04-8850169,是,否,是,True,員林,54,7455.327453121682,7.455327453121682
3042,彰化縣大村鄉,貢旗村,大崙路2-1號,120.538159,23.988147,貢旗社區活動中心,貢旗村,50,"水災,土石流,海嘯",游金寶,04-8520149#111,是,否,是,True,員林,54,3890.4675660965363,3.8904675660965364
3043,彰化縣大村鄉,村上村,中山路2段240號,120.5655,23.9882,大村國中,全鄉,100,"水災,震災,土石流,海嘯",劉承恩,04-8521231#215,是,否,是,True,員林,54,2955.9128629699308,2.9559128629699307
3044,彰化縣大村鄉,村上村,中正東路98巷2號,120.566488,23.988403,村上社區活動中心,村上村,50,"水災,土石流,海嘯",游金寶,04-8520149#111,是,否,是,True,員林,54,2987.9437402646904,2.9879437402646905
3045,彰化縣大村鄉,加錫村,加錫二巷16-3號,120.524909,23.988689,加錫社區活動中心,加錫村,50,"水災,土石流,海嘯",游金寶,04-8520149#111,是,否,是,True,員林,54,4917.271982981118,4.917271982981117
3046,南投縣埔里鎮,向善里,向善路75號,120.9253,23.9887,向善里集會所,向善里,40,"水災,震災,土石流",許鎮濤,049-2984040-118,是,否,是,True,埔里,71,4861.128958400829,4.861128958400829
3048,彰化縣大村鄉,村上村,中山路2段242號,120.5648,23.9889,村上國小,全鄉,150,"水災,震災,土石流,海嘯",陳炳文,04-8533680,是,否,是,True,員林,54,3028.508754818103,3.028508754818103
3049,花蓮縣吉安鄉,永安村,太昌路488號,121.5731,23.989,永安活動中心,永安村,156,"震災,土石流,海嘯",郭仁添,8566167,是,否,是,True,花蓮,36,3347.4391369493846,3.3474391369493848
3050,南投縣草屯鎮,北投里,北投路185號,120.6913,23.9892,北投里新集會所,北投里4-8鄰.,100,"水災,震災",里長 許敏博,049-2321339,是,否,否,True,南投,57,8461.006762375899,8.461006762375899
3051,南投縣國姓鄉,大石村,中正路3段235之3號,120.8616,23.9893,大石社區活動中心,大石村1-7鄰,50,"水災,震災,土石流,海嘯",楊永瑞村長,049-2451365,是,否,是,True,埔里,71,11051.921318326487,11.051921318326487
3052,南投縣草屯鎮,新豐里,稻香路56號,120.6894,23.9909,新豐里集會所,新豐里,60,"水災,震災",里長 陳美玲,049-2314651,是,否,否,True,南投,57,8637.313373219824,8.637313373219824
3053,南投縣埔里鎮,牛眠里,守城路28號,120.9798,23.991,忠孝國小,牛眠里,180,"水災,震災,土石流",徐牧榮,049-2984040-107,是,是,是,True,埔里,71,2736.300124185117,2.7363001241851173
3054,南投縣草屯鎮,御史里,登輝路163號,120.7643,23.9911,御史里新集會所,御史里12-19.24-29.31.32.35鄰.,150,"水災,震災,土石流",里長 洪智捷,049-2569326,是,否,否,True,南投,57,11809.058760721213,11.809058760721213
3055,花蓮縣花蓮市,國盛里,國盛二街22號,121.607,23.992,中華國小,國華、國光、國威、國治、國魂、國安、國防、國聯、國盛、國風等里,189,"水災,土石流,海嘯",鍾吳南,03-8324308,是,否,是,True,花蓮,36,2407.128217597089,2.407128217597089
3056,南投縣草屯鎮,雙冬里,中正路34-7號,120.6722,23.9922,雙冬國小禮堂,雙冬里12-17.23-25.29-34鄰.,200,"水災,震災",校長蘇裕祿,049-2571362,是,否,否,True,南投,57,8872.087786671298,8.872087786671297
3058,彰化縣埔鹽鄉,埔南村,彰化縣埔鹽鄉埔南村彰水路一段252號,120.4766,23.9927,埔鹽國小,埔鹽村崑崙村,200,"水災,震災,土石流,海嘯",許聖明,04-8852882,是,否,是,True,員林,54,9461.024550339485,9.461024550339486
3059,南投縣草屯鎮,坪頂里,南坪路40-1號,120.7423,23.9927,坪頂里集會所,坪頂里9-10鄰.,100,"水災,震災",里長 李季隆,049-2552468,是,否,否,True,南投,57,10562.114686190316,10.562114686190316
3060,彰化縣大村鄉,過溝村,過溝三巷36-2號,120.554649,23.992766,過溝社區活動中心,過溝村,30,"水災,土石流,海嘯",游金寶,04-8520149#111,是,否,是,True,員林,54,3559.9425305606,3.5599425305606003
3061,花蓮縣花蓮市,民政里,永興路20號,121.6255,23.9928,鑄強國小,民樂、民運、民政等里,293,"水災,震災,土石流,海嘯",葉克文,03-8223787,是,否,是,True,花蓮,36,3538.7631492234073,3.5387631492234073
3062,彰化縣大村鄉,福興村,山腳路102號之1,120.5856,23.9934,村東國小,全鄉,50,"水災,震災,土石流,海嘯",郭彥良,8526328#515,是,否,是,True,員林,54,4196.246727957345,4.1962467279573445
3064,花蓮縣吉安鄉,太昌村,太昌路488號,121.5639,23.9936,太昌活動中心,太昌村,80,"水災,震災,土石流",周明宗,8569236,是,否,是,True,花蓮,36,4406.711529513047,4.406711529513047
3065,彰化縣大村鄉,大村村,中正西路381號,120.5454,23.9937,大村國小,全鄉,200,"水災,震災,土石流,海嘯",林芳如,04-8522794,是,否,是,True,員林,54,3989.973000088854,3.989973000088854
3067,彰化縣埔鹽鄉,埔南村,彰化縣埔鹽鄉埔南村6鄰彰水路1段340巷32號,120.4783,23.9946,老人文康中心,全鄉,150,"水災,土石流,海嘯",陳秋燕,04-8652301-142,是,否,是,True,員林,54,9380.040121962322,9.380040121962322
3068,彰化縣大村鄉,大橋村,中山路三段193巷69號,120.560413,23.994646,大橋社區活動中心,大橋村,50,"水災,震災,土石流,海嘯",游金寶,04-8520149#111,否,否,否,True,員林,54,3671.3251747515155,3.6713251747515154
3069,花蓮縣花蓮市,國富里,中山路903號,121.5947,23.995,明廉國小,國裕、國富里,51,"水災,震災,土石流,海嘯",李玉祥,03-8569088,是,否,是,True,花蓮,36,2674.3723692056797,2.67437236920568
3071,南投縣草屯鎮,新庄里,新庄三路32號,120.7173,23.9957,新庄國小禮堂,新庄里13-23鄰.,200,"水災,震災",校長 林秋榮,049-2333104,是,否,否,True,南投,57,9720.486127835795,9.720486127835795
3073,彰化縣大村鄉,田洋村,田洋巷11號,120.533553,23.996098,田洋社區活動中心,田洋村,50,"水災,土石流,海嘯",游金寶,04-8520149#111,否,否,否,True,員林,54,4867.968917091967,4.867968917091967
3074,花蓮縣花蓮市,國興里,介仁街176號,121.5746,23.997,"慈濟大學附設國民中學,小學",國興、國福、國慶等里,344,"水災,震災,土石流,海嘯",蔡亮雄,03-8572823,是,否,是,True,花蓮,36,3828.486126003954,3.8284861260039538
3075,花蓮縣花蓮市,民孝里,化道路40巷1號,121.6277,23.9978,美崙國中,民孝、民心、民享、民樂、民運、民政、民德、民立、民勤、民意等里,193,"水災,震災,土石流",吳斯美,03-8223537,是,否,否,True,花蓮,36,4085.1143989888706,4.08511439898887
3076,花蓮縣花蓮市,國裕里,裕祥路89號,121.5991,23.9979,自強國中,國裕、國富里,330,"水災,震災,土石流,海嘯",鄭程議,03-8579338,是,否,是,True,花蓮,36,2946.1255575370383,2.946125557537038
3077,南投縣草屯鎮,碧洲里,碧峰路669巷21號,120.6568,23.9984,碧洲里集會所,碧洲里1-5.9-13.15鄰.,30,"水災,震災",里長 林芳輝,049-2367656,是,否,否,True,南投,57,9892.873835047758,9.892873835047759
3078,彰化縣大村鄉,大村村,茄苳路一段203號,120.544791,23.99852,大村村社區活動中心,大村村,50,"水災,土石流,海嘯",游金寶,04-8520149#111,否,否,否,True,員林,54,4497.673681417495,4.497673681417495
3079,花蓮縣花蓮市,民意里,府前路27號,121.6199,23.9987,花蓮高工,民意、民孝、民心、民享、民樂、民運、民政、民德、民立、民勤等里,310,"水災,震災,土石流,海嘯",周婉茹,03-8226108,是,否,否,True,花蓮,36,3660.759044918817,3.6607590449188168
3080,花蓮縣花蓮市,國興里,介仁街67號,121.5734,23.9997,慈濟大學人文社會學院,國興、國福、國慶等里,316,"水災,震災,土石流,海嘯",林憲國,03-8572677,是,否,是,True,花蓮,36,4133.86581284681,4.1338658128468095
3081,南投縣草屯鎮,富寮里,富頂路一段103號,120.6757,23.9999,富寮社區活動中心,富寮里1.4-7.31.34鄰.,30,"水災,震災",理事長 江鈴莉,049-2354922,是,否,是,True,南投,57,9673.52958979439,9.673529589794391
3082,屏東縣滿州鄉,里德村,山頂路57號隔壁,118.0,24.0,里德社區活動中心,里德村,60,"水災,土石流,海嘯",宋仁宗,08-8801358,是,否,是,True,金門,61,57473.34614966647,57.47334614966647
3083,新北市新店區,德安里,安康路二段183巷13-4號,121.0,24.0,德安市民活動中心,德安里、安昌里、公崙里、達觀里、明城里、小城里、雙城里、日興里、玫瑰里、柴城里,22,"水災,土石流",吳英同,02-29112281#1209,是,否,否,True,埔里,71,4751.180400069966,4.751180400069966
3085,花蓮縣花蓮市,國慶里,中山路1段200號,121.5916,24.0004,私立四維高級中學,國興、國福、國慶等里,500,"水災,震災,土石流,海嘯",許素卿,03-8561455,是,否,否,True,花蓮,36,3327.7127924068077,3.3277127924068077
3086,彰化縣埔鹽鄉,永樂村,彰化縣埔鹽鄉永樂村永樂路600號,120.4313,24.0005,永樂國小,永平村,150,"水災,震災,土石流,海嘯",陳啟明,04-8652263,是,否,是,True,二林,68,8628.355224311133,8.628355224311134
3088,南投縣草屯鎮,復興里,復興路432-1號,120.6665,24.0007,復興里集會所,復興里1-14鄰.,100,"水災,震災",里長 林健男,049-2336449,是,否,否,True,南投,57,9899.397021243325,9.899397021243326
3089,彰化縣大村鄉,福興村,學府路168號,120.5963,24.0012,大葉大學,全鄉,70,"水災,震災,土石流,海嘯",汪漢英,04-8511888#1130,是,否,是,True,員林,54,5530.971400632344,5.530971400632344
3090,南投縣草屯鎮,北勢里,玉屏路129-1號,120.6564,24.0012,北勢里集會所,北勢里1-6鄰.,100,"水災,震災",里長 林武順,049-2568513,是,否,否,True,南投,57,10201.398101848823,10.201398101848824
3092,南投縣仁愛鄉,南豐村,楓林路56號,121.067987,24.001311,楓林活動中心,南豐村楓林社區,50,"水災,震災,土石流,海嘯",柯潔齡,2920775,是,否,是,True,埔里,71,10800.07040389243,10.80007040389243
3094,花蓮縣花蓮市,民孝里,林園一街16號,121.631,24.0022,民孝社區活動中心,民孝、民享、民心等里,54,"水災,震災,土石流",黃石貴,03-8223273,是,否,是,True,花蓮,36,4669.766877388705,4.669766877388705
3097,花蓮縣花蓮市,民意里,民光483-1號,121.6168,24.0039,大陳二村活動中心,民意里,63,"水災,土石流,海嘯",何芳玲,03-8241064,是,否,是,True,花蓮,36,4004.2964964808175,4.004296496480817
3098,花蓮縣花蓮市,國慶里,達固湖灣大路23號,121.582,24.004,花蓮縣立體育場,花蓮市各里,527,"水災,土石流",林維聖,03-858068615,是,否,否,True,花蓮,36,4047.2591907862047,4.047259190786205
3099,彰化縣秀水鄉,下崙村,民生街262號,120.505354,24.004341,育民國小,全鄉,50,"水災,震災,土石流,海嘯",梁端?,04-7694845,是,是,是,True,員林,54,7553.006072818404,7.5530060728184045
3100,花蓮縣新城鄉,嘉新村,6鄰嘉南一街43巷5號,121.6123,24.0055,嘉新社區活動中心,嘉新村,71,"水災,震災,土石流,海嘯",邱明雄,8221227,是,否,是,True,花蓮,36,3995.9601978988694,3.9959601978988695
3102,彰化縣芳苑鄉,漢寶村,成功一路45號,120.3688,24.0058,漢寶活動中心,全鄉,100,"水災,土石流,海嘯",林金泉,04-8991999,是,否,是,True,二林,68,9849.906395241242,9.849906395241241
3103,彰化縣秀水鄉,下崙村,民生街206號天慈宮,120.502367,24.006258,下崙惠來社區活動中心,下崙村,30,"水災,土石流,海嘯",吳志堅,04-7692952,是,是,否,True,彰化,57,7722.515403973861,7.722515403973861
3104,南投縣埔里鎮,史港里,宣安路27號,120.9575,24.0067,史港里集會所,史港里,70,"水災,震災,土石流",許鎮濤,0492984040-118,是,否,是,True,埔里,71,4324.217082370356,4.324217082370357
3105,南投縣埔里鎮,史港里,獅子路9號,120.9575,24.0067,史港國小,史港里,130,"水災,震災,土石流",徐昌義,049-2931521,是,是,是,True,埔里,71,4324.217082370356,4.324217082370357
3106,彰化縣秀水鄉,陝西村,埔南巷92號,120.517821,24.006705,陝西社區活動中心,陝西村,30,"水災,土石流,海嘯",江宗霖,0-7691039,是,是,是,True,員林,54,6802.369483489469,6.802369483489469
3107,彰化縣秀水鄉,陝西村,埔南巷92號,120.517821,24.006705,陝西社區活動中心,陝西村,30,"水災,土石流,海嘯",林棟樑,04-7694737,是,是,是,True,員林,54,6802.369483489469,6.802369483489469
3108,南投縣埔里鎮,一新里,永興路29號,120.9321,24.0068,帝君廟活動中心,一新里,30,"水災,震災,土石流",徐牧榮,049-2984040-107,是,否,是,True,埔里,71,5562.627344958878,5.562627344958878
3110,彰化縣埔鹽鄉,好修村,彰化縣埔鹽鄉好修村員鹿路二段149號,120.4596,24.0072,好修國小,好修村大有村西湖村新興村,200,"水災,震災,土石流,海嘯",顏如玉,04-8653555,是,否,是,True,二林,68,10409.843888587673,10.409843888587673
3112,南投縣埔里鎮,福興里,福興路54-4號,120.9756,24.0074,福興里集會所,福興里,50,"水災,震災,土石流",許鎮濤,049-2984040-118,是,否,是,True,埔里,71,4341.407843282105,4.341407843282105
3114,彰化縣大村鄉,茄苳村,茄苳路二段141巷31號,120.538835,24.00841,茄苳社區活動中心,茄苳村,50,"水災,土石流,海嘯",游金寶,04-8520149＃111,是,否,是,True,員林,54,5746.6228746711795,5.746622874671179
3115,彰化縣福興鄉,三和村,南興街78號,120.406752,24.00954,三和社區活動中心,麥厝村三和村鎮平村,100,"水災,土石流,海嘯",歐文旭,7701811,否,否,否,True,二林,68,9348.224872920633,9.348224872920634
3116,南投縣國姓鄉,大石村,中正路3段235之1號,120.8488,24.0097,柑林社區活動中心,大石村1-7鄰,50,"水災,震災,土石流,海嘯",鄭玉蓮,049-2721002,是,否,是,True,埔里,71,12935.951192528384,12.935951192528384
3118,彰化縣花壇鄉,長春村,彰員路1段172巷45號,120.575939,24.010247,長春社區活動中心,長春村,30,"水災,土石流,海嘯",陳明進,04-7864214,是,否,是,True,員林,54,5542.2263134312925,5.542226313431293
3119,花蓮縣花蓮市,國福里,沙基拉雅街111號,121.5819,24.0104,國福社區活動中心,國福里,35,"水災,震災,海嘯",呂啟明,03-8580837,是,否,是,True,花蓮,36,4696.017754715633,4.6960177547156325
3120,南投縣國姓鄉,福龜村,長壽巷83號,120.823,24.0114,福龜國小1甲-6甲與2間專科教室,"福龜村6,9,10鄰",50,"水災,震災,土石流,海嘯",賀宏偉校長,049-2721019,是,否,是,True,埔里,71,15478.824644601236,15.478824644601236
3121,彰化縣秀水鄉,金興村,番花路261號,120.517437,24.011726,陜西國小,全鄉,150,"水災,震災,土石流,海嘯",洪榮炎,04-7692242,是,否,是,True,彰化,57,6490.8191449477345,6.490819144947735
3122,彰化縣芬園鄉,社口村,彰南路4段27巷28號,120.628002,24.012375,芬園國小,全鄉,300,"水災,震災,土石流,海嘯",許安柔,049-2523968,是,否,是,True,員林,54,8667.274015623614,8.667274015623613
3124,彰化縣芬園鄉,茄荖村,嘉北街96號,120.643044,24.014864,茄荖國小,全鄉,300,"水災,震災,土石流,海嘯",許安柔,049-2523968,是,否,是,True,員林,54,10041.296983905346,10.041296983905346
3126,彰化縣花壇鄉,中庄村,中橋街226號,120.551257,24.016243,華南國小活動中心,中庄村,40,"水災,土石流,海嘯",許淑婉,04-7863225,是,是,是,True,彰化,57,5598.925351767176,5.598925351767176
3128,彰化縣花壇鄉,三春村,三芬路47號,120.566415,24.016307,三春國小,三春村,100,"水災,震災,土石流,海嘯",陳建成,04-7862154,是,否,否,True,彰化,57,6058.129651744108,6.058129651744108
3130,南投縣國姓鄉,柑林村,中正路2段85號,120.8459,24.0173,"育樂國小1甲-6甲與2間專科教室,圖書室,禮堂",柑林村1-9鄰,50,"水災,震災,土石流,海嘯",謝孟勳校長,049-2721274,是,否,是,True,埔里,71,13523.839571970748,13.523839571970747
3131,彰化縣福興鄉,三汴村,彰水路346巷47號,120.485889,24.018321,三汴社區活動中心,三汴村萬豐村社尾村,100,"水災,土石流,海嘯",林瑞祥,7772066,否,否,否,True,彰化,57,7739.447405669287,7.739447405669287
3132,彰化縣秀水鄉,金興村,新興街125號,120.517401,24.018535,金興上興宮社區活動中心,金興村,30,"水災,土石流,海嘯",劉宥慈,04-7685467,是,是,是,True,彰化,57,5800.983350772028,5.800983350772028
3134,南投縣仁愛鄉,大同村,山農巷5號,121.133046,24.02061,仁愛國小,大同村,300,,陳麗惠,049-2802373,是,否,是,True,埔里,71,17753.779055910807,17.753779055910808
3135,彰化縣秀水鄉,曾厝村,大厝巷臨66號,120.509332,24.020649,曾厝社區活動中心,曾厝村,30,"水災,土石流,海嘯",張秋火,04-7694747,是,是,是,True,彰化,57,5995.385182107786,5.995385182107786
3136,花蓮縣新城鄉,佳林村,民有2街29號,121.6023,24.0211,佳林社區活動中心,佳林村,36,"水災,土石流,海嘯",何禮飛,8260919,是,否,是,True,花蓮,36,5520.804864394014,5.520804864394014
3138,彰化縣花壇鄉,花壇村,彰化縣花壇鄉花壇村平和街76號,120.5281,24.0228,花壇村活動中心,全鄉,40,"水災,土石流,海嘯",梁秀雲,04-7863746,是,否,是,True,彰化,57,4975.300981012655,4.975300981012655
3139,彰化縣花壇鄉,橋頭村,花橋街117-1號,120.549491,24.023454,橋頭社區活動中心,橋頭村,60,"水災,土石流,海嘯",洪清圳,04-7882699,是,否,是,True,彰化,57,4781.252861088535,4.781252861088535
3140,彰化縣花壇鄉,長沙村,彰員路2段286-1號,120.554321,24.024199,長沙社區活動中心,長沙村,30,"水災,土石流,海嘯",林燕美,7863163,是,否,是,True,彰化,57,4809.1135730904425,4.809113573090443
3143,南投縣埔里鎮,廣成里,西安路3段88號,120.9498,24.025,廣成里社區活動中心,廣成里,100,"水災,震災,土石流",沈鈺智,049-2984040-225,是,否,是,True,埔里,71,6486.343003732544,6.486343003732545
3144,彰化縣福興鄉,番社村,80號,120.452946,24.025656,永豐國小,番社村元中村外中村,100,"水災,震災,土石流,海嘯",張見銘,7792748,否,否,否,True,彰化,57,10055.858033991008,10.055858033991008
3145,南投縣仁愛鄉,大同村,信義巷28號,121.137109,24.02587,仁愛國中,精英村、大同村,100,"水災,土石流,海嘯",李孟桂,2802206,是,否,否,True,埔里,71,18337.571953872743,18.337571953872743
3146,彰化縣花壇鄉,長沙村,學前路108號,120.543046,24.02619,花壇國小,"花壇村,南口村,長沙村",300,"水災,震災,土石流,海嘯",林振茂,7862043,是,是,是,True,彰化,57,4411.722825178195,4.411722825178195
3147,彰化縣秀水鄉,埔崙村,彰水路二段341號,120.493159,24.026497,明正國小,埔崙村,200,"水災,震災,土石流,海嘯",盧焜煌,04-7692533,是,是,是,True,彰化,57,6582.807919134373,6.582807919134373
3148,彰化縣芬園鄉,大埔村,大埔路6號,120.619987,24.027045,富山國小,全鄉,100,"水災,震災,土石流,海嘯",洪世昌,049-2522084,是,否,是,True,彰化,57,9072.245179439478,9.072245179439479
3149,花蓮縣新城鄉,大漢村,明潭街27號,121.6298,24.0271,七星潭社區活動中心,大漢村,27,"水災,土石流",李添富,8265717,是,否,是,True,花蓮,36,6893.514583812372,6.8935145838123715
3151,臺中市霧峰區,南勢里,光明路280-2號,120.673656,24.027631,南勢里活動中心,南勢里,50,"水災,震災,土石流",陳錫卿,04-23329371,是,否,是,True,大里,44,7986.623264316391,7.986623264316391
3152,南投縣國姓鄉,乾溝村,西東巷1之1號,120.8246,24.0279,乾峰國小1甲-6甲與4間專科教室,乾溝村1-8鄰,20,"水災,震災,土石流,海嘯",姚美宜校長,049-2721002,是,否,是,True,埔里,71,15979.896743333888,15.979896743333887
3153,彰化縣秀水鄉,秀水村,開南巷82號,120.522912,24.027939,秀水港墘社區活動中心,秀水村,61,"水災,土石流,海嘯",李家義,04-7680775,是,是,是,True,彰化,57,4620.619259156249,4.62061925915625
3154,彰化縣秀水鄉,秀水村,花秀路46號對面,120.522912,24.027939,秀水社區活動中心,秀水村,61,"水災,土石流,海嘯",吳財巷,04-7694735,是,是,是,True,彰化,57,4620.619259156249,4.62061925915625
3155,彰化縣福興鄉,廈粘村,沿海路3段100號,120.410328,24.027997,管嶼國小,福寶村頂粘村廈粘村,100,"水災,震災,土石流,海嘯",許順仲,7702949,否,否,否,True,二林,68,11387.922113477742,11.387922113477742
3156,臺中市霧峰區,萬豐里,中正路224號,120.698322,24.02802,萬豐國小北棟教室,萬豐、舊正,1830,"水災,震災,土石流",葉賢勇,04-23393417#830,是,是,否,True,大里,44,8182.2951866905505,8.182295186690551
3157,南投縣仁愛鄉,春陽村,5鄰永樂巷58號,121.148717,24.02827,春陽國小,春陽村,100,"水災,震災,土石流,海嘯",梁有章,2802573,是,否,是,True,埔里,71,19538.372352575167,19.538372352575166
3160,南投縣國姓鄉,乾溝村,西東巷1之1號,120.824,24.0294,乾溝社區活動中心,乾溝村9-12鄰,50,"水災,震災,土石流,海嘯",田基堯村長,049-2723509,是,否,是,True,埔里,71,16104.00847784663,16.10400847784663
3161,彰化縣秀水鄉,福安村,民意街64號,120.494877,24.029756,福安社區活動中心清龍巖,福安村,30,"水災,土石流,海嘯",周萬發,04-7689186,是,是,是,True,彰化,57,6214.216598677679,6.214216598677679
3163,彰化縣秀水鄉,莊雅村,秀中街82巷67弄3號,120.507116,24.031813,莊雅社區活動中心,莊雅村,99,"水災,土石流,海嘯",徐金菊,04-7691899,是,是,是,True,彰化,57,5155.445133277322,5.155445133277323
3164,彰化縣秀水鄉,莊雅村,秀中街82巷67弄臨15號,120.507116,24.031813,莊雅社區活動中心,莊雅村,99,"水災,土石流,海嘯",徐金菊,04-7691899,是,是,是,True,彰化,57,5155.445133277322,5.155445133277323
3165,彰化縣花壇鄉,崙雅村,花秀路446號,120.523698,24.034076,文祥國小,崙雅村 劉厝村,100,"水災,土石流,海嘯",徐立峰,04-7862255,是,否,是,True,彰化,57,3973.1181837899708,3.9731181837899707
3166,花蓮縣新城鄉,北埔村,北埔路259號,121.6032,24.0341,北埔社區活動中心,北埔村,35,"水災,震災,土石流,海嘯",王秋香,8269669,是,否,是,True,花蓮,36,6963.33577839661,6.96333577839661
3167,彰化縣秀水鄉,福安村,中山路364號,120.496818,24.03447,秀水高工,全鄉,100,"水災,震災,土石流,海嘯",曾錦章,04-7697021,是,是,是,True,彰化,57,5732.62236848676,5.73262236848676
3168,南投縣埔里鎮,合成里,西安路167巷3弄7號,120.924,24.0345,太平社區活動中心,合成里,50,"水災,震災,土石流",沈鈺智,049-2984040-225,是,否,是,True,埔里,71,8533.774076608148,8.533774076608148
3170,彰化縣秀水鄉,安東村,中山路257號,120.503149,24.03508,秀水國小,全鄉,200,"水災,震災,土石流,海嘯",王材源,04-7695756,是,是,是,True,彰化,57,5191.869220918235,5.191869220918235
3172,南投縣埔里鎮,合成里,西安路三段221號,120.9247,24.0363,合成社區活動中心,合成里,40,"水災,震災,土石流",沈鈺智,049-2984040-225,是,否,是,True,埔里,71,8667.91107924598,8.667911079245979
3173,花蓮縣新城鄉,大漢村,19鄰民有街101號,121.61,24.0368,大漢社區活動中心,大漢村,70,"水災,震災,土石流,海嘯",李添富,8265717,是,否,是,True,花蓮,36,7327.925770744063,7.327925770744063
3174,南投縣國姓鄉,國姓村,民族路40號,120.855,24.0376,國姓社區活動中心,國姓村8-15鄰,50,"水災,震災,土石流,海嘯",陳振榮村長,049-2721731,是,否,是,True,埔里,71,13781.434330615113,13.781434330615113
3176,彰化縣秀水鄉,秀水村,花秀路51號,120.51409,24.038279,華龍國小,秀水村,150,"水災,震災,土石流,海嘯",蔡玲惠,04-7692713,是,是,是,True,彰化,57,4148.216619761826,4.148216619761826
3177,彰化縣秀水鄉,莊雅村,中山路99號,120.507324,24.038285,秀水鄉老人文康中心,莊雅村,50,"水災,土石流,海嘯",陳浚朋,7697024-302,是,是,是,True,彰化,57,4638.575137360012,4.638575137360013
3178,彰化縣花壇鄉,中口村,中山路2段471號,120.535034,24.038331,僑愛國小,中口村,40,"水災,震災,土石流,海嘯",陳茂欽,04-7863227,是,是,是,True,彰化,57,3134.5408064090934,3.1345408064090936
3179,彰化縣秀水鄉,安東村,枋林巷60號,120.501248,24.039226,安東社區活動中心,安東村,61,"水災,土石流,海嘯",謝國華,04-7694739,是,是,否,True,彰化,57,5056.419424329393,5.056419424329393
3180,南投縣國姓鄉,國姓村,國姓路311號,120.8567,24.0396,國姓國小活動中心,國姓村1-7鄰,50,"水災,震災,土石流,海嘯",林思遠校長,049-2721018,是,否,是,True,埔里,71,13762.441860447816,13.762441860447815
3181,花蓮縣新城鄉,大漢村,光復路572號,121.6042,24.0399,新城鄉立圖書館,北埔村、大漢村,58,"水災,震災,土石流,海嘯",黃志明,03-8261790,是,否,是,True,花蓮,36,7610.311460954861,7.610311460954861
3182,花蓮縣新城鄉,大漢村,大安街1號,121.6048,24.0405,新城鄉原住民文化館,北埔村、康樂村,90,"水災,震災,土石流,海嘯",陳薇,03-8267223,是,否,是,True,花蓮,36,7680.474457375453,7.680474457375453
3183,花蓮縣新城鄉,北埔村,樹林街57巷9號,121.597687,24.040698,樹林腳社區活動中心,北埔村,39,"水災,震災,土石流,海嘯",王秋香,8269669,是,否,是,True,花蓮,36,7688.242570302916,7.688242570302916
3184,臺中市霧峰區,北勢里,丁台路571巷7號,120.669669,24.040961,北勢里活動中心,"南勢里,北勢里",50,"水災,震災,土石流",蘇麗紅,04-23393521,是,是,否,True,大里,44,6556.489435011601,6.556489435011601
3185,彰化縣福興鄉,福興村,彰化縣福興鄉福興村福興路51巷12號,120.4367,24.041,福興國中,西勢村同安村,200,"水災,震災,土石流,海嘯",黃登冠,047-772066-304,是,否,是,True,線西,62,10567.48081655463,10.56748081655463
3186,臺中市烏日區,溪尾里,溪岸路26號,120.6397,24.0411,溪尾國小教學大樓2樓綜合教室,溪尾里,80,"水災,震災",王派仁,049-2523020,是,是,否,True,大里,44,7583.792428710909,7.583792428710909
3187,彰化縣花壇鄉,長沙村,彰化縣花壇鄉長沙村中正路72號,120.5322,24.0415,花壇鄉立圖書館,全鄉,30,"水災,土石流,海嘯",王良,047865921-04,是,否,是,True,彰化,57,2874.1577938614205,2.8741577938614205
3188,南投縣國姓鄉,長豐村,東三巷36之1號,120.8585,24.0423,國姓國中禮堂,石門村,200,"水災,震災,土石流,海嘯",陳國俊校長,049-2721144,是,否,是,True,埔里,71,13786.509326890242,13.786509326890242
3190,彰化縣花壇鄉,白沙村,彰員路3段6號,120.547443,24.042943,文德宮香客大樓,"長沙村,橋頭村,文德村,白沙村,岩竹村",100,"水災,土石流,海嘯",謝明福,04-7863904,是,是,是,True,彰化,57,2623.6931732828652,2.623693173282865
3191,臺中市霧峰區,坑口里,信義路50號,120.69726,24.043054,復興國小-課後照顧教室,坑口、六股,895,"水災,震災,土石流",劉健德,04-23306075#608,是,是,是,True,大里,44,6549.374549630945,6.549374549630945
3192,臺中市霧峰區,南柳里,柳豐路535號,120.689245,24.044171,光復國中小國中部地下室,南柳,1095,"水災,震災,土石流",蘇千棻,04-23393141#31,是,是,是,True,大里,44,6237.421232837622,6.2374212328376215
3193,彰化縣花壇鄉,岩竹村,虎山街137號,120.554382,24.044817,岩竹社區活動中心,岩竹村,25,"水災,土石流,海嘯",吳德龍,04-7878114,是,否,是,True,彰化,57,2686.112944413935,2.686112944413935
3194,彰化縣秀水鄉,安溪村,安溪街98號,120.510015,24.04494,安溪社區活動中心,安溪村,103,"水災,土石流,海嘯",莊幸福,04-7638056,是,是,是,True,彰化,57,3963.040590431454,3.963040590431454
3196,彰化縣花壇鄉,永春村,彰化縣花壇鄉永春村長青路25號,120.5352,24.0457,花壇鄉立老人文康中心,全鄉,40,"水災,土石流,海嘯",王良,04-7865921,是,否,是,True,彰化,57,2338.289156745263,2.338289156745263
3197,彰化縣花壇鄉,白沙村,溪北街187號,120.545254,24.046307,白沙社區活動中心,白沙村,50,"水災,土石流,海嘯",諶暐翔,04-7870138,是,否,是,True,彰化,57,2213.848123619178,2.213848123619178
3199,彰化縣鹿港鎮,街尾里,力行街45號,120.435661,24.048477,街尾里活動中心,街尾里,100,"水災,震災,土石流,海嘯",吳維新,47775508,是,否,是,True,線西,62,9819.950110343365,9.819950110343365
3201,彰化縣秀水鄉,安東村,瓦瑤街17號,120.505332,24.050373,秀水鄉立體育館,全鄉,100,"水災,震災,土石流,海嘯",徐育驊,47697024,是,是,是,True,彰化,57,4066.8200273830844,4.066820027383084
3202,彰化縣鹿港鎮,菜園里,三民路232號,120.432859,24.05102,菜園社區活動中心,菜園里,60,"水災,震災,土石流,海嘯",黃景祥,47775505,是,否,是,True,線西,62,9661.08034930238,9.66108034930238
3205,花蓮縣新城鄉,康樂村,廣安1街112號,121.609904,24.053809,康樂社區活動中心,康樂村,30,"水災,震災,土石流,海嘯",賴明進,03-8260352,是,否,是,True,花蓮,36,9195.40620035708,9.19540620035708
3206,花蓮縣秀林鄉,佳民村,119號,121.5994,24.0539,佳民國小收容所,佳民村,60,"水災,震災,土石流,海嘯",總務主任黃寶賢,03-8264900,是,否,是,True,花蓮,36,9147.561901120283,9.147561901120284
3207,彰化縣鹿港鎮,長興里,中山路183號,120.434782,24.054169,玉皇大帝神明會館,長興里,75,"水災,震災,土石流,海嘯",陳麗枝,47773657,否,否,是,True,線西,62,9264.24142913084,9.26424142913084
3208,彰化縣鹿港鎮,洛津里,公園三路51號,120.430906,24.054635,洛津國小,洛津里,151,"水災,震災,土石流,海嘯",黃文秋,47772782,是,否,是,True,線西,62,9372.568466438208,9.372568466438208
3209,彰化縣鹿港鎮,東崎里,東崎七巷1號,120.474947,24.056173,東崎社區活動中心,東崎里,60,"水災,震災,土石流,海嘯",王明順,47784919,是,否,是,True,彰化,57,6857.072877461479,6.857072877461479
3210,彰化縣鹿港鎮,新宮里,文開路60號,120.430026,24.056602,文開國小,新宮里,151,"水災,震災,土石流,海嘯",何春榮,04-7788770,是,否,是,True,線西,62,9212.873301351461,9.212873301351461
3213,南投縣國姓鄉,北港村,國姓路31-12號,120.913738,24.057935,北港村集會所,北港村,50,"水災,震災,土石流,海嘯",劉醇良村長,049-2461033,是,否,是,True,埔里,71,11301.199232951489,11.301199232951488
3214,彰化縣鹿港鎮,順興里,彰化縣鹿港鎮順興里忠孝路403號4樓,120.4339,24.0582,文康安養活動中心,全鎮,200,"水災,震災,土石流,海嘯",趙家鈺,047772006-1610,是,否,是,True,線西,62,8887.855943282979,8.887855943282979
3215,彰化縣鹿港鎮,頂厝里,長安路125號,120.443296,24.058411,鹿東國小,頂厝里,181,"水災,震災,土石流,海嘯",許炳熙,47775513,是,否,是,True,線西,62,8526.23127908345,8.526231279083449
3216,彰化縣秀水鄉,鶴鳴村,明山街臨182號,120.502822,24.058427,鶴鳴社區活動中心,鶴鳴村,30,"水災,土石流,海嘯",吳永龍,7682323總幹事,是,是,是,True,彰化,57,4023.698546011924,4.023698546011924
3217,彰化縣秀水鄉,鶴鳴村,明山街41號,120.502822,24.058427,鶴鳴社區活動中心,鶴鳴村,30,"水災,土石流,海嘯",黃本興,04-7694741,是,是,是,True,彰化,57,4023.698546011924,4.023698546011924
3219,南投縣仁愛鄉,合作村,平生路23號,121.1922,24.0595,合作國小學生活動中心,合作村,300,"水災,震災,土石流,海嘯",黃淑芬,2970063,是,否,是,True,埔里,71,24929.085664090613,24.929085664090614
3220,臺中市霧峰區,四德里,四德路533號2樓,120.667048,24.060807,四德里活動中心,四德里,50,"水災,震災,土石流",潘享胤,04-23338120,是,否,是,True,大里,44,4451.034644984305,4.451034644984305
3221,臺中市霧峰區,四德里,四德路504號,120.667937,24.060827,四德國小禮堂,四德、丁台,1425,"水災,震災,土石流",魏永龍-王美玲,04-23393374#630,是,是,否,True,大里,44,4426.211932173701,4.426211932173701
3222,彰化縣鹿港鎮,東石里,中山路661號,120.423682,24.06098,鹿港高中,東石里,212,"水災,震災,土石流,海嘯",鄧易承,47761912,是,否,是,True,線西,62,9087.60357940077,9.087603579400769
3223,臺中市霧峰區,本堂里,大同路8號,120.700564,24.061924,霧峰區圖書館3樓,本堂、萊園、錦榮,500,"水災,震災,土石流",胡靜碟,04-23332426,是,是,是,True,大里,44,4741.239507431296,4.741239507431296
3224,彰化縣秀水鄉,馬興村,培英巷1號,120.496892,24.061957,馬興國小,全鄉,150,"水災,震災,土石流,海嘯",吳宗達,04-7521728,是,是,是,True,彰化,57,4560.34468309181,4.56034468309181
3225,臺中市烏日區,螺潭里,溪南路2段370號,120.642879,24.06228,喀哩國小北棟1樓自然教室,螺潭里,200,"水災,震災",張秀娟,23351016,是,否,否,True,大里,44,5492.7980444470395,5.4927980444470395
3227,彰化縣秀水鄉,馬興村,西銘巷6-1號,120.495508,24.062724,馬興社區活動中心,馬興村,69,"水災,土石流,海嘯",周家茂,04-7526742,是,是,是,True,彰化,57,4693.086073926307,4.693086073926307
3228,彰化縣秀水鄉,馬興村,西銘巷6-1號,120.495508,24.062724,馬興社區活動中心,馬興村,69,"水災,土石流,海嘯",陳明灶,04-7526742,是,是,是,True,彰化,57,4693.086073926307,4.693086073926307
3229,彰化縣鹿港鎮,埔崙里,中正路588號,120.435873,24.06311,鹿港文創會館,埔崙里,242,"水災,震災,土石流,海嘯",董建林,47775514,是,否,是,True,線西,62,8309.352186598759,8.309352186598758
3232,臺中市霧峰區,桐林里,民生路672號,120.735954,24.066166,桐林國小青銅林廣場,桐林,385,"水災,震災,土石流",江健華,04-23304311,是,否,是,True,大里,44,6921.865705616131,6.921865705616131
3233,南投縣仁愛鄉,互助村,原名路169號,120.972709,24.066472,互助村中原活動中心,互助村,200,"水災,震災,土石流,海嘯",楊如萍,049-2941162,是,否,是,True,埔里,71,10823.317574252247,10.823317574252247
3235,彰化縣秀水鄉,義興村,義興街13號,120.491039,24.066695,義興社區活動中心,義興村,73,"水災,土石流,海嘯",施振煌,04-7526567,是,是,是,True,彰化,57,5134.009952005955,5.134009952005955
3236,彰化縣秀水鄉,義興村,義興街70號,120.491039,24.066695,義興社區活動中心,義興村,73,"水災,土石流,海嘯",施文達,04-7627095,是,是,是,True,彰化,57,5134.009952005955,5.134009952005955
3237,南投縣國姓鄉,長流村,大長路559號,120.8763,24.0667,長流國小1甲-6甲及2間專科教室,長流村4.5.7.8.9鄰,50,"水災,震災,土石流,海嘯",姚仁傑校長,049-22431006,是,否,是,True,埔里,71,14292.921781858557,14.292921781858556
3238,臺中市霧峰區,本鄉里,民生路95號,120.7008,24.067116,本鄉里活動中心,本鄉里,25,"水災,震災,土石流",曾元宏,04-23336367,是,否,否,True,大里,44,4256.558989346014,4.256558989346014
3240,臺中市霧峰區,甲寅里,民生路125巷8號2樓,120.701315,24.068272,甲寅里活動中心,甲寅里,50,"水災,震災,土石流",林文卿,04-23308890,是,否,是,True,大里,44,4177.791274446422,4.177791274446422
3241,臺中市霧峰區,甲寅里,民生路156號,120.703193,24.069926,僑榮國小樂群樓地下室,甲寅、本鄉,750,"水災,震災,土石流",胡耿賓,04-23335553#730,是,是,是,True,大里,44,4140.094218608362,4.140094218608362
3242,彰化縣伸港鄉,曾家村,曾家路72號,120.545169,24.070115,曾家社區活動中心,曾家村,60,"水災,震災,土石流,海嘯",李彥宏,04-7982010154,否,否,是,True,彰化,57,587.7649190719163,0.5877649190719163
3243,南投縣國姓鄉,長流村,大長路427號,120.8762,24.0708,長流社區活動中心,長流村10-11鄰,100,"水災,震災,土石流,海嘯",羅廣霖村長,049-2431753,是,否,是,True,埔里,71,14646.592359015327,14.646592359015328
3244,彰化縣鹿港鎮,海埔里,鹿草路2段197號,120.43939,24.071142,海埔里民集會所,海埔里,90,"水災,震災,土石流,海嘯",黃振義,47751662,否,否,是,True,線西,62,7351.274604978119,7.351274604978119
3245,臺中市烏日區,溪埧里,烏日區溪埧里溪南路一段731號,120.6442,24.0715,溪南國中北棟教室2樓,溪壩、東園、北里、南里、螺潭,150,"水災,震災",宋淑娟,04-23353959-11,是,是,否,True,大里,44,4670.738314716282,4.6707383147162815
3246,臺中市大肚區,社腳里,沙田路一段364號,120.34069,24.07197,追分國小多功能教室,該收容處所亦有附屬空地可供使用﹝面積6974平方公尺﹞,100,"水災,土石流,海嘯",賴如足,04-26932604,是,否,是,True,線西,62,14630.415665311224,14.630415665311224
3247,彰化縣鹿港鎮,詔安里,某旦巷85號,120.456784,24.072394,新興國小,詔安里廖厝里,121,"水災,震災,土石流,海嘯",施進益,7775520,是,否,是,True,線西,62,6682.79016176424,6.68279016176424
3248,臺中市霧峰區,甲寅里,中正路1222號,120.699599,24.073209,霧峰農工向陽樓,甲寅,1070,"水災,震災,土石流",沈振雄,04-23303118#605,是,是,是,True,大里,44,3629.909847828577,3.6299098478285767
3249,臺中市霧峰區,五福里,新埔路239號,120.667351,24.07347,五福國小康寧樓,五福,1655,"水災,震災,土石流",林柏翰,04-23396119#606,是,是,否,True,大里,44,3107.0828056699575,3.1070828056699575
3251,南投縣仁愛鄉,大同村,博望巷42號,121.170939,24.074957,松崗活動中心,仁愛鄉大同村,100,,張雅芳,2803700,否,否,否,True,埔里,71,23763.109880096374,23.763109880096373
3252,臺中市大里區,東湖里,東南路207巷36號,120.693182,24.076807,東湖活動中心廣場,西湖里/東湖里,20,"水災,震災",林鳳月,935045731,否,是,否,True,大里,44,2936.6075876888076,2.936607587688808
3253,南投縣國姓鄉,長豐村,東三巷36之1號,120.8711,24.0774,長豐社區活動中心,長豐村,30,"水災,震災,土石流,海嘯",謝進春村長,049-2431975,是,否,是,True,埔里,71,15540.511542467946,15.540511542467947
3254,臺中市大里區,西湖里,西湖路32號,120.689997,24.078248,草湖國民小學禮堂/操場,西湖里/東湖里,1100,"水災,震災",林詠勝,04-24953078#700,是,否,是,True,大里,44,2641.479464278883,2.641479464278883
3255,臺中市霧峰區,吉峰里,民生路349號,120.7191,24.079603,吉峰國小三期校舍地下室,吉峰,856,"水災,震災,土石流",陳禾青,04-23300893830,是,是,是,True,大里,44,4690.025289013102,4.690025289013103
3257,彰化縣彰化市,光復里,民生路259號,120.544605,24.080673,介壽生活藝文館,全市,115,"水災,震災,土石流,海嘯",許碩元,047222141-2007,是,是,是,True,彰化,57,1655.0729560479829,1.6550729560479829
3258,花蓮縣秀林鄉,景美村,加灣106號,121.6067,24.0825,景美活動中心,景美村,100,"水災,震災,土石流,海嘯",呂愛美,03-8267603,是,否,是,True,花蓮,36,12335.200029855863,12.335200029855864
3259,南投縣仁愛鄉,合作村,平生路56號,121.215808,24.083307,合作活動中心,合作村,60,"水災,震災,土石流,海嘯",高世昌,049-2970912,是,否,是,True,埔里,71,28224.22466614923,28.224224666149233
3260,臺中市烏日區,東園里,溪南路一段238巷198號,120.639937,24.083915,東園國小體育館,東園里,150,"水災,震災",王素貞,04-23353092,是,否,否,True,大里,44,4283.658042177047,4.283658042177047
3261,臺中市大里區,塗城里,美群路99號,120.708825,24.084163,美群國民小學地下室/風雨操場,塗城里/瑞城里/仁化里/仁德里/金城里,2000,"水災,震災",邱家麟,04-24912129#1801,是,是,是,True,大里,44,3530.978722916114,3.530978722916114
3262,臺中市大里區,塗城里,塗城路1-26號,120.723743,24.084237,塗城活動中心,塗城里/健民里,115,水災,賴政建,04-24937979,是,否,是,True,大里,44,4910.187138326248,4.910187138326248
3263,彰化縣線西鄉,德興村,線東路二段447號,120.519016,24.084258,德興民眾活動中心,德興村,50,"水災,震災,土石流,海嘯",許富榮,04-7583036,是,否,否,True,彰化,57,3053.662163691713,3.053662163691713
3264,彰化縣和美鎮,源埤里,南安路105號,120.5107,24.0853,源埤社區活動中心,源埤 南佃,150,"水災,震災,土石流,海嘯",吳素美,04-7631247,是,否,是,True,彰化,57,3793.388633562573,3.793388633562573
3265,臺中市大里區,夏田里,頂厝路125號,120.668552,24.085406,夏田活動中心廣場,夏田里/大里里,40,"水災,震災",胡金鍊,928901233,否,是,否,True,大里,44,1867.2365262662925,1.8672365262662924
3266,臺中市大里區,瑞城里,美村街196 號,120.702842,24.08609,瑞城國民小學活動中心/操場,瑞城里/塗城里/仁德里/西湖里/東湖里,1300,震災,劉紀盈,04-24923397#766,是,是,否,True,大里,44,2897.452959010153,2.897452959010153
3267,臺中市大里區,瑞城里,瑞和街36號,120.703756,24.086128,瑞城活動中心,瑞城里/塗城里/仁德里/西湖里,100,震災,林陳妙馨,04-24925618,是,否,是,True,大里,44,2975.278991879461,2.975278991879461
3268,彰化縣彰化市,陽明里,三民路436號,120.549124,24.086545,老人文康中心,全市,74,"水災,震災,土石流,海嘯",柯見力,047222141-1710,是,是,是,True,彰化,57,2403.200550837702,2.403200550837702
3269,彰化縣鹿港鎮,頂番里,彰化縣鹿港鎮頂番里彰頂路326巷138號,120.4848,24.0867,頂番社區活動中心,全鎮,100,"水災,震災,土石流,海嘯",潘順良,919499499,是,否,是,True,線西,62,5231.449692067796,5.2314496920677955
3270,彰化縣和美鎮,南佃里,嘉佃路296號,120.501,24.087,大榮國小,南佃 詔安 鎮平,200,"水災,震災,土石流,海嘯",謝孟珊,7636814,否,否,否,True,彰化,57,4731.265922392282,4.731265922392282
3271,彰化縣和美鎮,鎮平里,南平路11號,120.509,24.088,鎮平社區活動中心,鎮平,60,"水災,土石流,海嘯",楊啟明,7525245,否,否,否,True,彰化,57,4107.393176409962,4.107393176409961
3272,彰化縣鹿港鎮,頂番里,頂草路一段100號,120.479839,24.088748,頂番國小,頂番里,181,"水災,震災,土石流,海嘯",潘文生,47711515,是,否,是,True,線西,62,4878.576308737217,4.878576308737217
3273,臺中市大里區,健民里,校前路27號,120.72904,24.089117,竹仔坑社區活動中心,健民里/塗城里,45,水災,賴素鈴,04-24911213,是,否,是,True,大里,44,5273.631316128101,5.273631316128101
3274,臺中市大里區,健民里,校前路26號,120.727899,24.089412,健民國民小學演奏廳/操場,健民里/仁化里/塗城里,1000,水災,林約宏,04-24912342#188,是,是,否,True,大里,44,5153.278074586954,5.153278074586954
3275,彰化縣和美鎮,嘉犁里,東坡路8巷2號,120.516,24.09,嘉犁社區活動中心,嘉犁里,100,"水災,土石流,海嘯",許樹森,7365277,否,否,否,True,彰化,57,3714.618611321652,3.714618611321652
3276,臺中市大里區,金城里,塗城路923巷19號,120.695431,24.090127,金城活動中心,金城里/仁德里/東湖里,100,"水災,震災",詹文雄,04-24921753,是,否,是,True,大里,44,2021.32796752854,2.0213279675285403
3278,彰化縣和美鎮,詔安里,彰和路二段176巷1號,120.528,24.091,詔安社區活動中心,詔安,150,"水災,土石流,海嘯",李永吉,7355293,否,否,否,True,彰化,57,3091.2483570228655,3.0912483570228657
3279,彰化縣鹿港鎮,洋厝里,新厝巷臨51之1號,120.447463,24.091044,新厝社區活動中心,洋厝里,60,"水災,震災,土石流,海嘯",許勝裕,47781566,是,否,是,True,線西,62,5006.764375053224,5.0067643750532245
3280,彰化縣鹿港鎮,頭崙里,頂草路2段150號,120.476961,24.091441,頭崙里集會所,頭崙里頭南里,150,"水災,震災,土石流,海嘯",楊明通,47711517,是,否,是,True,線西,62,4527.487320374092,4.5274873203740915
3281,南投縣國姓鄉,長福村,大長路71號,120.888,24.0927,"長福國小1甲-6甲,音樂室,圖書室",長福村,50,"水災,震災,土石流,海嘯",柯志忠校長,049-2431295,是,否,是,True,埔里,71,15944.039212554806,15.944039212554806
3282,臺中市大里區,仁化里,文化街119號,120.699929,24.092829,仁德活動中心,仁化里/塗城里,100,"水災,震災",王木竹,910507094,是,否,是,True,大里,44,2309.810172632091,2.309810172632091
3283,臺中市大里區,仁德里,文化街120號,120.700282,24.093045,塗城國民小學南棟教學大樓地下室/運動場,塗城里/瑞城里/金城里,500,"水災,震災",張永志,04-24922935#700,是,是,是,True,大里,44,2336.2189119673353,2.336218911967335
3284,臺中市大里區,金城里,至善路157號,120.699273,24.094049,成功國民中學操場,金城里/仁德里/東湖里,1200,"水災,震災",楊淑麗,04-24927226,否,是,否,True,大里,44,2205.347272269859,2.205347272269859
3285,臺中市烏日區,光明里,光明路40號,120.647007,24.094481,五光國小西棟1樓舞蹈教室,五光里,50,震災,段立國,23362276,是,否,否,True,大里,44,3246.245400322304,3.246245400322304
3286,臺中市大里區,大元里,國中路365號,120.678963,24.095124,大里高中中正堂/操場,大里里/中新里/夏田里/新里里/大元里,1500,"水災,震災",莊煥綱,04-24067870#514,是,是,是,True,大里,44,499.73613174904506,0.4997361317490451
3287,臺中市大里區,健民里,鳳凰路68號,120.718063,24.096178,光正國民中學風雨操場/操場,健民里/仁化里/塗城里/仁德里,2500,"水災,震災",王心怡,04-24911599#101,否,是,是,True,大里,44,4045.753333477956,4.045753333477956
3288,彰化縣和美鎮,嘉犁里,彰和路3段50號,120.511,24.0966,大嘉國小,嘉犁 新庄,200,"水災,震災,土石流,海嘯",葉錫釗,7552524,否,否,否,True,彰化,57,4595.112743576659,4.595112743576659
3289,彰化縣和美鎮,新庄里,彰化縣和美鎮新庄里東發路100巷36-1號,120.5336,24.0971,新庄社區活動中心,新庄里,100,"水災,土石流,海嘯",黃宏山,04-7550003,是,否,是,True,彰化,57,3537.2331623098416,3.5372331623098416
3291,彰化縣和美鎮,面前里,雅安路265號,120.488,24.099,面前社區活動中心,面前 仁愛,100,"水災,土石流,海嘯",吳明書,7562842,否,否,否,True,線西,62,4098.796104494117,4.098796104494117
3292,南投縣仁愛鄉,新生村,山林巷175之18號,121.030694,24.099167,農特產品產銷中心,新生村,200,"水災,土石流,海嘯",鄭志誠,2941765,是,否,否,True,埔里,71,15783.147885817638,15.783147885817638
3293,臺中市大里區,新里里,新興路99巷16弄56號,120.675852,24.099619,大新活動中心,新里里/大里里/國光里/夏田里,200,"水災,震災",范玉華,04-24063979123,是,否,是,True,大里,44,263.5605214745123,0.2635605214745123
3295,臺中市大里區,新里里,新興路50號,120.677018,24.100547,大里國民小學運動場,新里里/大里里/夏田里,620,"水災,震災",蔡添元,04-24066002#710,否,是,否,True,大里,44,178.2510746967742,0.1782510746967742
3296,臺中市大里區,國光里,勝利二路1號,120.683161,24.10083,國光里活動中心,國光里/大元里/中新里,45,"水災,震災",詹振忠,04-24810965,是,否,是,True,大里,44,498.14373705758356,0.4981437370575836
3297,臺中市大里區,立德里,甲提南路10號,120.694601,24.100964,立德里活動中心,立德里/新仁里/立仁里,75,"水災,震災",謝燻翔,04-22753457,是,否,是,True,大里,44,1649.3582134819615,1.6493582134819615
3298,臺中市大里區,東昇里,東昇里日新路8號,120.69486,24.100964,內新國民小學北棟地下室/操場,內新里/日新里/新仁里/東昇里,350,"水災,震災",林淵輝,04-24852863#12,是,是,是,True,大里,44,1675.581974935829,1.6755819749358292
3300,彰化縣和美鎮,大霞里,彰和路3段422號,120.5037,24.1017,大霞社區活動中心,大霞 山犁,250,"水災,土石流,海嘯",陳銀貴,7564903,是,否,是,True,線西,62,4839.162397887873,4.839162397887874
3301,臺中市和平區,南勢里,東關路3段3之8號,120.548274,24.102225,行政院原住民族委員會青年?藝研習中心,南勢、天輪、博愛里。,1200,"水災,震災,土石流,海嘯",值班人員,04-25942731,是,是,是,True,彰化,57,4070.3327877297334,4.0703327877297335
3302,臺中市大里區,大元里,現岱路60號,120.691079,24.102746,大元國民小學新元館/操場,中新里/大元里/內新里/國光里,1120,"水災,震災",邱志忠,04-24834568#888,是,是,是,True,大里,44,1330.5647274108562,1.3305647274108563
3303,臺中市太平區,東汴里,長龍路3段135號,120.7716,24.1035,東汴里活動中心,東汴、頭汴、聖和,189,"水災,震災,土石流",呂坤龍,04-22789685,是,是,否,True,大里,44,9480.223696237803,9.480223696237802
3304,彰化縣和美鎮,山犁里,仁愛路279號,120.494,24.104,和仁國小,山犁 鐵山 源埤,150,"水災,震災,土石流,海嘯",陳沛彤,7575407,否,否,否,True,線西,62,3977.3650699389773,3.977365069938977
3305,彰化縣和美鎮,犁盛里,彰新路2段500號,120.533,24.104,新庄國小,犁盛 中寮 糖友,200,"水災,震災,土石流,海嘯",陳欣伸,7353267,否,否,否,True,彰化,57,4296.766837751449,4.296766837751449
3306,彰化縣鹿港鎮,草中里,彰化縣鹿港鎮草中里草中巷2-16號,120.4626,24.1041,草中社區活動中心,全鎮,100,"水災,震災,土石流,海嘯",黃呈築,922839189,是,否,是,True,線西,62,3123.5087502508077,3.123508750250808
3307,臺中市大里區,立仁里,甲堤路236號,120.696923,24.104365,立新國民中學勤學樓地下室/風雨操場,立仁里/新仁里/立德里,200,"水災,震災",周鳳珠,04-22732299#888,是,是,是,True,大里,44,1950.960507606374,1.950960507606374
3308,臺中市太平區,光隆里,太平區光隆里光興路487巷5號,120.7277,24.1046,光隆國小〈圖書室2樓〉,光隆、永隆、德隆,1773,"水災,震災,土石流",陳淑華,04-22713625732溫山明0923152541,是,是,是,True,大里,44,5037.824233282552,5.037824233282552
3309,臺中市烏日區,湖日里,新興路457號,120.617307,24.104763,烏日國民中學第1棟2樓,湖日里,200,"水災,震災",王怜瓔,04-23381009,是,否,否,True,忠明,40,5758.904709565155,5.758904709565155
3310,臺中市烏日區,仁德里,烏日區仁德里信義街99號,120.6408,24.1051,光德國中B、C棟教室2樓,前竹、五光、光明、仁德,320,"水災,震災",賴朝榮,04-23389802#201,是,是,是,True,大里,44,3875.006052440157,3.875006052440157
3311,臺中市大里區,立仁里,立新街338號,120.699567,24.10543,立新國民小學D棟大樓地下室/風雨操場,立仁里/立德里/新仁里,250,"水災,震災",連忠誠,04-22769178#800,是,是,是,True,大里,44,2241.9804147612303,2.2419804147612306
3312,花蓮縣新城鄉,順安村,順安52-2號,121.621,24.1057,北三棧社區活動中心,順安村,35,"水災,震災,土石流,海嘯",黃仲祥,8611280,是,否,是,True,花蓮,36,15040.377937030795,15.040377937030796
3315,臺中市大里區,長榮里,益民路二段48號,120.6873,24.107,益民國民小學後棟地下室/運動場,長榮里/西榮里/中新里/內新里,525,"水災,震災",錢得龍,04-24834970,是,是,是,True,大里,44,1216.6072428577065,1.2166072428577066
3316,臺中市烏日區,烏日里,烏日區烏日里光日路228號,120.6257,24.1075,烏日社區活動中心,烏日、湖日、,80,"水災,震災",李和平,04-23387906,是,否,否,True,忠明,40,5166.332314020596,5.166332314020596
3317,臺中市大里區,永隆里,永隆三街1號,120.677165,24.107882,爽文國民中學活動中心/操場,永隆里/大明里/樹王里/新里里/國光里,1470,"水災,震災",李建智,04-24067545#211,是,是,是,True,大里,44,925.1906257590492,0.9251906257590492
3318,彰化縣和美鎮,糖友里,糖友一街80-82號2樓,120.5342,24.108,糖友社區活動中心,糖友里等,200,"水災,土石流,海嘯",吳炎山,04-7363737,是,否,是,True,彰化,57,4710.710114489971,4.710710114489971
3319,臺中市大里區,新仁里,立新街71號,120.705297,24.108,新仁活動中心,新仁里/立德里/立仁里,50,"水災,震災",李坤軒,910428646,是,否,是,True,大里,44,2883.6267865333425,2.8836267865333425
3320,臺中市烏日區,仁德里,中山路一段341號,120.640795,24.108288,僑仁國小體育館,仁德里,300,震災,洪翠芬,23381241,是,否,否,True,大里,44,3946.2795351657633,3.9462795351657634
3321,臺中市大里區,樹王里,樹王路335號,120.66758,24.108368,樹王活動中心,樹王里/永隆里/新里里,75,"水災,震災",黃武雄,04-24069030,是,否,是,True,大里,44,1469.851584793381,1.469851584793381
3323,彰化縣和美鎮,和東里,彰美路5段210號,120.5015,24.1093,和東國小,全鎮,500,"水災,震災,土石流,海嘯",鄭主任,047-552724-24,是,否,是,True,線西,62,4124.598167962576,4.124598167962576
3324,臺中市烏日區,九德里,長春街300號,120.638956,24.109863,九德國民小學風雨操場,九德里,300,"水災,震災",葉中雄,04-23366540,否,是,否,True,大里,44,4171.892739943086,4.171892739943086
3326,臺中市大里區,西榮里,東榮路280號,120.686909,24.110479,光榮國民中學光榮館/操場,西榮里/東榮里/大明里,600,"水災,震災",林永基,04-24831428#100,是,是,是,True,大里,44,1479.5861889485013,1.4795861889485014
3327,臺中市大里區,內新里,新光路32號,120.691871,24.110647,兒童青少年福利服務中心,立仁里/立德里/中新里/長榮里/西榮里/東昇里/內新里,200,"水災,震災",劉素君,04-24827405,是,否,是,True,大里,44,1832.1872125903042,1.8321872125903043
3328,臺中市大里區,永隆里,永隆五街二號,120.676497,24.110842,永隆國民小學活動中心/操場,長榮里/永隆里/國光里/大明里,1100,"水災,震災",蔡淑娟,04-24066637#700,是,是,是,True,大里,44,1259.4798395999424,1.2594798395999423
3329,彰化縣和美鎮,和西里,和平路19號,120.495,24.111,和美國小,和西 好修 月眉,500,"水災,震災,土石流,海嘯",邱于玲,7552005,否,否,否,True,線西,62,3491.965978173992,3.491965978173992
3330,彰化縣和美鎮,柑井里,柑竹路331巷21號,120.514,24.111,柑井社區活動中心,柑井 和東,100,"水災,土石流,海嘯",陳阿杉,7356693,否,否,否,True,線西,62,5109.6482619783865,5.1096482619783865
3331,彰化縣和美鎮,柑井里,美寮路一段390號,120.519,24.111,和群國中,柑井 還社 竹園 中圍,300,"水災,震災,土石流,海嘯",陳明輝,7552430,否,否,否,True,彰化,57,5484.595542107895,5.484595542107895
3333,彰化縣線西鄉,下犁村,下犁路139之1號,120.469995,24.111237,下犁民眾活動中心,下犁村,80,"水災,土石流,海嘯",黃燿?,04-7583111,是,否,否,True,線西,62,2265.2254966568657,2.265225496656866
3334,臺中市烏日區,榮泉里,烏日區榮泉里健行路501號,120.592633,24.111637,旭光國小旭光廳2樓,榮泉、三和、學田,120,"水災,震災",吳桂芬,04-23381847-10,是,是,否,True,西屯,35,6119.395396303542,6.119395396303542
3335,臺中市大里區,樹王里,樹王路342號,120.666962,24.11179,僑泰中學育才大樓,樹王里/永隆里/新里里/大里里,250,"水災,震災",廖玉明,04-24063936,是,否,是,True,大里,44,1783.7861793337345,1.7837861793337344
3336,彰化縣和美鎮,中圍里,竹社路123號,120.532,24.112,中圍社區活動中心,中圍里,100,"水災,土石流,海嘯",林美惠,7356849,否,否,否,True,彰化,57,5185.684716062771,5.185684716062771
3337,臺中市南區,樹義里,福田路11號,120.6574,24.112,樹義國小樂群樓及操場,樹義,953,"水災,震災,土石流,海嘯",朱明建組長,04-22657298#733,是,是,是,True,大里,44,2541.5528300432625,2.5415528300432624
3338,臺中市太平區,興隆里,興隆路76號,120.7323,24.112,興隆里活動中心,興隆、福隆、光隆,204,"水災,震災,土石流",賴玉敏,04-22756053,是,是,是,True,大里,44,5644.231336817356,5.644231336817357
3339,臺中市大里區,永隆里,永隆六街29號,120.673837,24.112793,永隆里活動中心,永隆里/樹王里,60,"水災,震災",林士元,04-24069937,是,否,是,True,大里,44,1533.1946977764537,1.5331946977764537
3340,彰化縣和美鎮,和西里,彰化縣和美鎮和西里西園路31號,120.4936,24.113,和美高中,和西 四張 面前等里,500,"水災,震災,土石流,海嘯",王守良,047-552043-242,是,否,是,True,線西,62,3240.113548307101,3.240113548307101
3341,彰化縣和美鎮,中寮里,東興路25號,120.538,24.113,中寮社區活動中心,中寮,60,"水災,土石流,海嘯",林順泉,7352282,否,否,否,True,彰化,57,5217.599271573893,5.217599271573893
3342,臺中市太平區,長億里,長億六街一號,120.7216,24.1131,長億高中〈體育館.操場〉,長億、永成、平安,5386,"水災,震災,土石流",楊寶旺,04-22704022#151,是,是,否,True,大里,44,4634.523242112855,4.634523242112855
3343,臺中市大里區,內新里,中新街9號,120.690859,24.113152,內新里活動中心,東昇里/內新里,75,"水災,震災",林清池,04-24828833,是,否,是,True,大里,44,1960.0360973684262,1.9600360973684263
3345,臺中市大里區,東興里,永興路260號,120.681226,24.113398,東興活動中心,東興里/永隆里/大明里,50,"水災,震災",林育潤,04-24812032,是,否,是,True,大里,44,1552.8626915846235,1.5528626915846235
3346,彰化縣和美鎮,四張里,鎮西路74號,120.485,24.114,四張社區活動中心,四張 和西,100,"水災,土石流,海嘯",葉錫忠,7569735,否,否,否,True,線西,62,2540.803613729142,2.540803613729142
3347,臺中市大里區,東興里,大明路181號,120.68357,24.115191,崇光國民小學崇光樓地下室/操場,東興里/大明里/西榮里/長榮里,1000,"水災,震災",趙景惠,04-24818836#5001,是,是,是,True,大里,44,1802.4324619968397,1.8024324619968397
3348,南投縣仁愛鄉,發祥村,瑞和路1-1號,121.160619,24.115564,發祥活動中心,瑞岩部落,100,"水災,土石流,海嘯",曾瑞美,2955670,是,否,否,True,埔里,71,25460.31827131758,25.460318271317583
3349,臺中市南區,永興里,高工路191號,120.6612,24.116,臺中高工操場,工學、永興,780,"水災,震災,土石流,海嘯",王文革組長,04-22613158#5200,否,是,是,True,大里,44,2523.416240655755,2.523416240655755
3350,臺中市南屯區,楓樹里,南屯區楓樹里楓樹西街二00號,120.6289,24.1161,楓樹兒童青少年活動中心,楓樹、中和、鎮平,50,"水災,震災",賴鈺惠,24738325,是,否,是,True,忠明,40,4160.146846917481,4.16014684691748
3351,臺中市大里區,大明里,新仁路三段210號,120.685976,24.116491,私立大明高級中學體育場/禮堂,大明里/祥興里/西榮里/東興里,270,"水災,震災",宋一芬,04-24816565,是,否,是,True,大里,44,2020.16106990279,2.02016106990279
3352,嘉義縣水上鄉,塗溝村,1-1號,120.6132,24.1165,大崙國小塗溝分校-室外,塗溝村,500,震災,分校主任林益新,05-3712690,否,是,否,True,忠明,40,4843.339133620908,4.8433391336209075
3353,彰化縣和美鎮,竹營里,和頭路237號,120.5011,24.117,竹營社區活動中心,竹營 和南,100,"水災,土石流,海嘯",陳錦源,04-7553911,是,否,是,True,線西,62,3639.561020187949,3.639561020187949
3354,臺中市南區,南和里,工學路72號5樓,120.6638,24.1171,臺中市南區聯合辦公大樓,南和,61,"水災,震災,土石流,海嘯",賴志閔,04-22626105#507,是,否,是,True,大里,44,2442.920669977618,2.4429206699776183
3355,花蓮縣新城鄉,順安村,草林158號,121.6365,24.1172,順安農宅示範中心,順安村,23,"水災,土石流,海嘯",黃仲祥,8611280,是,否,是,True,花蓮,36,16584.503439047476,16.584503439047477
3356,臺中市太平區,東汴里,太平區東汴里山田路100號,120.7958,24.1174,東汴國小〈行政教學大樓.操場〉,東汴、頭汴、聖和,575,"水災,土石流",朱秀麗,04-22702664630溫彥程0937-218039,是,是,否,True,大里,44,12091.594003579956,12.091594003579957
3357,花蓮縣秀林鄉,秀林村,秀林路76號,121.6244,24.118,秀林國小收容所,秀林村,100,"水災,震災,土石流,海嘯",總務主任林正雄,03-8611393,是,否,是,True,花蓮,36,16438.833217430565,16.438833217430567
3359,彰化縣和美鎮,竹園里,彰新路4段115號,120.525,24.119,竹園社區活動中心,竹園,60,"水災,土石流,海嘯",周秋霞,7351963,否,否,否,True,線西,62,5856.626415552637,5.856626415552637
3360,臺中市太平區,長億里,長億路1-1號,120.7209,24.1192,長億永成里活動中心,長億、永成、平安,815,"水災,震災,土石流",林泳鰡,04-22785777,是,是,是,True,大里,44,4830.473754291927,4.830473754291927
3361,臺中市南區,樹德里,德富路100號,120.6542,24.1196,大慶活動中心,樹德,30,"水災,震災,土石流,海嘯",余銘記里長,04-24753268,是,否,是,True,大里,44,3312.8692060231815,3.3128692060231817
3362,臺中市南區,平和里,五權南路335號,120.6697,24.1201,南區圖書館,平和、永和,57,"水災,震災,土石流,海嘯",張英傑館長,04-22623497,是,否,是,True,大里,44,2437.054097873397,2.437054097873397
3363,臺中市大里區,祥興里,中興路二段祥興3巷10弄34號,120.685927,24.120351,祥興活動中心,祥興里/日新里,20,"水災,震災",李漢卿,928206608,是,否,是,True,大里,44,2419.6174651409915,2.4196174651409916
3364,臺中市南區,和平里,復興路二段57號,120.6607,24.1213,和平國小和平館及操場,和平、福順,513,"水災,震災,土石流,海嘯",何玲宜主任,04-22613139,是,是,是,True,大里,44,3003.9383014542623,3.003938301454262
3366,彰化縣和美鎮,月眉里,和厝路一段276號,120.495,24.122,月眉社區活動中心,月眉 和北,100,"水災,土石流,海嘯",蔡謹來,7553688,否,否,否,True,線西,62,2845.871800474989,2.8458718004749888
3367,彰化縣和美鎮,犁盛里,東平路225巷9號,120.527,24.122,犁盛社區活動中心,犁盛,100,"水災,土石流,海嘯",黃勇宗,7356473,否,否,否,True,線西,62,5985.8325993728595,5.985832599372859
3368,臺中市南區,平和里,五權南路325號,120.668571,24.1222,信義國小信義館及操場,"福興里,平和里,永和里",1440,"水災,震災",黃政傑組長,22622005-732,是,是,是,True,大里,44,2695.5563541021297,2.6955563541021297
3369,彰化縣線西鄉,頂犁村,頂犁路158-1號,120.478,24.1227,曉陽國小,下犁村、頂犁村、德興村,100,"水災,震災,土石流,海嘯",王錦鴻,04-7585375,是,是,是,True,線西,62,1346.4589418124197,1.3464589418124198
3370,臺中市太平區,中平里,中平村太平路 300 號,120.7183,24.1231,中平國中〈活動中心.操場〉,中平、中政、建國,972,"水災,震災,土石流",夏梅娟,04-22767416101,是,是,是,True,大里,44,4814.775405412032,4.814775405412032
3371,臺中市太平區,頭汴里,北田路 20 號,120.7515,24.1232,頭汴國小〈行政大樓B1〉,頭汴、東汴、聖和,1820,"水災,土石流",江雪珍,04-22703129185許伯進0911-767912,是,是,否,True,大里,44,7872.560448467463,7.872560448467463
3372,彰化縣線西鄉,頂犁村,頂犁路48之1號,120.480918,24.123229,頂犁民眾活動中心,頂犁村,100,"水災,震災,土石流,海嘯",曾黎雲,04-7585646,是,否,否,True,線西,62,1525.4171686375246,1.5254171686375246
3373,臺中市太平區,頭汴里,長龍路二段11巷18號,120.7507,24.1239,頭汴里活動中心,頭汴、聖和,278,"水災,土石流",江思涵,04-22762323,是,是,是,True,大里,44,7822.1933379232105,7.822193337923211
3374,臺中市太平區,建國里,精美路201號,120.7245,24.1241,建平國小〈會議室1樓、操場〉,建國、中平、建興,1419,"水災,震災,土石流",鄭人榮,04-22779532,是,是,是,True,大里,44,5410.60199514449,5.410601995144489
3375,臺中市南區,國光里,國光路261號,120.6801,24.1245,國光國小國光堂及操場,國光、城隍、南門,707,"水災,震災,土石流,海嘯",簡先得主任,04-22872475#731,是,是,是,True,大里,44,2761.5828583128186,2.761582858312819
3376,臺中市南區,積善里,復新街89號B1,120.6759,24.1247,中興活動中心,德義、江川、積善,50,"水災,震災,土石流,海嘯",劉德榮,04-22626105,是,否,否,True,大里,44,2790.6133558696565,2.7906133558696564
3377,彰化縣和美鎮,頭前里,和頭路595號,120.506,24.125,頭前社區活動中心,頭前,100,"水災,土石流,海嘯",葉振慶,7552882,否,否,否,True,線西,62,3826.6466786116557,3.8266466786116555
3379,臺中市太平區,福隆里,光興路1463巷8號,120.7345,24.1258,福隆里活動中心,興隆、福隆、光隆,294,"水災,土石流",陳長庚,04-22795015,是,是,是,True,大里,44,6393.956627000064,6.3939566270000645
3380,彰化縣和美鎮,嘉寶里,福北路221號,120.512,24.126,嘉寶社區活動中心,嘉寶 還社,100,"水災,土石流,海嘯",陳寶仁,7579618,否,否,否,True,線西,62,4409.443597195875,4.4094435971958745
3381,臺中市南區,福平里,復興路二段152號,120.6651,24.126,四育國中四育館及操場,福平、福興、新榮,544,"水災,震災,土石流,海嘯",紀正良主任,04-22633229#731,是,是,是,True,大里,44,3222.0486911515286,3.2220486911515285
3382,臺中市南區,崇倫里,忠明南路730號,120.659,24.1261,臺中市立崇倫國中崇倫堂及操場,崇倫,483,"水災,震災,土石流,海嘯",李育昌,04-23712324轉730,是,是,否,True,忠明,40,3393.2178357521634,3.3932178357521634
3383,臺中市東區,東興里,仁和路330號,120.68617,24.12626,臺中市立東峰國中,東興、東橋、東門.,700,"水災,震災",楊昆諺,04-22825133,是,是,是,True,大里,44,3054.0683468610896,3.0540683468610896
3386,臺中市東區,東興里,臺中路283號,120.6856,24.1266,國立中興大學附屬臺中高級農業職業學校禮堂,東興、振興、東橋,700,"水災,震災",李聲謙,04-22810010,是,是,是,True,大里,44,3076.2586868498356,3.076258686849836
3388,彰化縣和美鎮,好修里,月北路400巷21號,120.494,24.127,好修社區活動中心,好修,60,"水災,土石流,海嘯",李連正,7552719,否,否,否,True,線西,62,2587.1508904856164,2.587150890485616
3389,彰化縣線西鄉,塭仔村,塭仔路141號,120.456135,24.128081,塭仔民眾活動中心,塭仔村,80,"水災,土石流,海嘯",黃振猛,04-7555350,是,否,否,True,線西,62,1372.7143638879636,1.3727143638879635
3390,彰化縣線西鄉,溝內村,溝內路34-1號,120.454988,24.128334,溝內民眾活動中心,溝內村,80,"水災,土石流,海嘯",黃宏明,04-7588933,是,否,否,True,線西,62,1477.4220380580211,1.4774220380580212
3391,臺中市東區,東橋里,大智路359號,120.6908,24.1286,大智國小2樓禮堂,東橋、東興、東門,500,"水災,震災",林祿凱,04-22825683,是,是,否,True,大里,44,3447.456675217259,3.4474566752172593
3392,花蓮縣新城鄉,新城村,博愛路66號,121.6502,24.1288,新城社區活動中心,新城村,23,"水災,震災,土石流,海嘯",胡國雄,8611519,是,否,是,True,花蓮,36,18181.49471465899,18.181494714658992
3393,花蓮縣新城鄉,新城村,新興1街62號,121.6452,24.1301,興田社區活動中心,新城村,45,"水災,震災,土石流,海嘯",胡國雄,8611519,是,否,是,True,花蓮,36,18183.832349367858,18.183832349367858
3394,彰化縣線西鄉,寓埔村,中央路二段135號,120.4697,24.1313,線西國小,寓埔村、塭仔村、溝內村,100,"水災,震災,土石流,海嘯",黃馭寰,04-7585075,是,是,否,True,線西,62,76.91437788048448,0.07691437788048448
3395,臺中市南區,西川里,柳川西路1段59號,120.6606,24.1314,崇仁活動中心,西川,53,"水災,震災,土石流,海嘯",葉家宏,04-23763080,是,否,是,True,忠明,40,3019.057291403139,3.019057291403139
3396,南投縣仁愛鄉,發祥村,慈峰巷40號,121.184631,24.131465,紅葉國小梅林分校,慈峰部落,100,"水災,土石流,海嘯",林新喜,2955563,是,否,否,True,埔里,71,28464.072716551465,28.464072716551467
3397,臺中市東區,振興里,臺中路153號,120.684716,24.131516,臺中國小活動中心,新庄、振興,600,"水災,震災",趙元良,04-22815103#700,是,是,是,True,大里,44,3590.5247711100747,3.5905247711100747
3398,彰化縣線西鄉,寓埔村,中央路二段145號,120.4687,24.1325,線西國中,溝內村、下犁村、德興村,100,"水災,震災,土石流,海嘯",許毅貞,04-7584129,是,是,否,True,線西,62,98.77181342610821,0.0987718134261082
3399,臺中市太平區,長億里,太平三街 295 號,120.7164,24.133,長億國小〈行政大樓B1、操場、籃球場〉,長億、永成、平安,1649,"水災,震災,土石流",林麗卿,04-22737653,是,是,否,True,大里,44,5344.137615957694,5.344137615957694
3400,臺中市大肚區,大東里,仁德路60號,120.5542,24.133714,大忠國民小學一樓課照教室,社腳里,40,"水災,土石流,海嘯",張美雲,04-26993693,是,否,是,True,西屯,35,7111.668841672834,7.1116688416728335
3401,彰化縣和美鎮,塗厝里,彰新路5段310號,120.51,24.134,培英國小,塗厝 湖內 地潭 嘉寶,150,"水災,震災,土石流,海嘯",黃彥富,7552430,否,否,否,True,線西,62,4169.031580729114,4.169031580729113
3402,彰化縣線西鄉,寓埔村,寓埔路177-1號,120.45949,24.134332,寓埔民眾活動中心,寓埔村,80,"水災,土石流,海嘯",黃泯嘉,04-7585106,是,否,否,True,線西,62,1016.4315162756684,1.0164315162756683
3403,臺中市西區,吉龍里,忠明南路515號,120.6578,24.1345,臺中市西區大勇國小禮堂,"吉龍,大忠",100,"水災,震災",宋丞豐,04-23755959分機731,是,否,是,True,忠明,40,2573.2701075704226,2.5732701075704227
3405,彰化縣線西鄉,線西村,中央路二段536巷31號,120.463123,24.135832,線西民眾活動中心,線西村、頂庄村,80,"水災,土石流",吳小芳,04-7580182,是,否,否,True,線西,62,759.2972831117331,0.7592972831117332
3406,臺中市東區,樂成里,育英路30號,120.69813,24.13594,育英國中操場,樂成、東門、泉源、旱溪,500,震災,張家軒,04-22115313,否,是,否,True,大里,44,4493.569122938951,4.493569122938951
3407,彰化縣和美鎮,塗厝里,和厝路2段485號,120.508,24.136,塗厝社區活動中心,塗厝,60,"水災,土石流,海嘯",張家定,7554632,否,否,否,True,線西,62,3986.661962020208,3.986661962020208
3408,臺中市南屯區,南屯里,南屯區南屯里萬和路一段五十號,120.639,24.1363,南屯里活動中心,南屯,60,"水災,震災",朱俐菁,24738325,是,否,是,True,忠明,40,1747.124644258959,1.747124644258959
3409,臺中市東區,東信里,長福路245號,120.703797,24.136521,臺中市東區區公所禮堂,東信、東英、十甲含全區各里小範圍災民收容.,1500,"水災,震災",葉萃先,04-22151988,是,否,否,True,大里,44,4832.3163539647185,4.8323163539647185
3411,臺中市南屯區,春社里,南屯區春社里忠勇路二三之十二號,120.612,24.1374,春社里活動中心2、3樓,春安、春社、文山、寶山,200,"水災,震災",朱俐菁,24752799#127,是,否,是,True,西屯,35,2791.3922956252372,2.7913922956252373
3413,臺中市東區,泉源里,樂業路60號,120.194202,24.138354,臺中市東區樂業國小,泉源、旱溪、樂成.,450,"水災,震災",張添琦,04-22121293,是,是,否,True,線西,62,27946.75257267477,27.94675257267477
3414,臺中市太平區,宜欣里,太平區宜欣里新平路二段100號,120.7153,24.1392,宜欣國小〈宜學樓、南大樓〉,宜欣、宜佳、宜昌,1913,"水災,震災,土石流",王鳳雄,04-22701567#730彭怡文,是,是,是,True,大里,44,5767.022014720434,5.767022014720434
3415,臺中市西區,公民里,林森路155號,120.6686,24.1393,臺中市西區忠信國小禮堂忠信堂,公民、東昇、藍興、公?、土庫,100,"水災,震災",傅光鴻,04-23722866分機730,是,否,是,True,臺灣大道,45,2484.3108896430626,2.4843108896430626
3416,彰化縣伸港鄉,汴頭村,汴頭路189號,120.497037,24.139906,汴頭社區活動中心,汴頭村,40,"水災,土石流,海嘯",李彥宏,04-7982010154,否,否,是,True,線西,62,2986.0845814301556,2.9860845814301555
3417,彰化縣線西鄉,頂庄村,沿海路二段334巷32號,120.4674,24.1403,頂庄民眾活動中心,頂庄村、線西村,80,"水災,土石流,海嘯",曾金筆,04-7588139,是,否,否,True,線西,62,970.3759073843485,0.9703759073843484
3418,臺中市南屯區,永定里,南屯區永定里南美街70號,120.6366,24.1404,永定里社區活動中心,永定、新生,50,"水災,震災",賴鈺惠,24752799,是,否,是,True,忠明,40,1359.029431391671,1.359029431391671
3421,臺中市南屯區,大同里,南屯區大同里大墩六街一六一號,120.6502,24.1425,大同里活動中心3樓,大同、大誠、大興,100,"水災,震災",朱俐菁,24738325,是,否,是,True,忠明,40,1397.8533247024704,1.3978533247024705
3423,臺中市中區,柳川里,成功路300號1樓,120.6795,24.1439,臺中市中區老人休閒活動中心,綠川 繼光 公園 光復 大墩 柳川 大誠 中華,18,"水災,震災",陳思靜,04-2222250234,是,否,否,True,臺灣大道,45,2850.113591184061,2.850113591184061
3424,臺中市中區,柳川里,成功路300號6樓,120.6795,24.1439,臺中市中區區公所六樓大禮堂,綠川、繼光、公園、光復、大墩、柳川、大誠、中華,170,"水災,震災",蔡孟琪,04-22222502#36,是,是,否,True,臺灣大道,45,2850.113591184061,2.850113591184061
3425,彰化縣伸港鄉,新港村,自強路臨30號,120.484731,24.143911,新港社區活動中心,新港村,40,"水災,土石流,海嘯",李彥宏,04-7982010154,否,否,是,True,線西,62,2091.3900911797487,2.0913900911797487
3426,臺中市中區,大墩里,三民路二段148號,120.681722,24.143934,臺中市光復國小3樓禮堂及內操場,綠川、繼光、公園、光復、大墩、柳川、大誠、中華,990,"水災,震災",紀貴齡,04-22294174-730,是,是,是,True,臺灣大道,45,3034.390972442054,3.034390972442054
3428,臺中市中區,大墩里,臺中市中區三民路二段與公園路口,120.681723,24.144587,臺中市光復國民小學外操場,綠川、繼光、公園、光復、大墩、柳川、大誠、中華,1200,震災,紀貴齡,04-22294174-730,否,是,是,True,臺灣大道,45,2995.5802856966034,2.995580285696603
3429,彰化縣伸港鄉,埤墘村,建興路168號,120.489958,24.144634,伸港國中第二校區,埤墘村,10,"水災,震災,土石流,海嘯",李彥宏,04-7982010154,否,否,是,True,線西,62,2563.553404787407,2.563553404787407
3430,臺中市太平區,坪林里,坪林路45號,120.7371,24.145,坪林國小〈南棟大樓B1.操場〉,坪林、大興、勤益,1136,"水災,震災,土石流",李宏仁,04-23927677731,是,是,否,True,大里,44,7798.452935485407,7.798452935485407
3431,臺中市東區,東勢里,進化路135號,120.6934,24.1452,進德國小一樓活動中心,東勢、干城、富台、富仁、東南、旱溪,500,"水災,震災",黃維民,04-22126834,是,是,是,True,臺灣大道,45,4025.3464085534547,4.025346408553455
3432,臺中市太平區,坪林里,中山路二段57號,120.7334,24.1464,勤益科技大學〈工程館B1.操場〉,勤益、豐年、中山,5080,"水災,震災,土石流",陳文淵,04-23924505,是,是,否,True,大里,44,7619.399530582799,7.6193995305827995
3433,臺中市大肚區,大東里,大肚區仁德路60號,120.548844,24.146936,大道國中宗堯樓1樓,大東里,40,"水災,土石流,海嘯",柯瓊華,04-26992028,是,否,否,True,西屯,35,7121.198431522237,7.121198431522237
3434,彰化縣和美鎮,地潭里,晉北路458號,120.516,24.147,地潭社區活動中心,地潭,60,"水災,土石流,海嘯",陳錦祥,7556126,否,否,否,True,線西,62,5063.6952163040305,5.063695216304031
3436,臺中市太平區,中山里,大源路1-20號,120.726,24.1473,中華國小〈前棟B1、操場〉,中山、豐年、光明,1350,"水災,震災,土石流",蔡文標,04-23920870#741,是,是,否,True,臺灣大道,45,7157.524711744892,7.157524711744892
3437,花蓮縣秀林鄉,富世村,97號,121.6277,24.1473,富世活動中心,富世村,100,"水災,震災,土石流,海嘯",伊虹‧比岱,03-8611829,是,否,是,True,花蓮,36,19697.813878267294,19.697813878267294
3438,彰化縣伸港鄉,泉州村,仁愛路123號,120.480758,24.14783,泉州社區活動中心,泉州村,20,"水災,土石流,海嘯",李彥宏,04-7982010154,否,否,是,True,線西,62,2148.438003604252,2.148438003604252
3439,臺中市太平區,坪林里,中山路二段116號,120.7346,24.1483,太平國中〈行政大樓B1〉,坪林、大興、勤益,4241,"水災,震災,土石流",蕭國倉,04-23922540101,是,是,是,True,大里,44,7852.224283620104,7.852224283620104
3440,南投縣仁愛鄉,力行村,新望洋67號,121.189375,24.148371,力行國小,力行村新望洋部落,200,"水災,土石流,海嘯",卓洪興,2955078,是,否,否,True,埔里,71,30043.076413894607,30.043076413894607
3441,彰化縣伸港鄉,七嘉村,中華路565號,120.4879,24.1484,伸東國民小學,七嘉村、定興村、溪底村等,500,"水災,震災,土石流,海嘯",李書年,04-7982314-12,是,是,否,True,線西,62,2664.2959772984163,2.6642959772984165
3442,彰化縣伸港鄉,新港村,忠孝東街50號,120.4878,24.1486,伸港鄉老人文康活動中心,全鄉,200,"水災,震災,土石流,海嘯",曾煥彰 鄉長,04-7982010-200,是,否,是,True,線西,62,2672.4927322302765,2.6724927322302765
3444,臺中市南屯區,大業里,南屯區大業里大墩十一街六四號,120.6526,24.1489,大新活動中心3樓,溝墘、大業、惠中,150,"水災,震災",朱俐菁,24738325,是,否,是,True,臺灣大道,45,1183.6880993972431,1.1836880993972432
3445,彰化縣伸港鄉,蚵寮村,蚵寮路132-5號,120.457273,24.149014,蚵寮社區活動中心,蚵寮村,60,"水災,震災,土石流,海嘯",李彥宏,04-7982010154,否,否,否,True,線西,62,2263.7123427126407,2.263712342712641
3446,臺中市北區,錦平里,北區錦平里太平路74號,120.682,24.1492,臺中市北區太平國小大禮堂及操場,錦平、光大、六合、中正、新興、新北、大湖、錦村、錦祥、錦洲、金華、建德、建成。,2000,"水災,震災",游金隆,04-22211101,是,否,是,True,臺灣大道,45,2785.4005337861345,2.7854005337861345
3447,彰化縣伸港鄉,泉厝村,泉厝路44-3號,120.479829,24.149574,泉厝社區活動中心,泉厝村,20,"水災,土石流,海嘯",李彥宏,04-7982010154,否,否,是,True,線西,62,2264.688396813449,2.264688396813449
3448,彰化縣伸港鄉,曾家村,曾家路3之15號,120.4696,24.1499,伸仁國民小學,曾家村、蚵寮村、泉厝村、泉州村等,400,"水災,震災,土石流,海嘯",洪嘉鴻 總務,04-7982324-801,是,是,否,True,線西,62,2019.551686372392,2.019551686372392
3449,彰化縣和美鎮,湖內里,湖竹路5號,120.5093,24.1503,湖內社區活動中心,湖內,60,"水災,土石流,海嘯",姚平定,04-756121,是,否,是,True,線西,62,4580.5662600141495,4.58056626001415
3450,臺中市北區,大湖里,柳川東路四段28號,120.679493,24.150323,大湖里光大里聯合活動中心,大湖里、光大里,80,"水災,震災,土石流",吳炤烈,04-222254485,否,否,否,True,臺灣大道,45,2502.422771579457,2.502422771579457
3451,臺中市大肚區,大肚里,沙田路2段646號,120.545482,24.150654,大肚社區活動中心,新興、大肚、永和、磺溪,41,"水災,震災,土石流,海嘯",陳銘潭,04-26992379,是,否,是,True,西屯,35,7370.970888413713,7.370970888413712
3452,臺中市東區,東勢里,進化路223號,120.69394,24.150696,力行國小活動中心,東勢、合作、東南、富仁.,800,"水災,震災",簡志忠,04-23604412,是,是,否,True,臺灣大道,45,3890.811661683532,3.8908116616835318
3453,彰化縣伸港鄉,新港村,和平路60號,120.4768,24.151,新港國民國小,汴頭村、新港村、埤墘村等,500,"水災,震災,土石流,海嘯",黃子驥 總務,04-7982310-2285,是,是,否,True,線西,62,2280.564476327995,2.2805644763279953
3455,臺中市太平區,新光里,新興路200號,120.7066,24.1524,新光國小行政大樓,新光、新福、新高,1050,"水災,震災,土石流",莊慶鑫,04-23956005804陳永澤,是,是,是,True,臺灣大道,45,5120.573613134463,5.120573613134463
3456,臺中市西區,民龍里,英才路423號,120.6667,24.1526,臺中市西區中正國小禮堂中正館,民龍、?龍、中興、昇平,100,"水災,震災",翁啟軒,04-23212041分機721,是,否,否,True,臺灣大道,45,1231.7489859244608,1.2317489859244608
3457,臺中市西區,民龍里,西屯路1段169號,120.6702,24.1535,臺中市西區和龍民龍聯合里活動中心中心,和龍、後龍、民龍,50,"水災,震災",黃于玲,04-22245200分機202,是,否,否,True,臺灣大道,45,1495.5266143275608,1.4955266143275607
3458,臺中市大肚區,頂街里,大肚區頂街里大德六街30號,120.540571,24.15352,老人活動中心,成功、永順、永和、磺溪,180,"水災,震災,土石流,海嘯",胡書維,04-26981175,是,否,是,True,線西,62,7659.958736581273,7.659958736581273
3459,臺中市大肚區,頂街里,大肚區頂街里華山路77號,120.5463,24.1546,大肚國小體育館,大東、頂街、山陽,120,"水災,土石流,海嘯",李新揚,04-26992016,是,否,否,True,西屯,35,7225.182970842452,7.225182970842452
3460,臺中市太平區,新坪里,樹孝路三三六巷九號,120.7201,24.1547,新平國小〈南棟B1、操場、籃球場〉,新坪、新吉、新城,850,"水災,震災,土石流",洪梓祥,04-23914533,是,是,否,True,臺灣大道,45,6458.3027093501905,6.458302709350191
3461,臺中市南屯區,黎明里,南屯區黎明里干城街150號,120.6296,24.1555,黎明里活動中心,黎明、三義,60,"水災,震災",朱俐菁,24738325,是,否,否,True,忠明,40,1231.96480830478,1.23196480830478
3462,臺中市太平區,黃竹里,竹村路41號,120.7344,24.1556,黃竹國小〈戶外操場〉,黃竹、永隆、德隆,128,"水災,土石流",劉倩梅,04-2271593372朱信德,是,是,否,True,臺灣大道,45,7903.107762517062,7.903107762517062
3463,臺中市西屯區,何成里,大墩十七街88號3樓,120.648109,24.1557,何南、何成里聯合活動中心,何成、何南,364,"水災,震災",田貴玉,423223355,是,否,否,True,忠明,40,824.7651578292426,0.8247651578292426
3464,彰化縣伸港鄉,大同村,大同路82號,120.47616,24.156642,大同社區活動中心,大同村,20,"水災,土石流,海嘯",李彥宏,04-7982010154,否,否,是,True,線西,62,2858.0696748804908,2.8580696748804906
3465,彰化縣伸港鄉,什股村,什股路99-1號,120.47616,24.156642,什股社區活動中心,什股村,20,"水災,土石流,海嘯",李彥宏,04-7982010154,否,否,是,True,線西,62,2858.0696748804908,2.8580696748804906
3466,臺中市西區,忠誠里,臺灣大道1段414號,120.6591,24.1578,臺中市西區忠明國小禮堂忠明館,忠誠、公平、公德、公正,100,"水災,震災",林健平,0423172860分機730,是,否,是,True,臺灣大道,45,271.6100208196043,0.2716100208196043
3467,臺中市西區,忠明里,博館路166號,120.6637,24.1579,臺中市西區忠明高中禮堂忠明館,忠明、公益,100,"水災,震災",魏子晴,0423224690分機731,是,否,是,True,臺灣大道,45,718.782867330441,0.718782867330441
3468,臺中市太平區,新光里,樹德九街139號,120.7093,24.1579,新光國中〈活動中心.操場〉,新光、新興、新高,1917,"水災,震災,土石流",沈杏娟,04-23957597601,是,是,是,True,臺灣大道,45,5345.125558732817,5.345125558732817
3469,臺中市大肚區,中和里,大肚區中和里南榮路299號,120.544456,24.158601,中和社區活動中心,王田、社腳、福山、中和、營埔,100,"水災,震災,土石流,海嘯",林瑞德,04-26933251,是,否,是,True,西屯,35,7374.0598437815415,7.3740598437815414
3470,臺中市大肚區,營埔里,大肚區營埔里營埔巷155號,120.5446,24.158601,營埔社區活動中心,王田、社腳、福山、中和、營埔,100,"水災,土石流,海嘯",劉金漢,04-26933141,是,否,是,True,西屯,35,7359.448282559585,7.359448282559585
3471,臺中市大肚區,永順里,大肚區永順里文昌路2段643號,120.5331,24.1588,永順社區活動中心,永順.成功.永和、磺溪,180,"水災,震災,土石流,海嘯",施清助,04-26993577,是,否,是,True,線西,62,7168.336520069493,7.168336520069493
3472,臺中市大肚區,頂街里,大肚區頂街里沙田路3段244巷9號,120.5446,24.1589,頂街社區活動中心,大東、頂街、山陽,180,"水災,土石流,海嘯",陳武徹,04-26993047,是,否,是,True,西屯,35,7357.721998763372,7.357721998763371
3474,臺中市北區,淡溝里,北區淡溝里西屯路一段299號一樓,120.6662,24.1591,臺中市北區乾溝子活動中心,淡溝、中達、文莊、育德,150,"水災,震災",賴茂雄,04-23191577,是,否,是,True,臺灣大道,45,964.4944901916389,0.9644944901916389
3475,臺中市大肚區,山陽里,大肚區山陽里榮華街630號,120.544865,24.159312,山陽國小防空避難室,大東、頂街、山陽,70,"水災,震災,土石流,海嘯",沈翠蓮,04-26983117,是,否,是,True,西屯,35,7328.683763843059,7.328683763843059
3476,南投縣仁愛鄉,發祥村,仁盛路42號,121.176707,24.159312,紅葉國小,紅香部落,300,"水災,土石流,海嘯",陳順興,2955075,是,否,否,True,埔里,71,29930.391404863167,29.930391404863165
3477,臺中市新社區,福興里,新社區福興里美林38號,120.863914,24.159481,臺中市新社區大林國小,福興里3-19鄰里長手機0955-745988,90,"水災,震災,土石流",黃任駒,04-25941995,是,否,是,True,豐原,43,16391.50296942338,16.39150296942338
3478,臺中市北區,邱厝里,北區邱厝里崇德路一段107號,120.6848,24.1599,省三國小育德館及操場,金龍、邱厝、五常,450,"水災,震災",王海捷,04-22318092,是,否,是,True,臺灣大道,45,2856.465861712605,2.8564658617126053
3479,彰化縣和美鎮,鐵山里,鎮東路190號,120.519,24.16,鐵山社區活動中心,鐵山,150,"水災,土石流,海嘯",楊漢卿,7560457,否,否,否,True,線西,62,5966.738520611697,5.966738520611697
3480,彰化縣伸港鄉,溪底村,溪底路103-2號,120.501452,24.160703,溪底社區活動中心,溪底村,40,"水災,土石流,海嘯",李彥宏,04-7982010154,否,否,是,True,線西,62,4601.576197104066,4.601576197104065
3481,臺中市西屯區,何明里,漢口路一段54之1號,120.657033,24.16176,漢口國中（操場）,何明、何厝,1650,震災,朱春蓉,04-23130511#731,否,是,否,True,臺灣大道,45,318.43273633199544,0.3184327363319954
3482,花蓮縣秀林鄉,崇德村,72號,121.6524,24.162,崇德國小收容所,崇德,100,"水災,震災,土石流,海嘯",陳月華,03-8621201,是,否,是,True,花蓮,36,21787.692739941976,21.787692739941978
3483,臺中市西屯區,何安里,四川路120號3樓,120.653758,24.162332,何安里活動中心,何安,405,"水災,震災",何唐文鈴,423124675,是,否,否,True,臺灣大道,45,484.27740251108395,0.484277402511084
3484,彰化縣伸港鄉,大同村,彰新路7段724號,120.4845,24.1625,大同國民國小,海尾村、全興村、什股村、大同村等,500,"水災,震災,土石流,海嘯",李林涵芸 總務,04-7982307-703,是,是,否,True,線西,62,3757.5731652845443,3.757573165284544
3485,臺中市大肚區,瑞井里,大肚區瑞井里瑞井路62巷14之1號,120.572365,24.16335,瑞井社區活動中心,瑞井、蔗?、自強,80,"水災,震災,土石流,海嘯",黃玉華,04-26914635,是,否,是,True,西屯,35,4528.967729361063,4.528967729361063
3486,臺中市新社區,福興里,新社區福興里福民16之7號,120.880962,24.163651,臺中市新社區福民國小,福興里1、2鄰里長手機0955-745988,90,"水災,震災,土石流",張曉惠,04-25941147,是,否,否,True,豐原,43,17453.271284744962,17.45327128474496
3488,臺中市西屯區,惠來里,文中路168號,120.6497,24.16493,惠來國小（三期活動中心、操場）,惠來,505,"水災,震災",李楠崇,04-23176353#731,是,是,否,True,臺灣大道,45,976.5048342229107,0.9765048342229108
3489,彰化縣伸港鄉,海尾村,海尾路3-2號,120.485127,24.165165,海尾社區活動中心,海尾村,40,"水災,土石流,海嘯",李彥宏,04-7982010154,否,否,是,True,線西,62,4052.8947311859756,4.052894731185976
3491,臺中市北區,明德里,北區明德里太原四街23號二樓,120.6694,24.1657,臺中市北區明德活動中心,明德、健行,30,"水災,震災",林麗芬,04-22951419,是,否,是,True,臺灣大道,45,1493.211447469823,1.493211447469823
3492,臺中市北區,賴厝里,北區賴厝里永興街301號,120.6822,24.166,臺中市北區行政大樓,賴厝、頂厝、崇德、賴福、賴村、建興,400,"水災,震災",蘇雪吟,04-22314031轉156,是,否,是,True,臺灣大道,45,2706.7853852743883,2.7067853852743884
3493,臺中市北屯區,水景里,北屯區水景里景賢六路200號,120.7122,24.1666,臺中市立東山高級中學禮堂、操場,三和、北興、水景,770,"震災,土石流",張宇嘉,04-24360166,是,否,是,True,臺灣大道,45,5702.6027378332465,5.702602737833247
3494,彰化縣伸港鄉,定興村,定興路63-2號,120.496962,24.166813,定興社區活動中心,定興村,40,"水災,土石流,海嘯",李彥宏,04-7982010154,否,否,是,True,線西,62,4815.345663372277,4.815345663372277
3495,臺中市北屯區,三光里,三光一街77號,120.698404,24.167354,臺中市立三光國民中學（禮堂、操場）,三光里、北興里、北京里,2235,"水災,震災,土石流",呂志成,04-22313699#730,否,是,否,True,臺灣大道,45,4338.821124419808,4.338821124419808
3496,臺中市北屯區,平昌里,40652 臺中市北屯區昌平路一段91號,120.693207,24.168188,文昌國民小學（活動中心-弘文堂、操場）,北屯里、三光里、平田里、平安里、平昌里,1422,"水災,震災,土石流",陳育軒主任,04-22361953#730,是,是,否,True,臺灣大道,45,3848.5136312499185,3.8485136312499186
3497,臺中市西屯區,何德里,寧夏路179號,120.660187,24.168445,中山國中（操場）,何德,1375,震災,黃富翔,04-23132003#730,否,是,否,True,臺灣大道,45,1114.5638981290979,1.114563898129098
3498,臺中市北屯區,民政里,北坑巷60號,120.759755,24.168462,逢甲國民小學（操場、校舍頂樓）,東山里、廓子里、民政里,483,"水災,土石流",賴榮斌,04-22390047,是,否,否,True,豐原,43,9960.360794937693,9.960360794937692
3499,臺中市北區,長青里,北區長青里陝西路66之2號三樓,120.6685,24.1691,臺中市北區長青里活動中心,立人、長青、明新,200,"水災,震災",林裕賜,04-22918691,是,否,是,True,臺灣大道,45,1646.5518826358164,1.6465518826358163
3500,臺中市西屯區,何仁里,櫻花路18號,120.653078,24.169105,長安國小（操場跑道）,何仁、大河,242,震災,林隆昌,04-23157600#731,否,是,否,True,臺灣大道,45,1188.9814688759668,1.1889814688759668
3501,臺中市西屯區,何福里,河南路125號3樓,120.662291,24.169681,何福、何德里聯合活動中心,何福,380,"水災,震災",何淑玲,423120685,是,否,否,True,臺灣大道,45,1321.793131079144,1.321793131079144
3502,臺中市西屯區,協和里,安和路99號,120.620071,24.169862,協和國小（學生活動中心、操場）,協和,1732,"水災,震災",任純誼,04-23588022#731,是,是,否,True,西屯,35,907.3925071030101,0.9073925071030101
3503,臺中市北屯區,平昌里,40654 臺中市北屯區文心路四段956號,120.695314,24.170777,四維國民小學（活動中心）,平田里、平心里、東光里、三光里、平昌里,304,"水災,震災,土石流",史育明組長,04-22302319#730,是,否,否,True,臺灣大道,45,4137.231412315753,4.137231412315753
3504,臺中市西屯區,何源里,漢成街152號,120.665542,24.170797,何源里活動中心,何源,150,"水災,震災",彭琴安,423157705,是,否,否,True,臺灣大道,45,1594.144456184567,1.594144456184567
3505,臺中市北區,賴興里,北區賴興里山西路二段125號三、四樓,120.6757,24.1718,臺中市北區賴興活動中心,賴旺、賴興、賴明、梅川,400,"水災,震災",盧冬松,04-22956505,是,否,否,True,臺灣大道,45,2400.8685287722287,2.4008685287722287
3506,臺中市西屯區,至善里,上安路156號,120.639105,24.172074,上安國小（活動中心、操場）,上安,889,"水災,震災",張琇喬,04-24527322#733,是,是,否,True,忠明,40,2237.004251372373,2.237004251372373
3507,臺中市北屯區,東光里,東光路926號,120.701827,24.17211,東光國民小學（活動中心、操場）,平心里、平田里、三光里、三和里、東光里,1631,"水災,震災,土石流",吳文賢,04-24377215#730,是,是,否,True,臺灣大道,45,4812.125613872138,4.812125613872138
3509,南投縣仁愛鄉,力行村,3鄰62號,121.196369,24.172426,力行活動中心,力行村望洋部落,100,"水災,土石流,海嘯",廖英機,2955666,是,否,否,True,埔里,71,32373.835165369164,32.373835165369165
3511,臺中市北屯區,平和里,文心路四段575號,120.682577,24.17296,文心國民小學（禮堂、操場）,平德里、平陽里、平心里、平安里、平和里,950,"水災,震災,土石流",黃中興主任,04-22425906#731,是,是,否,True,臺灣大道,45,3054.9391494837105,3.0549391494837104
3512,臺中市北屯區,平陽里,崇德路二段227號,120.682577,24.17296,崇德國民中學（崇德館、操場）,平和里、平福里、平心里、松竹里、平陽里,1566,"水災,震災,土石流",徐國勝事務組長,04-22454081#781,是,是,否,True,臺灣大道,45,3054.9391494837105,3.0549391494837104
3513,臺中市西屯區,上石里,西屯路二段上石南六巷25號,120.643286,24.173681,上石國小（活動中心、操場）,上石、逢甲、上德,1885,"水災,震災",劉信志,04-27087412#730,是,是,否,True,臺灣大道,45,2130.898078978778,2.130898078978778
3514,臺中市北區,中達里,英才路172號,120.674392,24.173738,中達里育德里邱厝里聯合活動中心,中達里、育德里、邱厝里,100,"水災,震災,土石流",林清福,04-22021615,否,否,否,True,臺灣大道,45,2434.7999434127464,2.4347999434127465
3515,臺中市北屯區,平心里,旅順路二段78號三樓,120.6877,24.1741,平順里、平心里、平福里活動中心（3樓）,平安、平順、平和、平心、平福、平田,300,"水災,震災,土石流",盧德塗,04-22439138,是,否,否,True,臺灣大道,45,3570.5803630835226,3.5705803630835224
3516,臺中市西屯區,至善里,青海路二段308號,120.640194,24.174335,至善國中（至善館、操場）,至善,2179,"水災,震災",陳翊甄,04-27057587#733,是,是,否,True,臺灣大道,45,2395.622009305805,2.395622009305805
3517,臺中市北屯區,平和里,安順東五街13號,120.6826,24.1744,青少年活動中心,平福、平和、平陽、平福、平心、平德,206,"水災,震災,土石流",謝秋和,923155189,是,否,是,True,臺灣大道,45,3141.1745762124056,3.1411745762124057
3518,臺中市北屯區,?子里,?子路666號,120.7357,24.1745,中台科技大學羽球館,?子、民政、東山、和平、水景,150,土石流,林姿儀組長,04-22391647轉8310.8301,是,否,是,True,臺灣大道,45,8210.014233926864,8.210014233926865
3519,臺中市西屯區,大福里,長安路二段158號,120.666744,24.174643,大福社區活動中心,大福,165,"水災,震災",錢重,422910825,是,否,否,True,臺灣大道,45,2019.7232538153905,2.0197232538153904
3520,臺中市北屯區,軍功里,軍和街43號,120.715938,24.175695,建功國民小學（地下室停車場）,和平里、舊社里、水景里、軍功里,575,"水災,震災,土石流",葉一明,04-24367042731,是,否,否,True,臺灣大道,45,6298.996404356808,6.298996404356808
3521,臺中市北屯區,和平里,軍福十三路300號,120.715938,24.175695,軍功國民小學（禮堂、操場）,軍功里、水景里、廓子里、和平里,1698,"水災,震災,土石流",謝亞文事務組長,04-24370696#731,是,是,否,True,臺灣大道,45,6298.996404356808,6.298996404356808
3522,臺中市西屯區,福和里,中工三路199號2、3樓,120.618029,24.176043,福安地區各里聯合活動中心,福和、福中、福恩,290,"水災,震災",李鳳珍,423508889,是,否,是,True,西屯,35,1537.6245554761608,1.5376245554761607
3523,彰化縣伸港鄉,全興村,東全路11號,120.488453,24.176072,全興社區活動中心,全興村,60,"水災,震災,土石流,海嘯",李彥宏,04-7982010154,否,否,是,True,線西,62,5297.627081580946,5.297627081580946
3524,臺中市西屯區,鵬程里,逢大路65號,120.648648,24.176403,鵬程里活動中心,鵬程、逢福,95,"水災,震災",陳文聿,424523792,是,否,是,True,臺灣大道,45,2104.5079852217045,2.1045079852217046
3525,臺中市大肚區,蔗?里,大肚區蔗篰里太平路1號,120.574604,24.17668,瑞峰國小防空避難室,瑞井、蔗?、自強,100,"水災,震災,土石流,海嘯",張文綺,04-26911291,是,否,是,True,西屯,35,4588.8941215644945,4.588894121564494
3526,臺中市北屯區,水湳里,北屯區水湳里瀋陽北路21號,120.6724,24.1769,瀋陽公園管理室（活動中心1、2樓）,仁愛、平和、平陽、水湳,620,"水災,震災,土石流",陳昭中,04-22921989,是,是,是,True,臺灣大道,45,2552.541528836349,2.5525415288363487
3527,臺中市西屯區,大鵬里,中平路268號,120.6653,24.17748,大鵬國小（綜合球場）,大鵬、大石,500,震災,謝寒琪,04-22914655#731,否,是,否,True,臺灣大道,45,2235.175258946257,2.2351752589462572
3528,臺中市北屯區,舊社里,40654 臺中市北屯區北屯路435號,120.699648,24.177756,僑孝國民小學（活動中心）,松勇里、松茂里、平興里、東光里、舊社里,496,"震災,土石流",胡志道,04-22447049#731,是,否,否,True,臺灣大道,45,4836.87243097442,4.83687243097442
3529,臺中市北屯區,軍功里,26鄰軍和街123號,120.717838,24.177863,軍功里活動中心,軍功里、和平里、水景里,117,"水災,震災,土石流",張協,04-24363587,是,否,是,True,臺灣大道,45,6556.56716658417,6.55656716658417
3530,臺中市龍井區,新庄里,新庄里中沙路2號,120.576947,24.178195,四箴國中操場、體育館,新庄里、新東里、東海里,250,"水災,震災,海嘯",趙羽鵬,04-26314606,是,是,否,True,西屯,35,4430.99388211505,4.43099388211505
3531,臺中市北屯區,舊社里,柳陽東街180號,120.695925,24.178882,北新國民中學（活動中心）,松勇里 、松茂里、松安里、平興里、東光里、舊社里,967,"震災,土石流",王建立,04-22449374,是,否,否,True,臺灣大道,45,4557.833354241765,4.557833354241765
3532,臺中市龍井區,竹坑里,竹師路一段164巷2號,120.546391,24.18031,竹坑里活動中心,竹坑里,30,"水災,海嘯",許麗珠,04-26354289,是,否,是,True,沙鹿,37,5510.946847598776,5.510946847598776
3533,臺中市龍井區,新庄里,中沙路新庄仔巷2號,120.576147,24.180456,龍峰國小操場,南寮里,100,"水災,震災,海嘯",潘昭蓉,04-26314707,否,是,否,True,西屯,35,4609.810089586433,4.609810089586433
3534,臺中市北屯區,仁愛里,四平路71號,120.671897,24.180481,仁愛國民小學（禮堂三樓、操場）,大德里、仁和里、水湳里、仁愛里,1304,"水災,震災,土石流",劉邦治事務組長,04-22923861#731,是,是,否,True,臺灣大道,45,2844.927713029813,2.8449277130298127
3535,臺中市北屯區,北京里,進化北路2號,120.671897,24.180481,北屯國民小學（禮堂、操場）,平昌里、北屯里、三光里、北興里、北京里,2250,"水災,震災,土石流",吳東洋,04-22332110#734,是,是,否,True,臺灣大道,45,2844.927713029813,2.8449277130298127
3536,臺中市北屯區,大德里,雷中街2-23號,120.669137,24.180564,大德國民中學（操場）,陳平里、忠平里、仁愛里、仁和里、大德里,825,"水災,震災,土石流",陳惠津,04-22916984,否,否,否,True,臺灣大道,45,2711.2415104954403,2.7112415104954404
3537,南投縣仁愛鄉,,,121.199899,24.180665,翠華村華崗活動中心,翠華村,100,"水災,土石流,海嘯",高政光,0919-680370,是,否,否,True,埔里,71,33268.83536660365,33.268835366603646
3539,臺中市北屯區,舊社里,北屯區松勇里松竹路2段59巷5號,120.7007,24.1815,舊社公園活動中心（1、2樓、室外）,舊社、平興、松安、松茂、松勇,1580,"水災,震災,土石流",蘇振輝,04-22452926,是,是,是,True,臺灣大道,45,5122.76171420511,5.122761714205111
3540,臺中市西屯區,西安里,光明路160號,120.639943,24.181647,西安、西墩、至善里聯合活動中心,西安、西墩、西平,180,"水災,震災",張長瑞,427029768,是,否,否,True,臺灣大道,45,3041.3105449973636,3.041310544997364
3541,臺中市北屯區,仁和里,北屯區仁和里崇德路三段10號,120.6867,24.1827,北屯區公所六樓禮堂,仁和、仁美、松強、松和、松竹,350,"水災,震災,土石流",簡妙鈴,04-24606021,是,否,是,True,臺灣大道,45,4028.9935438132625,4.028993543813263
3542,臺中市東勢區,慶福里,東關路4段1068號,120.840965,24.182864,臺中市東勢區慶福社區活動中心,慶福里,100,"水災,土石流",林金泉,25854978,是,否,否,True,豐原,43,12937.519789080867,12.937519789080866
3543,臺中市龍井區,龍西里,龍門路51號,120.529836,24.183711,龍井國小操場、龍騰館,龍東里龍西里,150,"水災,震災,海嘯",黃慶勇,04-26397131,是,是,是,True,沙鹿,37,6100.299275474023,6.100299275474023
3544,臺中市西屯區,福安里,西屯路三段133號,120.625082,24.184845,永安國小（永安館、操場）,福安、福雅、永安,1954,"水災,震災",王原政,04-24624470#731,是,是,否,True,西屯,35,2641.9415472834817,2.6419415472834817
3545,臺中市北屯區,忠平里,陳平路58號,120.667549,24.185321,陳平國民小學（地下活動中心）,后庄里、陳平里、大德里、仁和里、忠平里,443,"水災,震災,土石流",梁方琦組長,04-22973558#731,是,否,否,True,臺灣大道,45,3126.5104979572325,3.1265104979572325
3546,臺中市西屯區,福聯里,國際街75號,120.5896,24.18602,東海國小（操場、籃球場）,福聯,432,震災,蔡幸芬,04-23509797#170,否,是,否,True,西屯,35,3829.519031355935,3.829519031355935
3547,臺中市北屯區,后庄里,庄內巷11-1號,120.66498,24.18809,后庄社區活動中心,忠平、后庄、陳平、同榮、新平,80,"水災,震災,土石流",陳榮欽,04-24252398,是,否,否,True,臺灣大道,45,3340.221148531051,3.3402211485310507
3549,臺中市西屯區,福林里,福林路333號,120.6138,24.1892,福科國中（操場、籃球場）,福林、福聯,1542,震災,朱鴻毅,04-24618112#732,否,是,否,True,西屯,35,3007.3525782228294,3.007352578222829
3550,臺中市龍井區,龍崗里,福恩街58號,120.548065,24.189607,龍崗社區活動中心,龍崗里,30,"水災,海嘯",林朝清,04-26350514,是,否,是,True,沙鹿,37,4511.024709267652,4.511024709267652
3551,臺中市北屯區,松和里,昌平路二段12號,120.686684,24.190797,松竹國民小學（勁竹及松青樓地下室）,松強里、松和里、松竹里、平福里,643,"水災,震災,土石流",林千惠,04-22447043731,否,否,否,True,臺灣大道,45,4664.111079502418,4.664111079502418
3552,臺中市北屯區,仁美里,崇德路三段568號,120.686684,24.190797,仁美國民小學（地下室、活動中心、操場）,松強里、四民里、仁和里、仁美里,2421,"水災,震災,土石流",陳耀棋,04-24211136,是,是,否,True,臺灣大道,45,4664.111079502418,4.664111079502418
3553,臺中市東勢區,慶福里,東勢區慶福里慶福街75號,120.8438,24.191,臺中市東勢區慶福里社區活動中心戶外停車場,慶福里,50,"水災,震災,土石流",劉闊明,04-25852900,否,是,否,True,豐原,43,12618.616123494554,12.618616123494554
3554,臺中市龍井區,竹坑里,觀光路9號,120.544059,24.192285,龍井國中操場,田中里,100,"水災,海嘯",張松湖,04-26353344,否,是,否,True,沙鹿,37,4466.542132737166,4.466542132737166
3555,臺中市龍井區,龍泉里,沙田路四段247號,120.545584,24.19268,龍井區公所禮堂,龍泉里田中里,80,"水災,海嘯",洪章峰,04-26352411,是,否,否,True,沙鹿,37,4344.462252166283,4.3444622521662835
3556,臺中市新社區,協成里,興義街219號,120.813491,24.192772,協成國小（教學及行政大樓）,協成里,100,"水災,震災,土石流",林玉燕,04-25813437#103,是,否,是,True,豐原,43,10126.519657890705,10.126519657890706
3557,臺中市北屯區,同榮里,后庄路699號,120.677436,24.193528,四張犁國民中學（活動中心、操場）,后庄里、仁和里、四民里、仁美里、同榮里,910,"水災,震災,土石流",廖惇斌,04-24210380,是,是,否,True,臺灣大道,45,4375.164311506398,4.375164311506398
3558,臺中市西屯區,永安里,國祥街1號,120.609081,24.193578,國安國小（新大樓活動中心、操場）,永安、林厝、福瑞,1509,"水災,震災",曾尚志,04-24621681#730,是,是,否,True,西屯,35,3565.529145437888,3.565529145437888
3559,臺中市北屯區,同榮里,新興路20號,120.662753,24.195039,新興國民小學（禮堂、操場）,新平里、后庄里、仁和里、同榮里,773,"水災,震災,土石流",高湘玉,04-24258514#730,是,是,否,True,臺灣大道,45,4049.24607975678,4.04924607975678
3560,臺中市北屯區,仁和里,后庄路910號,120.662753,24.195039,四張犁國民小學（操場）,同榮里、四民里、后庄里、忠平里、仁和里,1209,"水災,震災,土石流",林水源,04-24227046#730,否,是,否,True,臺灣大道,45,4049.24607975678,4.04924607975678
3561,臺中市龍井區,龍泉里,龍泉里龍新路162號,120.547464,24.195841,龍泉國小操場,龍泉里,100,"水災,海嘯",沈佳翰,04-26353340,否,是,否,True,沙鹿,37,3946.869291502909,3.9468692915029093
3562,臺中市北屯區,仁和里,16鄰豐樂一街78號,120.680523,24.196262,四民里仁和里仁美里同榮里聯合活動中心室內、室外,四民里、仁和里、仁美里、同榮里,1250,"水災,震災,土石流",林國田,04-24226353,是,是,否,True,臺灣大道,45,4793.268163187443,4.7932681631874425
3563,臺中市潭子區,頭家里,得福街185號,120.696224,24.197026,頭家國小-多功能教室,家福、家興,160,"水災,震災",吳光耀,04-25325532,是,是,否,True,臺灣大道,45,5826.372281425318,5.826372281425318
3564,臺中市西屯區,港尾里,環中路二段368號,120.648858,24.197845,泰安國小（育才堂、操場）,港尾、廣福,1944,"水災,震災",翁嘉興,04-27017045#730,是,是,否,True,臺灣大道,45,4386.394097493868,4.386394097493868
3565,臺中市潭子區,頭家里,精忠新城101號,120.699067,24.197913,頭家里/頭家東里活動中心,頭家里、頭家東里,120,"水災,震災",黃聖明,25343219,否,否,否,True,臺灣大道,45,6098.234430869775,6.098234430869775
3567,臺中市龍井區,麗水里,三港路1號,120.500933,24.198733,龍港國小操場,麗水里福田里,100,震災,朱萬益,04-26395586,否,是,否,True,沙鹿,37,7509.172341952613,7.509172341952613
3568,臺中市北屯區,大坑里,北屯區大坑里東山路二段112號,120.7607,24.1988,大坑國小1.2樓教室、操場,東山、大坑、民德,625,"水災,土石流",謝譯瑩,04-22390748,是,否,否,True,豐原,43,6704.566303028164,6.704566303028164
3569,臺中市龍井區,麗水里,水裡港巷16之2號,120.498444,24.200778,水裡港文化館,福田里,20,"水災,震災",石緗渝,04-26352411,是,否,是,True,沙鹿,37,7657.564454050116,7.657564454050116
3570,臺中市龍井區,龍津里,中央路1段165巷50號,120.521677,24.201067,龍津國小操場、綜合教學大樓,龍津里,150,"水災,震災,海嘯",楊惟程,04-26393394,是,是,否,True,沙鹿,37,5504.9832707848955,5.504983270784895
3571,臺中市潭子區,潭陽里,中山路二段237巷9號,120.703471,24.201197,潭陽社區活動中心,潭陽、甘蔗、福仁,200,"水災,震災",張瑞漢,04-25363891,是,是,否,True,臺灣大道,45,6671.922772228618,6.671922772228617
3572,臺中市龍井區,麗水里,龍港路349巷2號,120.5011,24.2022,麗水社區活動中心,麗水里,60,"水災,震災",歐玉美,04-26397057,是,否,是,True,沙鹿,37,7349.334811954028,7.349334811954028
3573,臺中市東勢區,慶東里,慶東街慶城2巷5號,120.8422,24.2023,臺中市東勢區慶東社區活動中心,慶東,28,"水災,土石流",羅東全,04-25854331,是,否,是,True,豐原,43,11797.251749758783,11.797251749758784
3574,臺中市潭子區,福仁里,中山路二段31號,120.70371,24.202497,僑忠國小-體育館,頭家、家福,350,"水災,震災",梁玉燕,04-25324740,是,是,否,True,臺灣大道,45,6790.822506961328,6.790822506961328
3575,臺中市潭子區,聚興里,潭興路一段25號,120.725525,24.203989,新興國小-專科教室,聚興、新田,50,"水災,震災",蔡篤松,04-25364571,是,是,否,True,豐原,43,6119.33741095781,6.11933741095781
3576,臺中市龍井區,三德里,三港路130號,120.521049,24.204522,龍津國中操場,三德里,150,"水災,震災,海嘯",黃湘賓,04-26304536,否,是,否,True,沙鹿,37,5383.632957754022,5.383632957754022
3577,臺中市東勢區,慶東里,東關路五段490號,120.8397,24.2054,臺中市東勢區東華國中教室,慶東,1100,"水災,土石流",曹瓊華,04-25853219#402,是,是,是,True,豐原,43,11404.164161498633,11.404164161498633
3578,臺中市新社區,東興里,興社街一段國校巷13號,120.820101,24.206154,東興國小（一樓課照教室）,東興里,100,"水災,震災,土石流",周慶興,04-25811467,是,否,是,True,豐原,43,9684.05177771492,9.68405177771492
3579,臺中市東勢區,慶東里,東關路五段600號,120.839784,24.208311,臺中市東勢區成功國小,慶東里、下城里,1200,"水災,震災",張雪霞,0425852040-103,是,是,是,True,豐原,43,11253.466533528002,11.253466533528002
3580,臺中市潭子區,潭陽里,潭興路二段419巷1號,120.70836,24.210191,潭子國中-活動中心,潭陽、嘉仁、潭北,230,"水災,震災,土石流",周金柱,04-25376192-302,是,是,否,True,豐原,43,6237.866338186509,6.237866338186509
3584,臺中市大雅區,員林里,中清路三段92號,120.6499,24.2128,臺中市大雅區大明國小活動中心,員林,1191,"水災,震災,土石流",林佑珊,04-25651300 #832,是,是,否,True,臺灣大道,45,6009.481025716144,6.009481025716144
3585,臺中市潭子區,潭陽里,潭陽路19號,120.710128,24.213042,潭陽國小-業勤樓,潭陽、嘉仁,160,"水災,震災,土石流",陳?玉,04-25382255-806,是,是,否,True,豐原,43,5875.632120218728,5.875632120218728
3586,臺中市豐原區,三村里,豐原區三村里西勢路410號,120.5581,24.2131,合作國小,三村、中興、社皮,100,"水災,震災",林昌源,04-25323241#103,是,是,是,True,沙鹿,37,1762.1073014691904,1.7621073014691904
3587,臺中市潭子區,潭北里,潭子街三段公廳巷18號,120.7089,24.2141,潭北社區活動中心,潭北、潭秀,63,水災,林俊堂,25365074,是,否,是,True,豐原,43,5850.813379970801,5.850813379970801
3588,臺中市龍井區,山腳里,龍山街58號,120.549368,24.214287,山腳社區活動中心,山腳里,30,"水災,海嘯",謝健鏞,04-26355115,是,否,是,True,沙鹿,37,2338.9775300652927,2.338977530065293
3589,臺中市潭子區,東寶里,雅潭路三段2號,120.67952,24.214805,東寶國小-綜合教室,東寶、大富,110,"水災,震災",卓誌慶,04-25324564-732,是,是,否,True,臺灣大道,45,6610.989650636846,6.610989650636846
3590,臺中市龍井區,忠和里,海尾路45巷23號,120.524048,24.21486,忠和社區活動中心,忠和里,35,"水災,震災,海嘯",林聰海,04-26391692,是,否,是,True,沙鹿,37,4698.7330983566435,4.6987330983566435
3591,臺中市潭子區,新田里,豐興路二段412號,120.723225,24.214974,新田社區活動中心,新田、聚興,150,"水災,震災",林清炎,910435207,是,是,是,True,豐原,43,5049.997821076038,5.049997821076039
3592,臺中市潭子區,潭秀里,雅潭路一段39巷10號,120.703871,24.215286,潭秀社區活動中心,潭秀、甘蔗,100,"水災,震災",林來發,04-25325946,是,是,否,True,豐原,43,6062.170920484256,6.062170920484256
3593,臺中市潭子區,潭秀里,中山路二段435號,120.705361,24.215893,潭子國小-圖書室,潭秀、大豐,150,"水災,震災,土石流",胡凱文,04-25324610-243,是,是,否,True,豐原,43,5913.387929142268,5.913387929142268
3594,臺中市龍井區,忠和里,中央路3段206號,120.526677,24.215956,龍海國小操場,忠和里,100,"震災,海嘯",蔡連峰,04-26393334,否,是,否,True,沙鹿,37,4409.900714883562,4.409900714883562
3595,臺中市大雅區,四德里,雅環路一段2號,120.6496,24.2161,臺中市立大華國中地下室,四德,560,"水災,震災,土石流",余俊儀,04-25688251#118,是,是,是,True,臺灣大道,45,6376.050940849231,6.376050940849231
3596,臺中市大雅區,西寶里,雅潭路3段600號,120.668,24.2161,臺中市大雅區西寶社區活動中心,西寶,60,"水災,震災,土石流",林俊彥,04-25661148,是,否,是,True,臺灣大道,45,6437.965131227211,6.437965131227211
3597,臺中市潭子區,甘蔗里,雅潭路一段175號,120.699522,24.216172,潭秀國中-體育館,甘蔗、東寶、大豐,220,"水災,震災",汪海州,04-25343542-311,是,是,否,True,豐原,43,6286.1267536120395,6.28612675361204
3598,臺中市沙鹿區,六路里,沙鹿區六路里南陽路376號,120.571552,24.216935,臺中市北勢國小禮堂,埔子里,124,"水災,震災,土石流,海嘯",李佳蓉,04-26315032#751,是,否,否,True,沙鹿,37,1002.700493419905,1.002700493419905
3599,臺中市沙鹿區,南勢里,南勢里南陽路458號,120.567801,24.217386,南勢社區活動中心,南勢里,50,"水災,震災,土石流,海嘯",王淑梅,921761539,是,否,是,True,沙鹿,37,918.381082637327,0.9183810826373271
3600,臺中市豐原區,中陽里,豐原區中陽里南陽路440號,120.5677,24.2187,南陽國小,中陽、陽明、民生,300,"水災,震災",田文雄,04-25222521705,是,是,否,True,沙鹿,37,775.3006171548648,0.7753006171548648
3601,臺中市東勢區,上城里,上城街170巷16號,120.84,24.2188,臺中市東勢區上城社區活動中心,上城里,46,"水災,震災,土石流",張玉雲,04-25853520,是,是,是,True,豐原,43,10765.139848568811,10.765139848568811
3602,臺中市新社區,永源里,中和街一段8號,120.792343,24.218895,馬力埔社區活動中心,永源里,50,"水災,震災,土石流",徐理事長,926620597,是,否,否,True,豐原,43,6588.182580239828,6.588182580239828
3603,臺中市大雅區,文雅里,中山北路235號,120.6461,24.2195,臺中市大雅區文雅國小地下室,橫山、文雅,1700,"水災,震災,土石流",林鉦彪,04-25678823#713,是,是,否,True,臺灣大道,45,6797.5726975378275,6.797572697537827
3604,臺中市大雅區,三和里,春亭二街一號,120.6667,24.2199,臺中市大雅區三和國小體育館,三和、西寶,1464,"水災,震災,土石流",李雅真,04-25664494#604,是,是,是,True,臺灣大道,45,6831.634665906668,6.831634665906668
3605,臺中市東勢區,下城里,城興街136號,120.836657,24.219995,臺中市東勢區下城社區活動中心,下城里,50,"水災,震災,土石流",劉威宗,25852877,是,否,否,True,豐原,43,10400.913888489416,10.400913888489416
3606,臺中市大雅區,秀山里,秀山路365號,120.632,24.2213,臺中市大雅區陽明國小1樓教室,秀山、橫山,944,"水災,震災,土石流",蘇誌誠,04-25661554#114,是,是,否,True,沙鹿,37,6437.5278303181985,6.437527830318198
3607,臺中市東勢區,上城里,東關路367巷40號,120.8394,24.2213,臺中市東勢區新成國小禮堂,上城、下城、詒福,800,"水災,震災,土石流",黃美樺,04-25853447#14,是,是,否,True,豐原,43,10602.724462098124,10.602724462098124
3608,臺中市沙鹿區,六路里,六路里北勢東路267號,120.578484,24.221573,六路社區活動中心,六路里,126,"水災,震災,土石流,海嘯",紀金豐,04-26351092,是,否,是,True,沙鹿,37,1081.8131508115578,1.0818131508115578
3609,臺中市大雅區,二和里,學府路230號,120.6503,24.2222,臺中市大雅區大雅國小體育館,大雅、二和,950,"水災,震災,土石流",劉耿榮,04-25688981#1008,是,是,是,True,臺灣大道,45,7040.76682207456,7.04076682207456
3610,臺中市沙鹿區,晉江里,晉江里晉武路35巷33號,120.580577,24.222652,晉江社區活動中心,晉江里,86,"水災,震災,土石流,海嘯",楊朝奎,04-26529646,是,否,是,True,沙鹿,37,1241.3215532975412,1.2413215532975412
3611,臺中市大雅區,大雅里,學府路280號,120.6504,24.2241,臺中市立大雅國中體育館,大雅、二和,820,"水災,震災,土石流",林群為,04-25672171#520,是,是,是,True,臺灣大道,45,7249.413538323588,7.249413538323588
3612,臺中市沙鹿區,福興里,福興里鎮南路二段299巷36號,120.567398,24.224608,福興社區活動中心,福興里,95,"水災,震災,土石流,海嘯",顏麗華,04-26358301,是,否,否,True,沙鹿,37,181.28760834152524,0.18128760834152524
3613,臺中市沙鹿區,北勢里,北勢里東晉路東明巷75號,120.571125,24.224819,北勢社區活動中心,北勢里,76,"水災,震災,土石流,海嘯",陳田清,963491572,是,否,否,True,沙鹿,37,253.13809982712363,0.25313809982712365
3614,臺中市沙鹿區,北勢里,沙鹿區北勢里英才路150號,120.569209,24.225175,臺中市北勢國中禮堂,北勢里,259,"水災,震災,土石流,海嘯",江淑菁,04-26322236#730,是,否,是,True,沙鹿,37,65.52675154239475,0.06552675154239475
3615,臺中市沙鹿區,北勢里,英才路150號,120.569209,24.225175,北勢國民中學操場,北勢里,451,"水災,震災,土石流,海嘯",蓋允超,04-26322236731,否,是,否,True,沙鹿,37,65.52675154239475,0.06552675154239475
3617,臺中市沙鹿區,斗抵里,斗抵里斗潭路197號,120.554569,24.22585,斗抵社區活動中心,斗抵里,157,"水災,震災,土石流,海嘯",吳政玲,04-26355567,是,否,是,True,沙鹿,37,1444.9830722671993,1.4449830722671992
3618,臺中市豐原區,鎌村里,豐原區鎌村里鎌村路465巷58號2樓,120.7299,24.2262,鎌村里活動中心,鎌村,100,水災,林隆源 古漢卿,04-25367874,是,否,是,True,豐原,43,3643.822519676126,3.643822519676126
3619,臺中市新社區,大南里,興中街47號,120.804693,24.226742,大南國小（多功能教室）,大南里,150,"水災,震災,土石流",張惠萍,04-25811574分機41,是,否,否,True,豐原,43,7147.448499527853,7.147448499527853
3620,臺中市大雅區,上雅里,雅環路二段171巷19號,120.6509,24.2281,臺中市大雅區上雅社區活動中心,上雅,50,"水災,震災,土石流",李國隆,04-25676420,是,否,是,True,臺灣大道,45,7686.716849741431,7.6867168497414315
3623,臺中市大雅區,秀山里,平和一路18之1號,120.6334,24.229,臺中市大雅區秀山社區活動中心,秀山、橫山,40,"水災,震災,土石流",黃清鋼,04-25664666,是,否,否,True,沙鹿,37,6572.272811829186,6.572272811829186
3624,臺中市潭子區,栗林里,祥和路128號,120.712113,24.229634,栗林社區活動中心,栗林、嘉仁,100,"水災,震災",張吉安,04-25365471,是,是,是,True,豐原,43,4326.834502629584,4.326834502629584
3625,臺中市梧棲區,永寧里,中央路一段 160 號,120.53,24.23,永寧國小操場,永寧、永安,200,震災,李秋娟,04-26394234#731,否,是,否,True,沙鹿,37,3969.7283163586735,3.9697283163586734
3626,臺中市大雅區,秀山里,平和路227號,120.625985,24.230138,國立中科實驗高級中學,"秀山里,忠義里",267,震災,涂玉琴,04-25686850#1510,是,否,否,True,沙鹿,37,5829.968869151002,5.829968869151002
3629,臺中市大雅區,秀山里,平和路238號,120.6265,24.2314,臺中市大雅區汝鎏國小1~3樓教室,忠義、秀山,1924,"水災,震災,土石流",江玉青,04-25661454#705,是,是,是,True,沙鹿,37,5895.568777305818,5.895568777305818
3630,臺中市新社區,復盛里,興社街二段26號,120.80745,24.232095,新社區老人文康活動中心,復盛里,50,"水災,震災,土石流",徐課長,04-25811111,是,否,是,True,豐原,43,7146.757866118671,7.146757866118671
3631,臺中市豐原區,東陽里,豐原區東陽里東陽路306號,120.7476,24.2329,東陽里活動中心,東陽,50,水災,張德勳 蘇文河,04-25273283,是,否,是,True,豐原,43,2718.1363304009665,2.7181363304009665
3632,臺中市沙鹿區,興仁里,鎮南路二段500號,120.562858,24.23327,興安社區活動中心,興安里,37,"水災,震災,土石流,海嘯",曾四桐,04-26627806,是,否,否,True,沙鹿,37,1039.1400242587295,1.0391400242587294
3633,臺中市沙鹿區,興仁里,鎮南路二段500號,120.562858,24.23327,興仁社區活動中心,興仁里,38,"水災,震災,土石流,海嘯",陳世明,04-26621976,否,否,否,True,沙鹿,37,1039.1400242587295,1.0391400242587294
3634,臺中市大雅區,上楓里,雅楓街106號,120.667,24.2346,臺中市大雅區大楓社區活動中心,上楓、大楓,50,"水災,震災,土石流",張建欽,04-25653731,是,否,是,True,豐原,43,8060.539721925789,8.060539721925789
3635,臺中市大雅區,上楓里,雅楓街108號,120.6668,24.2347,臺中市大雅區上楓社區活動中心二,上楓、大楓,50,"水災,震災,土石流",劉木火,04-25663234,是,否,是,True,豐原,43,8076.470197579593,8.076470197579594
3637,臺中市沙鹿區,美仁里,中正街1號,120.563351,24.235208,沙鹿國民中學操場,沙鹿里,363,"水災,震災,土石流,海嘯",廖建勛,04-26622163#735,否,是,否,True,沙鹿,37,1196.3876362619962,1.1963876362619963
3638,臺中市沙鹿區,美仁里,沙鹿區美仁里中正街1號,120.563351,24.235208,臺中市沙鹿國中禮堂,沙鹿里,553,"水災,震災,土石流",林宏泰,04-26622163#730,是,否,是,True,沙鹿,37,1196.3876362619962,1.1963876362619963
3639,臺中市大雅區,忠義里,仁愛路69號,120.622359,24.235343,臺中市原住民綜合服務中心,忠義里,72,震災,陳秀娟,04-22289111#50118,否,是,否,True,沙鹿,37,5545.534428128596,5.5455344281285965
3640,臺中市沙鹿區,美仁里,美仁里中正街3號,120.561571,24.235802,美仁社區活動中心,美仁里,44,"水災,震災,土石流,海嘯",莊志宗,04-26627678,是,否,否,True,沙鹿,37,1344.553974966492,1.3445539749664919
3641,臺中市沙鹿區,居仁里,居仁里新生街8號,120.561571,24.235802,居仁社區活動中心,居仁里,74,"水災,震災,土石流,海嘯",王昱翔,04-26652678,是,否,是,True,沙鹿,37,1344.553974966492,1.3445539749664919
3642,臺中市沙鹿區,美仁里,沙鹿區美仁里中正街3號,120.561571,24.235802,臺中市沙鹿國小禮堂,洛泉里,315,"水災,震災,土石流,海嘯",林怡君,04-26625014#111,是,否,是,True,沙鹿,37,1344.553974966492,1.3445539749664919
3643,臺中市大雅區,上楓里,楓林街232號,120.667,24.2361,臺中市大雅區上楓國小庠序樓地下室,上楓、大楓、雅楓,1216,"水災,震災,土石流",林?翰,04-25663664#723,是,否,是,True,豐原,43,8010.932210673759,8.01093221067376
3644,臺中市豐原區,豐田里,豐原區豐田里田心路2段290號,120.722,24.237,豐田國小,豐田、田心、鐮村,500,"水災,震災",陳鴻賓,04-25262891112,是,是,是,True,豐原,43,3041.189919580673,3.041189919580673
3646,臺中市東勢區,隆興里,東坑路西盛巷22號,120.8503,24.2379,臺中市東勢區石角國小教室,福隆、隆興,400,水災,李明昌,04-25873011#201,是,是,否,True,豐原,43,11146.778862483814,11.146778862483814
3647,臺中市大雅區,六寶里,光復路15-2號,120.6355,24.2381,臺中市大雅區六寶國小1~3樓教室,六寶,900,"水災,震災,土石流",梁勝雄,04-25694858#232,是,是,是,True,沙鹿,37,6914.0820281467695,6.91408202814677
3648,臺中市豐原區,豐田里,豐原區豐田里田心路二段272巷1號,120.7218,24.2381,豐田里活動中心舊,豐田、南陽,50,水災,劉瑞銓 于祖善,04-25273282,是,否,是,True,豐原,43,2968.0095924474535,2.9680095924474537
3649,臺中市沙鹿區,竹林里,臺灣大道七段821號,120.567875,24.238543,臺中市竹林國小禮堂,犁分里,73,"水災,震災,土石流,海嘯",賴文溥,04-26620175#751,是,否,是,True,沙鹿,37,1433.4186105044741,1.4334186105044742
3650,臺中市沙鹿區,竹林里,臺灣大道七段821號,120.567875,24.238543,竹林國民小學操場,犁分里,859,"水災,震災,土石流,海嘯",王建國,04-26620175#751,否,是,否,True,沙鹿,37,1433.4186105044741,1.4334186105044742
3651,臺中市神岡區,三角里,神岡區三角里三社路195號,120.6895,24.2386,三角社區活動中心,三角,45,"水災,震災",呂石柱,04-25627716,是,否,否,True,豐原,43,5757.057111121977,5.757057111121977
3652,臺中市豐原區,田心里,豐原區田心里豐南街151號,120.7169,24.2394,豐南國中,田心.豐田,1000,"水災,震災",古秋英,04-25280185130,是,是,是,True,豐原,43,3250.9932552065684,3.2509932552065686
3653,臺中市豐原區,豐田里,豐原區豐田里永康路346巷33號,120.7213,24.2402,豐田活動中心新,豐田,50,水災,劉瑞銓 于祖善,04-25273282,是,否,是,True,豐原,43,2847.076950206412,2.847076950206412
3654,臺中市新社區,崑山里,崑崙巷5-2號,120.787761,24.241082,崑山國小,崑山里,100,"水災,震災,土石流",紀淑芬,04-25812496,是,否,是,True,豐原,43,4920.1729131310085,4.920172913131008
3655,臺中市豐原區,南陽里,豐原區南陽里永康路181巷6號,120.7261,24.2412,南陽里活動中心,南陽,100,水災,楊國勝 洪耀欣,04-25290359,是,否,是,True,豐原,43,2417.1449317529095,2.4171449317529095
3656,臺中市沙鹿區,清泉里,清泉里東海路2-11號,120.61464,24.241539,清泉社區活動中心,清泉里,88,"水災,震災,土石流,海嘯",蔡國欣,04-26151920,是,否,是,True,沙鹿,37,4978.398549513184,4.978398549513184
3657,臺中市梧棲區,文化里,民生街12號,120.5492,24.2418,梧棲國中活動中心,文化,300,"水災,震災,土石流",王淑婷,04-26562850,是,是,否,True,沙鹿,37,2677.3077364307933,2.677307736430793
3659,臺中市梧棲區,草湳里,梧棲區草湳里梧南路 50 號,120.5238,24.2421,梧南國小3樓視聽教室,草湳,100,,林育婕,04-26567968#730,否,否,否,True,沙鹿,37,4920.2804177514745,4.920280417751474
3660,臺中市東勢區,新盛里,東關路六段1328號,120.8338,24.2422,東勢高工學生活動中心,新盛、福隆,2200,"水災,震災,土石流",劉福鎔,04-25872136-502,是,是,是,True,豐原,43,9412.375352798737,9.412375352798737
3661,臺中市新社區,新社里,興社街四段一巷2號,120.808355,24.242245,新社國小（活動中心）,新社里、中正里,150,"水災,震災,土石流",蔡彤予,04-25811204#101,是,否,否,True,豐原,43,6881.566150821242,6.881566150821242
3662,臺中市豐原區,田心里,豐原區田心里市政路1號,120.7186,24.2424,田心里活動中心,田心,50,水災,謝春綢 李麗容,04-25293100,是,否,是,True,豐原,43,2918.141688136409,2.918141688136409
3663,臺中市梧棲區,草湳里,自強二街61號,120.5225,24.2429,草湳里活動中心,草湳,120,"水災,震災,土石流",林麒祿,04-26391870,是,否,否,True,沙鹿,37,5075.845344699202,5.075845344699202
3664,臺中市梧棲區,大村里,文昌路343號,120.5423,24.2431,大德國小風雨操場,興農,300,"水災,震災,土石流",李宗彥,04-26568928#241,否,是,否,True,沙鹿,37,3314.278087088597,3.314278087088597
3665,臺中市沙鹿區,鹿寮里,鹿寮里賢義街162號,120.566755,24.243106,鹿寮社區活動中心,鹿寮里,77,"水災,震災,土石流,海嘯",柯增璘,04-26688320,是,否,否,True,沙鹿,37,1946.788732511834,1.946788732511834
3666,臺中市沙鹿區,公明里,沙鹿區公明里忠貞路213號,120.609713,24.243158,臺中市公明國小禮堂,公明里,75,"水災,震災,土石流,海嘯",蔡宗佑,04-26150963#731,是,否,是,True,沙鹿,37,4586.838022624071,4.586838022624071
3667,臺中市沙鹿區,公明里,忠貞路213號,120.609713,24.243158,公明國民小學操場,公明里,1744,"水災,震災,土石流,海嘯",蔡宗佑,04-26150963#731,否,是,否,True,沙鹿,37,4586.838022624071,4.586838022624071
3668,臺中市東勢區,新盛里,新盛街342號,120.8307,24.2434,臺中市東勢區新盛國小教室,新盛,1200,"水災,震災,土石流",陳美娟,04-25876642#203,是,否,是,True,豐原,43,9079.5320369416,9.0795320369416
3670,臺中市沙鹿區,鹿寮里,沙鹿區鹿寮里光華路385號,120.56675,24.243804,臺中市鹿寮國中禮堂,竹林里,151,"震災,土石流,海嘯",林明群,04-26622207#61,是,否,是,True,沙鹿,37,2023.7246347059245,2.0237246347059243
3671,臺中市沙鹿區,鹿寮里,光華路385號,120.56675,24.243804,鹿寮國民中學操場,竹林里,826,"水災,震災,土石流",林明群,04-26622207#61,否,是,否,True,沙鹿,37,2023.7246347059245,2.0237246347059243
3672,臺中市梧棲區,大村里,梧棲區大村里文昌路350號,120.5435,24.2444,臺中港區綜合體育館,大庄、大村,400,"水災,震災,土石流",周玲朱,04-26578439,是,是,是,True,沙鹿,37,3304.7451358469057,3.3047451358469058
3673,臺中市梧棲區,大村里,梧棲區大村里文昌路400號,120.5422,24.2448,中港高中地下一樓會議教室,大村、興農,300,"水災,震災,土石流",廖威翔,04-26578270#520.521,是,是,是,True,沙鹿,37,3435.5823937611644,3.4355823937611643
3674,臺中市沙鹿區,公明里,公明里中清路信義巷6-17號,120.607933,24.245645,公明社區活動中心,公明里,90,"水災,震災,土石流,海嘯",蔡水松,04-26151578,是,否,是,True,沙鹿,37,4551.306536519502,4.551306536519502
3675,臺中市神岡區,社南里,社南街136號,120.6847,24.2457,社口國小樂群樓,社口、社南、三角,955,"水災,震災",莊勝雄,04-25626834#730,是,否,是,True,豐原,43,6003.528128736159,6.003528128736159
3677,臺中市梧棲區,大庄里,梧棲區大庄里文華街168巷1號,120.5426,24.2463,大庄社區活動中心,大庄,100,"水災,震災,土石流",陳景全,04-26567430,是,是,是,True,沙鹿,37,3509.7674198932746,3.5097674198932745
3678,臺中市沙鹿區,公明里,中清路6段567號,120.607534,24.246551,公明國民中學教室,西勢里,110,"水災,震災,土石流,海嘯",吳梁傑,04-26154262#235,是,否,否,True,沙鹿,37,4566.044673765969,4.566044673765969
3679,臺中市沙鹿區,公明里,中清路6段567號,120.607534,24.246551,臺中市公明國中禮堂,西勢里,111,"水災,震災,土石流,海嘯",郭文剛,04-26154262#231,否,是,否,True,沙鹿,37,4566.044673765969,4.566044673765969
3680,臺中市沙鹿區,公明里,中清路6段567號,120.607534,24.246551,臺中市公明國中操場,西勢里,588,"水災,震災,土石流,海嘯",吳梁傑,04-26154262#235,否,是,否,True,沙鹿,37,4566.044673765969,4.566044673765969
3681,臺中市豐原區,北陽里,豐原區北陽里豐東路118巷18號,120.7304,24.2473,北陽里活動中心,北陽,50,水災,林清水 陳寶村,04-25273278,是,否,是,True,豐原,43,1633.747977255874,1.633747977255874
3682,臺中市豐原區,北陽里,豐原區北陽里豐東路七十五號,120.729,24.2474,豐東國中,北陽.中陽,700,"水災,震災",張鴻銘 王欣茂,04-25221743230,是,是,是,True,豐原,43,1736.5797192096916,1.7365797192096917
3683,臺中市豐原區,北陽里,豐原區北陽里南陽路綠山巷83號,120.7234,24.2481,福陽國小,北陽、南陽,100,"水災,震災",紀碧昭,04-25291101630,是,是,是,True,豐原,43,2177.627600296288,2.177627600296288
3684,臺中市豐原區,西安里,豐原區西安里西安街七十二號,120.7117,24.2493,瑞穗國小,西安.西勢,1000,"水災,震災",張靜斐,04-25262064,是,是,是,True,豐原,43,3243.979465054341,3.2439794650543408
3686,臺中市豐原區,西安里,豐原區西安里西安街72-2號,120.7134,24.2497,西安里活動中心,西安,100,水災,羅榮茂 古漢卿,04-25273279,是,否,是,True,豐原,43,3065.778967172347,3.065778967172347
3687,臺中市神岡區,岸裡里,神岡區岸裡里中山路 52 號,120.6975,24.2498,岸裡國小學生活動中心,大社、岸裡,188,"水災,震災",張琦光,04-25222215#830,是,否,是,True,豐原,43,4640.828894311552,4.640828894311552
3688,臺中市東勢區,泰昌里,東崎路5段415號,120.8324,24.2503,臺中市立東勢國中教室,中嵙、泰昌,800,"水災,震災,土石流",邱健偉,04-25873843228,是,是,是,True,豐原,43,9156.248094371682,9.156248094371682
3689,臺中市梧棲區,福德里,梧棲區福德里中央路二段15號,120.5387,24.2504,中正國小活動中心,南簡、福德,250,"水災,震災,海嘯",張凱棠,04-26560844#412,是,是,否,True,沙鹿,37,4107.042834599157,4.107042834599157
3691,臺中市豐原區,南嵩里,豐原區南嵩里水源路9巷133號,120.7426,24.2519,南嵩里活動中心,南嵩,50,水災,張金源 林金穗,04-25130778,是,否,是,True,豐原,43,564.58863781542,0.56458863781542
3692,臺中市豐原區,中陽里,豐原區中陽里惠陽街116號,120.725,24.2521,中陽里活動中心,中陽,100,水災,黃英瑜 梁隆盛,04-25273284,是,否,是,True,豐原,43,1860.252158741923,1.860252158741923
3693,臺中市豐原區,豐西里,豐原區豐西里中山路455號,120.7133,24.2524,富春國小,豐西、富春、葫蘆、下街,1000,"水災,震災",蘇稚強,04-25222542731,是,是,是,True,豐原,43,3010.8220470842075,3.0108220470842073
3694,臺中市梧棲區,大村里,梧棲區大村里文明街100號,120.5328,24.2525,中港國小視聽教室,大村,100,"水災,震災,土石流",陳東源,04-26655929#273,是,是,是,True,沙鹿,37,4713.746218587221,4.713746218587221
3695,臺中市東勢區,泰昌里,中泰街88號,120.8351,24.253,臺中市立中山國小教室,泰昌　,500,"水災,震災,土石流",譚至?,04-25872471-12,是,是,是,True,豐原,43,9410.636962398876,9.410636962398875
3696,臺中市豐原區,豐圳里,成功路520號,120.7085,24.2537,豐圳里活動中心新,豐圳.社皮.圳寮.豐西,100,水災,鄭文鑫 許世杰,04-25206740,是,否,是,True,豐原,43,3474.0856591792876,3.4740856591792877
3698,臺中市神岡區,庄前里,神岡區庄前里神林路35號,120.6605,24.2545,庄前里活動中心,庄前,41,"水災,震災",張鎮正,04-25622888,是,否,否,True,豐原,43,8333.3781967657,8.3333781967657
3699,臺中市東勢區,延平里,本街40號,120.8285,24.255,臺中市東勢區延平社區活動中心,延平,50,"水災,震災,土石流",吳文龍,04-25886293,是,否,是,True,豐原,43,8732.784577680488,8.732784577680487
3700,臺中市豐原區,豐榮里,豐原區豐榮里新生北路155號,120.7202,24.2551,五里聯合活動中心,豐原.豐榮.頂街.下街.中山,200,水災,洪獻堂等5位里長 邱太逸,04-25204086,是,否,否,True,豐原,43,2276.516719401481,2.276516719401481
3701,臺中市梧棲區,中正里,中和街66號,120.5317,24.2552,梧棲區公所四樓禮堂,中和里,80,"水災,震災,土石流",劉照銘,04-26564311,是,否,是,True,沙鹿,37,4991.758858476044,4.991758858476044
3702,臺中市豐原區,南村里,豐原區南村里水源路三四一號,120.7367,24.2553,豐村國小,南村.南田,300,"水災,震災",張澤雄,04-25222468704,是,是,是,True,豐原,43,620.5410321695007,0.6205410321695006
3703,臺中市豐原區,豐榮里,豐原區豐榮里新生北路一五五號,120.7211,24.2554,豐原國小,豐榮.豐原.翁明,330,"水災,震災",張芳玫,04-25222066714,是,是,是,True,豐原,43,2182.5903927015993,2.1825903927015995
3704,臺中市沙鹿區,鹿峰里,沙鹿區鹿峰里星河路209號,120.570016,24.255608,臺中市鹿峰國小禮堂,鹿峰里,363,"震災,土石流,海嘯",李俊毅,04-26224210#621,是,否,是,True,沙鹿,37,3322.700596259523,3.3227005962595233
3705,臺中市沙鹿區,鹿峰里,星河路209號,120.570016,24.255608,鹿峰國民小學操場,鹿峰里,810,"水災,震災,土石流,海嘯",李俊毅,04-26224210#621,否,是,否,True,沙鹿,37,3322.700596259523,3.3227005962595233
3707,臺中市豐原區,南村里,豐原區南村里圓環東路918號,120.7299,24.2566,南村里活動中心,南村,100,水災,謝見忠 陳湧銘,04-25132523,是,否,否,True,豐原,43,1282.6050321991477,1.2826050321991476
3709,臺中市石岡區,龍興里,石岡區龍興里萬仙街3號,120.7898,24.257,龍興活動中心,龍興,60,水災,黃清標,04-25815460,是,否,否,True,豐原,43,4800.354916375247,4.800354916375247
3710,臺中市神岡區,北庄里,神岡區北庄里中山路1244號,120.6683,24.2574,北庄社區活動中心,北庄、庄後,48,"水災,震災",林照豐,04-25621236,是,否,否,True,豐原,43,7536.813963234718,7.536813963234718
3711,臺中市豐原區,翁明里,豐原區翁明里東仁街125號,120.7259,24.2576,翁明里活動中心,翁明,100,,高銘傳 萬俊茂,04-25220938,是,否,是,True,豐原,43,1689.321208272609,1.689321208272609
3713,臺中市豐原區,圳寮里,豐原區圳寮里圓環北路一段125號,120.7186,24.2577,圳寮里活動中心,圳寮.北湳.大湳,100,水災,陳坤湖 許世杰,04-25245853,是,否,是,True,豐原,43,2430.4841447965587,2.4304841447965586
3715,臺中市梧棲區,中正里,梧棲區中正里臨港路三段246號,120.5289,24.258,梧棲綜合活動中心,中正、下寮,250,"水災,震災,土石流",林祝女,04-26562339,是,是,是,True,沙鹿,37,5409.9926000866135,5.409992600086613
3716,臺中市東勢區,中嵙里,東崎路4段92巷16號,120.851671,24.258108,臺中市東勢區中科國小,中嵙里,700,"水災,震災,土石流",顏福南,0425872534-304,是,是,是,True,豐原,43,11083.30571778856,11.08330571778856
3717,臺中市豐原區,大湳里,豐原區大湳里圓環北路1段151號,120.7193,24.2582,大湳里活動中心,大湳,50,水災,張鳳茹 黃祈涵,04-25246993,是,否,是,True,豐原,43,2361.914658145555,2.361914658145555
3718,臺中市東勢區,廣興里,第五橫街1號,120.8296,24.2586,臺中市東勢區東勢國小禮堂,廣興、北興,2100,"水災,震災,土石流",張玲娟,04-25873442分機205,是,是,是,True,豐原,43,8843.333261483775,8.843333261483775
3720,臺中市神岡區,神岡里,神岡區神岡村神圳路 1 號,120.6611,24.2589,神岡國小中正體育館,神岡、山皮,163,"水災,震災",莊燕山,04-25622406#730,是,否,否,True,豐原,43,8270.40528705841,8.27040528705841
3721,臺中市豐原區,南田里,豐原區南田里水源路192巷80號旁,120.7419,24.2591,南田里活動中心,南田,50,水災,劉南村 林金穗,04-25221845,是,否,是,True,豐原,43,241.3459723765516,0.2413459723765516
3722,臺中市石岡區,和盛里,石岡區和盛里和盛街9號2樓,120.8154,24.2591,石岡托兒所和盛分所,和盛,60,"水災,震災",何賴財桂,04-25815868,是,否,否,True,豐原,43,7403.356921484682,7.403356921484682
3723,臺中市豐原區,三村里,豐原區三村里豐原大道一段609號,120.7093,24.2598,三村里活動中心,三村,50,水災,許全木 羅淑芬,04-25347069,是,否,是,True,豐原,43,3387.775994943668,3.3877759949436683
3724,臺中市東勢區,東新里,東蘭路1之1號,120.8274,24.2604,東新國小教室,東新、下新、粵寧,300,"水災,震災,土石流",吳錦章,04-25881083,是,是,是,True,豐原,43,8626.342451244724,8.626342451244724
3725,臺中市沙鹿區,西勢里,中航路2段1號,120.59561,24.260474,公館國民小學操場,西勢里,470,"水災,震災,土石流,海嘯",胡乾鋒,04-26154353219,否,是,否,True,沙鹿,37,4723.359180940753,4.7233591809407525
3726,臺中市梧棲區,頂寮里,頂寮里八德東路100號,120.5326,24.2605,頂寮社區活動中心,頂寮,150,"水災,震災,土石流",鐘金水,04-26569450,是,是,是,True,沙鹿,37,5331.646467888349,5.3316464678883495
3727,臺中市豐原區,北湳里,豐原區北湳里三環路72號,120.7216,24.2608,北湳里活動中心,北湳,50,水災,黃文亮 黃祈涵,04-25255502,是,否,是,True,豐原,43,2165.93458556839,2.1659345855683902
3728,臺中市豐原區,西湳里,豐原區西湳里葫蘆墩一街250號,120.7143,24.2611,葫蘆墩國小,豐圳、豐西、圳寮、東湳、西湳,500,"水災,震災",涂文欽,04-25205136732,是,是,否,True,豐原,43,2901.616591813731,2.9016165918137307
3729,臺中市豐原區,南田里,豐原區南田里朝陽路33號,120.745,24.262,豐陽國中,翁社、翁子,200,"水災,震災",徐慈徽,04-25203470551,是,是,是,True,豐原,43,608.4220357471345,0.6084220357471345
3730,臺中市神岡區,豐洲里,神岡區豐洲里豐洲路482號,120.704,24.2623,豐洲國小教室,豐洲、神洲、溪洲,168,震災,王信仁,04-25223351#730,是,否,是,True,豐原,43,3955.4826182430265,3.9554826182430265
3731,臺中市石岡區,德興里,石岡區德興里豐勢路 134 號,120.8134,24.2627,社會福利館,德興,150,"水災,震災",劉紀雄,04-25822743,是,否,否,True,豐原,43,7224.177151513156,7.224177151513156
3732,臺中市豐原區,翁子里,豐原區翁子里豐勢路二段290巷12號,120.7425,24.2629,翁子里活動中心,翁子,100,水災,連佳振 萬俊茂,04-25132005,是,否,否,True,豐原,43,653.7384153380027,0.6537384153380027
3733,臺中市東勢區,東新里,東環街123號,120.8295,24.2634,東新國中教室,東新、下新、粵寧,1300,"水災,震災,土石流",林雨蓁,04-25872684#51,是,是,是,True,豐原,43,8859.65544322923,8.859655443229231
3734,臺中市清水區,?榔里,中央路23-12號,120.5451,24.2639,?榔國小禮堂,?榔,70,水災,林美枝,04-26562684#201,是,是,是,True,沙鹿,37,4874.072833408586,4.8740728334085865
3735,臺中市石岡區,土牛里,石岡區土牛里德成巷1之2號,120.0892,24.2655,土牛活動中心,土牛,40,"水災,震災",黃三榮,04-25818635,是,否,是,True,線西,62,41339.43187908743,41.33943187908743
3736,臺中市清水區,南寧里,光華路125號,120.5732,24.2668,清水國小活動中心,文昌、中興、清水、南社、南寧,250,"水災,震災",張元吉,04-26222004#501,是,否,是,True,沙鹿,37,4581.833678756969,4.5818336787569685
3738,臺中市清水區,西社里,鰲峰路250號,120.563,24.2683,清水國中學生活動中心---培德樓,橋頭.南社.西社里,500,水災,陳?,26262042#201,是,否,是,True,沙鹿,37,4762.552450870011,4.762552450870011
3739,臺中市豐原區,西湳里,豐原區西湳里三豐路799巷133弄8號,120.7177,24.2685,西湳里活動中心,西湳,100,水災,蔣年? 王志明,04-25206773,是,否,是,True,豐原,43,2824.171074048965,2.824171074048965
3740,臺中市和平區,自由里,和平區自由里東崎路二段三叉巷8-31號,120.8913,24.2686,三叉坑社區活動中心,自由,130,"水災,震災",林美譽,917656122,是,否,否,True,豐原,43,15160.422104472036,15.160422104472037
3741,臺中市清水區,靈泉里,清水街2號,120.5783,24.269,清水區老人文康活動中心1樓,靈泉,50,水災,王嘉宏,04-26270151#269,是,否,否,True,沙鹿,37,4899.626367277152,4.899626367277152
3742,臺中市清水區,鰲峰里,大街路138-5號,120.5791,24.2693,鰲峰社區活動中心,鰲峰里.高美五里.海濱里.中社里.臨江里,40,水災,王嘉宏,04-26270151#274,是,否,否,True,沙鹿,37,4948.746280888956,4.9487462808889555
3743,臺中市清水區,吳厝里,吳厝路35號,120.6047,24.2696,吳厝國小地下室1 樓,吳厝,15,"水災,震災",蔡武芳,04-26200864#205,是,是,是,True,沙鹿,37,6083.745408951454,6.083745408951454
3744,臺中市豐原區,東湳里,豐原區東湳里三豐路742巷146弄14號,120.7265,24.2704,東湳里活動中心,東湳,100,水災,唐志勇 林清男,04-25250968,是,否,是,True,豐原,43,2202.381870532203,2.2023818705322027
3745,臺中市石岡區,金星里,石岡區金星里石岡街下坑巷153號,120.7735,24.2708,金星活動中心,金星,100,水災,張世松,04-25724116,是,否,否,True,豐原,43,3496.923742968583,3.4969237429685833
3746,臺中市清水區,西社里,建國路10號,120.5629,24.2712,建國國小教學行政大樓地下室,南社.中社里,200,"水災,海嘯",高玉蓉,04-26262334#730,是,否,是,True,沙鹿,37,5082.61771895485,5.082617718954849
3747,臺中市清水區,武鹿里,武權路336號,120.5729,24.2718,大秀國小--國小禮堂及朝陽樓地下室1樓,武鹿、秀水、臨江,170,"水災,海嘯",葉人維,04-26263754#216,是,否,是,True,沙鹿,37,5130.673837636022,5.130673837636022
3748,臺中市清水區,鰲峰里,光明路35號,120.5789,24.2722,清水紫雲巖文化大樓,鰲峰,300,水災,吳勝隆,04-26225500,是,否,否,True,沙鹿,37,5259.102603011362,5.259102603011362
3749,臺中市神岡區,圳堵里,神岡區圳堵里三民路639號,120.6587,24.2725,圳堵國小學生活動中心,圳前、圳堵、新庄,209,"水災,震災",紀碧珠,04-25623734#217,是,否,否,True,豐原,43,8682.419768880522,8.682419768880521
3750,臺中市石岡區,梅子里,石岡區梅子里梅子巷65之12號,120.7996,24.2733,梅子活動中心,梅子,60,水災,郭光勇,04-25817571,是,否,是,True,豐原,43,6069.829650546208,6.0698296505462075
3751,臺中市豐原區,朴子里,豐原區朴子里豐勢路二段535巷119號,120.7484,24.2736,朴子里活動中心,朴子,50,水災,邱德晁 林清男,04-25273274,是,否,是,True,豐原,43,1933.1406053405506,1.9331406053405507
3754,臺中市石岡區,萬興里,石岡區萬興里萬墩街105號,120.791,24.2753,萬興活動中心,萬興,60,水災,林谷澤,04-25815305,是,否,是,True,豐原,43,5322.92736875697,5.322927368756971
3756,臺中市清水區,西寧里,五權東路50號,120.5754,24.276,西寧國小活動中心,西寧.北寧.橋頭.文昌.下湳里,600,水災,林青松,04-26222430#730,是,否,是,True,沙鹿,37,5619.0532952883395,5.61905329528834
3757,臺中市石岡區,萬安里,石岡區萬安里石岡街6號3樓,120.7776,24.276,萬安活動中心,萬安,20,水災,李茂盛,04-25721996,是,否,否,True,豐原,43,4136.6914470605925,4.136691447060593
3758,臺中市石岡區,石岡里,石岡區石岡里石岡街123號,120.7733,24.2761,石岡國小籃球場,石岡,100,水災,陸永晟,04-25721730,否,是,否,True,豐原,43,3773.5816087350827,3.773581608735083
3759,臺中市清水區,東山里,神清路6-1號,120.6344,24.2763,東山國小教學大樓地下室,海風、東山,70,水災,呂宜駿,04-26200517#215,是,否,是,True,沙鹿,37,8710.767252295034,8.710767252295033
3760,臺中市清水區,武鹿里,中央路51-60號,120.5537,24.2764,清海國中--弘德樓地下室,海濱、武鹿,250,"水災,海嘯",劉玫宜,04-26271902#240,是,否,是,True,沙鹿,37,5828.325778233982,5.828325778233983
3761,臺中市霧峰區,峰谷里,峰谷路496號,120.4318,24.279,峰谷國小南棟教室,峰谷,900,"水災,震災,土石流",陳世穎-洪英恆,04-23399271,是,是,是,True,沙鹿,37,15114.939528366192,15.114939528366193
3766,臺中市東勢區,茂興里,石城街182巷26號,120.7925,24.286,石城國小教室,茂興、泰興,900,"水災,土石流",莊志彥,04-25873152#703,是,是,否,True,豐原,43,6005.198531390283,6.005198531390283
3767,臺中市清水區,田寮里,三田路4號,120.5811,24.2899,"三田國小禮堂1,2樓",田寮.橋頭.下湳.裕嘉.菁埔.國姓里,400,"水災,震災,海嘯",梁耿奇,04-26262400#731,是,是,是,True,沙鹿,37,7227.185629565409,7.227185629565409
3768,臺中市和平區,自由里,和平區自由里東崎路二段71-5號,120.9085,24.2907,雙崎社區活動中心,自由,110,"水災,震災",林相義,923389079,是,否,是,True,豐原,43,17259.24963769656,17.259249637696563
3770,臺中市清水區,楊厝里,鰲海路325號,120.6101,24.2923,大楊國小A棟地下室,楊厝,50,水災,顏嘉生,04-26200634,是,是,是,True,沙鹿,37,8492.153466683216,8.492153466683217
3771,臺中市后里區,舊社里,舊社路93號,120.7014,24.2949,舊社社區活動中心,舊社,200,"水災,震災,土石流,海嘯",陳鴻洲,0931-666782,是,否,否,True,豐原,43,5920.566320610518,5.920566320610519
3773,臺中市后里區,墩南里,南村路303巷1-8號,120.7149,24.2964,墩南社區活動中心,墩南,120,"水災,震災,土石流,海嘯",彭瑞興,04-225564843,是,否,否,True,豐原,43,5187.406979891896,5.187406979891897
3774,臺中市后里區,墩南里,南村路389號,120.7163,24.2966,七星國小,墩南、舊社,693,"水災,震災,土石流,海嘯",鄭昌和,04-25562608#333,是,是,否,True,豐原,43,5130.883765874844,5.130883765874844
3777,苗栗縣卓蘭鎮,內灣里,內灣里120號,120.8495,24.2991,內灣國小操場,內灣里,200,震災,宋銘豐,425892094,否,是,否,True,豐原,43,11819.14796411669,11.81914796411669
3778,苗栗縣卓蘭鎮,上新里,3鄰41-2號,120.83172,24.302705,上新老人文康中心,臨時收容內灣 上新,100,"水災,土石流",房月鳳,04-25897176,是,否,是,True,豐原,43,10374.176081178877,10.374176081178877
3780,臺中市清水區,菁埔里,臨海路26號,120.5958,24.3046,甲南國小北棟地下室1樓,菁埔.頂湳里,50,"水災,震災,海嘯",王清源,04-26261834#701,是,是,是,True,沙鹿,37,9166.168656090764,9.166168656090763
3781,臺中市清水區,菁埔里,臨海路27-2號,120.5918,24.306,清泉國中活動中心,頂湳、高東、國姓、菁埔,150,"水災,震災,海嘯",黃信仁,04-26113119,是,是,是,True,沙鹿,37,9202.863205859849,9.202863205859849
3782,臺中市后里區,廣福里,三豐路80號,120.7226,24.3062,后綜高中,后里、厚里、義德,2083,"水災,震災,土石流,海嘯",羅玉青,04-25562012#1311,是,是,否,True,豐原,43,5812.594901714893,5.812594901714894
3784,臺中市后里區,眉山里,中眉路169號,120.695,24.3071,后里國中,中和、墩西,869,"水災,震災,土石流,海嘯",何曉楓,04-25562409#130,是,是,否,True,豐原,43,7353.12116925355,7.35312116925355
3785,臺中市后里區,墩東里,平安路130號,120.7155,24.3071,墩東社區活動中心,墩東,150,"水災,土石流,海嘯",張國棟,04-25569829,是,否,否,True,豐原,43,6190.147879156489,6.190147879156489
3786,臺中市后里區,墩東里,文化路30號,120.7145,24.3075,內埔國小,墩東、墩北、墩西,726,"水災,震災,土石流,海嘯",張裕程,04-25562003#831,是,是,否,True,豐原,43,6275.25796784765,6.275257967847651
3787,臺中市后里區,墩北里,三光路139號,120.7119,24.308,墩北社區活動中心,墩北,120,"水災,震災,土石流,海嘯",張文照,04-25561888,是,否,否,True,豐原,43,6447.7062162801785,6.447706216280179
3788,臺中市后里區,后里里,甲后路1段501巷48號,120.7206,24.3082,后里社區活動中心,后里、義德,80,"水災,土石流,海嘯",楊春明,04-25581487,是,否,否,True,豐原,43,6091.9580572928535,6.091958057292853
3789,花蓮縣秀林鄉,和平村,三鄰108號,121.7483,24.3083,和平活動中心,和平村和仁,100,"水災,震災,土石流,海嘯",蔡金郎,03-8681113,是,否,是,True,冬山,40,36160.39087641756,36.16039087641756
3790,臺中市后里區,義里里,梅里路11-3號,120.7314,24.3084,義里社區活動中心,義里、仁里,70,"水災,土石流,海嘯",吳文雄,04-25575340,是,否,是,True,豐原,43,5803.891860548085,5.8038918605480845
3791,臺中市后里區,墩東里,文化路32號,120.7142,24.3089,后里區立活動中心,墩東、墩北、墩西,200,"水災,土石流,海嘯",林玉雪,04-25562116#119,是,否,否,True,豐原,43,6427.406585322225,6.427406585322225
3792,臺中市東勢區,明正里,東蘭路永盛巷57-1號,120.7904,24.3094,明正國小教室,明正,380,"震災,土石流",陳金池,04-25874455#14,是,是,是,True,豐原,43,7570.027398845652,7.570027398845652
3793,臺中市后里區,義里里,甲后路110號,120.7294,24.31,后里國小,義里、仁里,620,"水災,震災,土石流,海嘯",曾哲仁,04-25562294#730,是,是,否,True,豐原,43,6019.467470552382,6.0194674705523825
3795,臺中市后里區,太平里,四月路23號,120.6794,24.3113,育英國小,太平、聯合,250,"水災,震災,土石流,海嘯",鄭永明,04-25562374#176,是,是,否,True,豐原,43,8788.378319560288,8.788378319560287
3796,苗栗縣卓蘭鎮,新厝里,中山路125號,120.8248,24.3122,卓蘭國小活動中心,卓蘭鎮11里,200,"水災,土石流",賴文彬,04-25892008,是,否,是,True,三義,31,10217.842508565649,10.21784250856565
3797,苗栗縣卓蘭鎮,新榮里,中山路125號,120.8248,24.3122,卓蘭國小操場,全鎮地震受災戶,500,震災,賴文彬,04-25892008,否,是,否,True,三義,31,10217.842508565649,10.21784250856565
3798,臺中市清水區,高美里,護岸路37號,120.5622,24.3123,高美國小教學行政大樓地下室1樓,高南、高北、高美、高東、高西,300,"水災,震災,海嘯",陳振順,04-26112505#830,是,是,是,True,沙鹿,37,9622.563865908816,9.622563865908816
3800,臺中市后里區,厚里里,九甲路一路259號,120.7157,24.3135,厚里社區活動中心,后里、厚里,150,"水災,震災,土石流,海嘯",張文傑,00-00000000,是,否,否,True,豐原,43,6824.618631602879,6.8246186316028785
3801,臺中市后里區,眉山里,甲后路940號,120.6909,24.3153,月眉國小,月眉、眉山,818,"水災,震災,土石流,海嘯",張素娟,04-25562342#730,是,是,否,True,豐原,43,8316.241784769672,8.316241784769673
3802,臺中市后里區,泰安里,福興路67-1號,120.7435,24.3218,泰安社區活動中心,泰安,100,"水災,土石流,海嘯",李奇芳,04-25566920,是,否,是,True,三義,31,6915.887067411775,6.915887067411775
3803,臺中市后里區,泰安里,安眉路5號,120.7505,24.3253,泰安國小,泰安、公館,579,"水災,震災,土石流,海嘯",王國華,04-25562364#251,是,是,否,True,三義,31,6399.828251167102,6.3998282511671025
3804,臺中市外埔區,水美里,水美路二崁路63號,120.6339,24.328,水美國小勤學樓,水美,200,"水災,震災,土石流",薛文烈,04-26876508,是,否,是,True,沙鹿,37,13124.0912160498,13.124091216049798
3805,宜蘭縣南澳鄉,南澳村,蘇花路二段301號,121.7451,24.3322,南澳高中,碧候村、金岳村、武塔村,245,"水災,震災,海嘯",江子文,03-9981024,是,否,是,True,冬山,40,33580.88584507756,33.58088584507756
3806,臺中市豐原區,西湳里,豐原區西湳里三豐路467號,120.7298,24.3323,豐原國中,大湳.北湳.豐原.豐榮,100,"水災,震災",黃瓊瑱,04-25251200107,是,是,是,True,三義,31,6325.658495559775,6.325658495559774
3807,臺中市外埔區,大同里,甲后路499號,120.651,24.3324,外埔老人文康活動中心,永豐、大同、三崁、大東、六分,500,"水災,土石流",歐芊?,04-26832216,是,是,否,True,三義,31,12333.082179359659,12.333082179359659
3808,臺中市外埔區,大同里,六分路499,120.6512,24.3327,農民研習中心大型收容所,土城、廓子、鐵山、 中山、馬鳴,100,"水災,震災,土石流",歐芊?,04-26834508,是,是,否,True,三義,31,12300.020027561202,12.300020027561203
3809,臺中市后里區,公館里,三豐路5段352巷163號,120.7329,24.3329,公館社區活動中心,公館,150,"水災,震災,土石流,海嘯",陳運佐,932066387,是,否,否,True,三義,31,6121.98599817581,6.12198599817581
3810,宜蘭縣南澳鄉,金洋村,南澳鄉金洋村11號,121.7458,24.3332,金洋國小,金洋村,28,"水災,震災,海嘯",李勝雄,03-9981486,是,否,是,True,冬山,40,33461.08529902281,33.461085299022805
3812,臺中市外埔區,水美里,水美路129號,120.6315,24.3337,水美社區活動中心,水美,100,"水災,震災,土石流",陳俊樑,04-26879697,是,是,否,True,沙鹿,37,13556.997676607634,13.556997676607635
3813,苗栗縣卓蘭鎮,坪林里,2鄰8之1號,120.8761,24.3358,坪林社區活動中心,收容雙連.坪林里民,100,"水災,土石流",黃鈞奎,04-25921312,是,否,是,True,三義,31,12904.240110024037,12.904240110024038
3814,苗栗縣卓蘭鎮,景山里,5鄰88號,120.8763,24.3358,景山國小操場,景山里,100,震災,徐臻輝,425921221,否,是,否,True,三義,31,12922.834112789778,12.92283411278978
3815,臺中市大甲區,武陵里,大甲區武陵里文曲路61號,120.6006,24.3364,文武國小體育教室,新美、義和、文曲、武陵,118,"水災,震災,海嘯",許君良,04-26710928,是,否,是,True,沙鹿,37,12686.218938703541,12.686218938703542
3816,臺中市和平區,達觀里,東崎路1段桃山巷39之7號,120.9357,24.34,桃山社區活動中心,達觀里,60,"水災,震災,土石流,海嘯",陳政治,陳政治,是,否,是,True,三義,31,18478.76976949131,18.47876976949131
3817,臺中市豐原區,南田里,豐原區南田里水源路150號,120.6253,24.3401,豐原高中,東陽.南嵩.南村.南田,210,震災,江孟書 廖美惠,04-252903816277,是,是,是,True,沙鹿,37,13915.587217499864,13.915587217499864
3818,臺中市大甲區,中山里,大甲區中山里水源路167號,120.6269,24.3409,大甲區長青活動中心,中山、岷山、南陽、薰風,525,"水災,海嘯",劉來旺,04-26872101,是,否,是,True,沙鹿,37,14063.704895168812,14.063704895168812
3819,苗栗縣卓蘭鎮,坪林里,雙連16-1號,120.8419,24.3449,雙連國小操場,坪林里雙連社區,100,震災,沈羿成,425892794,否,是,否,True,三義,31,9332.69701058778,9.332697010587781
3820,臺中市大安區,中庄里,大安區中庄里中山南路296號,120.5882,24.3451,大安國小體育館,中庄、福興、東安、南埔、南庄、龜殼,5119,"水災,震災,海嘯",紀國揚,04-26713166#300,是,是,是,True,沙鹿,37,13377.830568836393,13.377830568836393
3821,臺中市大安區,中庄里,興安路376號,120.5895,24.3459,老人文康活動中心,中庄、福興、東安、南埔、南庄、龜殼,50,"水災,震災,海嘯",周琇茹,04-26713511#302,是,是,是,True,沙鹿,37,13485.41299842823,13.48541299842823
3822,臺中市大安區,中庄里,大安區中庄里中山南路356號,120.5866,24.3462,大安區公所禮堂,中庄、福興、東安、南埔、南庄、龜殼,60,"水災,震災,海嘯",周琇茹,04-26713511#106,是,是,是,True,沙鹿,37,13475.596256538707,13.475596256538708
3823,苗栗縣泰安鄉,梅園村,6鄰36號,120.9304,24.3479,梅園村活動中心,梅園村,100,"水災,震災,土石流",葉湖雄村長,919531713,是,否,是,True,三義,31,17749.63882430952,17.74963882430952
3824,苗栗縣大湖鄉,新開村,新開25號,120.826351,24.348257,新開國小操場,新開村,100,震災,鄭惠鳳,037-951210#10,否,是,否,True,三義,31,7763.747354333567,7.763747354333567
3825,苗栗縣大湖鄉,新開村,4鄰新開25號,120.826351,24.348257,新開國小,新開村,100,"水災,土石流",鄭惠鳳,037-951210#10,是,否,否,True,三義,31,7763.747354333567,7.763747354333567
3826,臺中市大甲區,孔門里,大甲區孔門里育德路113號,120.6242,24.3483,文昌國小戶外空地,大甲、朝陽、順天、孔門、平安、庄美,413,震災,蘇靜美,04-26872076,否,是,是,True,三義,31,14245.82649047183,14.245826490471831
3827,臺中市大甲區,頂店里,大甲區頂店里開元路71號,120.6445,24.3499,大甲高工活動中心,岷山、頂店、中山,496,"水災,震災,海嘯",周江賜,04-26874132,是,否,是,True,三義,31,12219.011857056708,12.219011857056708
3828,臺中市大甲區,文武里,大甲區文武里育德路233號,120.6261,24.3508,大甲國小禮堂,文武、平安、庄美、頂店,240,"水災,震災,海嘯",陳浪勇,04-26872048,是,否,是,True,三義,31,13987.943945370112,13.987943945370112
3829,苗栗縣卓蘭鎮,豐田里,3鄰36號,120.8577,24.3517,豐田國小操場,豐田里,200,震災,萬芷妘,425892164,否,是,否,True,三義,31,10523.304452949167,10.523304452949167
3830,苗栗縣卓蘭鎮,坪林里,7鄰86-2號,120.8653,24.3526,坪林國小操場,坪林里,200,震災,邱國禎,425921334,否,是,是,True,三義,31,11225.687929340149,11.225687929340149
3831,臺中市大甲區,文武里,大甲區文武里育英路186號,120.6223,24.3536,大甲國中活動中心,武曲、奉化、江南、德化、文武,491,"水災,震災,海嘯",賴文宗,04-26872564,是,否,是,True,三義,31,14288.703612990495,14.288703612990496
3832,臺中市大安區,龜?里,大安區龜殼里3鄰中松路297號,120.6005,24.358,三光國小體育館,龜殼、松雅、福興,300,"水災,震災,海嘯",蘇麗娜,04-26710148#13,是,是,是,True,沙鹿,37,15009.844494587105,15.009844494587105
3833,苗栗縣卓蘭鎮,景山里,5鄰78號,120.8671,24.3587,景山社區活動中心,景山里,50,"水災,土石流",陳昱魁,04-25921583,是,否,是,True,三義,31,11222.549685171987,11.222549685171987
3834,苗栗縣泰安鄉,士林村,5鄰26號,120.947,24.3605,士林國小,士林村,150,"水災,震災,土石流",徐正明村長,934135440,是,否,是,True,三義,31,19169.852594548105,19.169852594548104
3835,苗栗縣泰安鄉,象鼻村,1鄰7號,120.94702,24.360527,象鼻村活動中心,象鼻村,160,"水災,震災,土石流",尤幹.尤給村長,977109996,是,否,是,True,三義,31,19171.48356665708,19.17148356665708
3836,苗栗縣泰安鄉,象鼻村,1鄰7號,120.938938,24.362245,象鼻村活動中心戶外廣場,象鼻村,100,"水災,震災,土石流",尤給尤幹村長,037-962518,否,是,否,True,三義,31,18334.14673377311,18.334146733773107
3837,臺中市大安區,松雅里,大安區松雅里大安港路691號,120.6018,24.3652,大安國中體育館,松雅、西安、海墘、龜殼,1325,"水災,震災,海嘯",國立民,04-26872571#205,是,是,是,True,沙鹿,37,15817.062935484655,15.817062935484655
3838,苗栗縣大湖鄉,栗林村,5鄰四份61號,120.842715,24.373502,栗林國小操場,栗林村,100,震災,倪明宗,037-951335#101,否,是,否,True,三義,31,8493.171136442106,8.493171136442106
3839,苗栗縣大湖鄉,栗林村,5鄰四份61號之2,120.842741,24.373511,栗林社區活動中心,栗林村,100,土石流,黃鄭秀梅,037-951219,是,否,是,True,三義,31,8495.673533100273,8.495673533100273
3840,苗栗縣大湖鄉,武榮村,水流東7號,120.8646,24.3755,武榮社區活動中心,武榮村,100,"水災,土石流",吳漢明,037-990119,是,否,否,True,三義,31,10682.734612747696,10.682734612747696
3841,臺中市大甲區,孟春里,大甲區孟春里中山路二段69-11號,120.652,24.3783,日南國中體育館,日南、孟春、龍泉、太白、幸福,539,"水災,震災,海嘯",舒富男,04-26813721,是,否,是,True,三義,31,10921.642502811157,10.921642502811157
3842,臺中市大安區,海墘里,大安區海墘里大安港路1100號,120.589,24.3792,海墘國小體育館,海墘、福住、西安,2370,"水災,震災,海嘯",藍同利,04-26876085,是,是,是,True,沙鹿,37,17131.932240182618,17.131932240182618
3843,苗栗縣大湖鄉,東興村,下湖37號,120.882811,24.380718,東興國小操場,東興村,100,"震災,土石流",林緯志,037-992815,否,是,否,True,三義,31,12503.3185791906,12.5033185791906
3844,苗栗縣大湖鄉,東興村,下湖37號,120.882822,24.380728,東興國小,東興村,100,土石流,林緯志,037-992815,是,否,是,True,三義,31,12504.416506695994,12.504416506695994
3845,臺中市大安區,永安里,大安區永安里東西四路252號,120.6063,24.3823,永安國小體育館,頂安、永安、福住,300,"水災,震災,海嘯",歐慶龍,04-26874931#276,是,是,是,True,三義,31,15547.476816277114,15.547476816277115
3846,苗栗縣大湖鄉,武榮村,義和村淋漓坪77號,120.867425,24.382508,武榮國小操場,武榮村,100,震災,許碧雲,037-992816#200#299,否,是,否,True,三義,31,10940.96252446808,10.940962524468079
3847,臺中市大甲區,幸福里,大甲區幸福里中山路二段568號,120.6551,24.39,日南國小禮堂,日南、孟春、龍泉、太白、幸福,99,"水災,震災,海嘯",蔡家廷,04-26813704,是,否,是,True,三義,31,10629.48922246751,10.629489222467509
3849,苗栗縣泰安鄉,梅園村,6鄰36號,120.96991,24.395274,梅園村活動中心戶外廣場,梅園村,100,"水災,震災,土石流",葉湖雄村長,919531713,否,是,否,True,三義,31,21382.805000862678,21.382805000862678
3850,苗栗縣大湖鄉,義和村,蔗部坪1號,120.867265,24.397403,南湖國中操場,南湖村 義和村,200,震災,徐曉雲,037-991209#101,否,是,否,True,三義,31,11048.339885613537,11.048339885613537
3851,苗栗縣大湖鄉,義和村,3鄰蔗篰坪12號,120.867265,24.397403,南湖國中,南湖村 義和村,200,"水災,土石流",徐曉雲,037-991209#101,是,否,是,True,三義,31,11048.339885613537,11.048339885613537
3853,金門縣金城鎮,古城里,金門城85-1號,118.305944,24.40212,金門城社區活動中心,古城里,50,水災,洪啟福,082-329428,是,否,否,True,金門,61,3388.221866501354,3.388221866501354
3854,臺中市大甲區,日南里,大甲區日南里工二路1號,120.6482,24.406,華龍國小戶外空地,建興、西岐、銅安、福德,2702,震災,詹勝淵,04-26811270,否,是,是,True,三義,31,11592.409555057304,11.592409555057303
3855,金門縣金城鎮,金水里,前水頭150-1號,118.295323,24.412637,前水頭社區活動中心,金水里,50,水災,黃延良,082-329103,是,否,否,True,金門,61,2761.3246119160867,2.761324611916087
3856,金門縣金城鎮,珠沙里,和平新村130號,118.32855,24.414884,和平社區活動中心,珠沙里,50,水災,王琨敏,082-329563,是,否,否,True,金門,61,2528.108139421003,2.528108139421003
3860,苗栗縣大湖鄉,大寮村,17鄰竹高屋68號,120.861173,24.42,大湖農工操場,大寮村,150,震災,沈和成,037-992216#300,否,是,否,True,三義,31,11111.343316252622,11.111343316252622
3861,苗栗縣大湖鄉,大寮村,17鄰竹高屋68號,120.861173,24.42,大湖農工,大寮村,150,"水災,土石流",沈和成,037-992216#300,是,否,是,True,三義,31,11111.343316252622,11.111343316252622
3862,臺中市大甲區,西岐里,大甲區西岐里順帆路96號,120.629,24.4209,西岐國小有晴館,建興、西岐、銅安、福德,280,"水災,震災,海嘯",柳世麟,04-26811747,是,否,是,True,三義,31,13909.45062655997,13.90945062655997
3863,苗栗縣泰安鄉,大興村,1鄰22號,120.9109,24.4211,大興村活動中心,大興村,100,"水災,震災,土石流",林文祥村長,037-990381,是,否,是,True,三義,31,15933.39533278898,15.93339533278898
3864,苗栗縣大湖鄉,明湖村,中正路育英巷11號,120.869809,24.421425,大湖國小操場,大湖村 明湖村,100,震災,劉陞華,037-991008,否,是,否,True,三義,31,11984.023402906969,11.984023402906969
3865,苗栗縣大湖鄉,大湖村,中正路育英巷11號,120.869809,24.421425,大湖國小,大湖村 明湖村,100,"水災,土石流",劉陞華,037-991008,是,否,否,True,三義,31,11984.023402906969,11.984023402906969
3867,苗栗縣大湖鄉,大湖村,忠孝路69號,120.866884,24.424989,大湖鄉老人文康中心,?湖村,100,"水災,震災,土石流",張玉宜,037-991111分機107,是,否,是,True,三義,31,11858.669339208345,11.858669339208346
3868,苗栗縣通霄鎮,福興里,6鄰57-1號,120.7277,24.4259,福興里民活動中心,福興里,30,"水災,土石流",林森文,037-782434,是,否,是,True,三義,31,5793.742655226063,5.793742655226063
3871,苗栗縣大湖鄉,靜湖村,民族路80號,120.870777,24.426432,大湖國中操場,靜湖村 富興村,100,震災,吳雲道,037-991054#66,否,是,否,True,三義,31,12284.449685848946,12.284449685848946
3872,苗栗縣大湖鄉,靜湖村,民族路80號,120.870777,24.426432,大湖國中,富興村,100,"水災,土石流",吳雲道,037-991054#66,是,否,是,True,三義,31,12284.449685848946,12.284449685848946
3874,金門縣烈嶼鄉,林湖村,后井40號,118.2429,24.429,金門縣烈嶼鄉體育館,烈嶼鄉各村機動式收容,100,"水災,震災,土石流,海嘯",蔡淑英,364675,是,否,是,True,金門,61,7047.899821657809,7.0478998216578095
3875,苗栗縣銅鑼鄉,新隆村,2鄰18號,120.809,24.4297,新隆國小操場,新隆村范聖達村長0910-433055盛隆村,20,震災,湯茹君校長,037-971102,否,是,否,True,三義,31,7244.331809167557,7.244331809167558
3876,苗栗縣銅鑼鄉,新隆村,2鄰18號,120.809,24.4297,新隆國小,新隆村村長范聖達0910-433055盛隆村,50,"水災,土石流",湯茹君校長,037-971102,是,否,是,True,三義,31,7244.331809167557,7.244331809167558
3877,金門縣金城鎮,南門里,民族路261號,118.315222,24.42986,金門縣立體育館,全縣各村里機動式收容,500,水災,姜慧人,082-328616,否,否,否,True,金門,61,392.56624379393406,0.39256624379393407
3882,宜蘭縣大同鄉,復興村,泰雅一路61巷5號,121.371,24.4386,南山活動中心,復興村,92,"水災,震災,土石流",曾秀月,03-9892690,是,否,是,True,竹東,34,44011.45340823261,44.01145340823261
3888,宜蘭縣南澳鄉,金岳村,南澳鄉金岳村金岳路2號,121.7692,24.4456,金岳國小,金岳村,28,"水災,震災,海嘯",莊秀娟,03-9981636,是,否,是,True,冬山,40,20808.164674637737,20.808164674637737
3889,宜蘭縣南澳鄉,武塔村,南澳鄉武塔村新溪路1號,121.777599,24.445655,武塔國小,武塔村,30,"水災,震災,海嘯",白淑淓,03-9981632,是,否,是,True,冬山,40,20721.027722194343,20.721027722194343
3891,苗栗縣泰安鄉,清安村,2鄰80號,120.9074,24.4478,清安村活動中心,清安村,110,"水災,震災,土石流",李英雄村長,037-941017,是,否,是,True,苗栗,36,15707.0440108639,15.7070440108639
3893,苗栗縣泰安鄉,清安村,2鄰80號,120.899611,24.44902,富民社區活動中心戶外廣場,清安村,100,"水災,震災,土石流",李英雄村長,037-941017,否,是,否,True,苗栗,36,15161.803856254357,15.161803856254357
3900,宜蘭縣蘇澳鎮,朝陽里,朝陽路40號,121.8158,24.4615,朝陽社區活動中心,朝陽里,72,"水災,震災,土石流,海嘯",蘇朝麟,03-9982068,是,否,是,True,冬山,40,19049.250197349185,19.049250197349185
3901,苗栗縣銅鑼鄉,興隆村,117號,120.812,24.4629,興隆國小操場,興隆村,20,震災,李芳茹校長,037-982804,否,是,否,True,三義,31,10372.736071614205,10.372736071614204
3902,苗栗縣銅鑼鄉,興隆村,117號,120.812,24.4629,興隆國小,興隆村,50,"水災,土石流",李芳茹校長,037-982804,是,否,是,True,三義,31,10372.736071614205,10.372736071614204
3903,宜蘭縣蘇澳鎮,南強里,南澳路1號,121.8059,24.4635,南強社區活動中心,南強里,49,"水災,震災,土石流,海嘯",張竣喨,03-9981073,是,否,是,True,冬山,40,18732.395060889183,18.732395060889182
3904,苗栗縣通霄鎮,通東里,信義路248號,120.7449,24.4638,通霄鎮綜合活動中心,平安里、通東里、通西里,200,"水災,海嘯",邱宏達,037-761637,是,否,是,True,三義,31,9128.035995888056,9.128035995888057
3905,苗栗縣銅鑼鄉,樟樹村,樟樹12之1號,120.7858,24.4645,文峰國小操場,樟樹村,20,震災,詹建華校長,037-981143,否,是,否,True,三義,31,9465.058148124132,9.46505814812413
3906,苗栗縣銅鑼鄉,樟樹村,樟樹12之1號,120.7858,24.4645,文峰國小,樟樹村,50,"水災,土石流",詹建華校長,037-981143,是,否,是,True,三義,31,9465.058148124132,9.46505814812413
3907,宜蘭縣蘇澳鎮,南強里,南澳路85號,121.803,24.4647,蓬萊國小,南強里、朝陽里,50,"水災,震災,土石流,海嘯",王麗萍,03-9981660,是,是,是,True,冬山,40,18581.35463946428,18.58135463946428
3908,苗栗縣泰安鄉,錦水村,5鄰29號,120.9428,24.4652,錦水村活動中心,錦水村,80,"水災,震災,土石流",葉純輝村長,037-941325,是,否,是,True,苗栗,36,16634.654828892453,16.634654828892455
3910,苗栗縣泰安鄉,錦水村,5鄰29號,120.9346559,24.46710665,錦水村活動中心戶外廣場,錦水村,120,"水災,震災,土石流",葉村長純輝,0911-149777,否,是,否,True,苗栗,36,15882.32124651493,15.88232124651493
3911,宜蘭縣南澳鄉,金洋村,南澳鄉金洋村博愛路3號,121.8006,24.4673,金洋社區活動中心,金洋村,23,"水災,震災,土石流,海嘯",范守臣,03-9981458,是,否,是,True,冬山,40,18281.85670158388,18.28185670158388
3912,宜蘭縣南澳鄉,南澳村,南澳鄉南澳村中正路15號,121.801149,24.467509,南澳國小,南澳村,75,"水災,震災,海嘯",周文明,03-9981228,是,否,是,True,冬山,40,18261.18152640513,18.261181526405128
3914,苗栗縣銅鑼鄉,九湖村,10鄰91之1號,120.7764,24.473,九湖國小操場,九湖村,20,震災,徐淑惠校長,037-981149,否,是,否,True,三義,31,10169.240629062304,10.169240629062305
3915,苗栗縣銅鑼鄉,九湖村,10鄰91之1號,120.7764,24.473,九湖國小,九湖村,50,"水災,土石流",徐淑惠校長,037-981149,是,否,是,True,三義,31,10169.240629062304,10.169240629062305
3916,宜蘭縣南澳鄉,碧候村,南澳鄉碧候村信自覺巷38號,121.784722,24.474443,碧候國小,碧候村,43,"水災,震災,海嘯",周菊芬,03-9981634,是,否,是,True,冬山,40,17493.883496205355,17.493883496205356
3917,苗栗縣獅潭鄉,新豐村,4鄰八角林56號,120.8913,24.4766,豐林國小,豐林村及竹木村,400,震災,賴炫樺,037-991150,否,是,是,True,苗栗,36,12160.160653099336,12.160160653099336
3919,苗栗縣獅潭鄉,新豐村,3鄰八角林39-1號,120.8939,24.4789,新豐村活動中心,新豐村,120,"水災,震災,土石流,海嘯",賴炫樺,037-991150,是,否,是,True,苗栗,36,12116.75556741555,12.11675556741555
3920,苗栗縣通霄鎮,城南里,1鄰123-1號,120.6826,24.4838,城南社區活動中心,城南里,30,"水災,土石流",吳廣忠,037-782345,是,否,是,True,三義,31,13668.348948328845,13.668348948328845
3921,苗栗縣銅鑼鄉,銅鑼村,新興路78號,120.7855,24.4851,銅鑼灣會館,銅鑼村,70,"水災,震災,土石流",葉明哲,037-982130-31,是,否,是,True,苗栗,36,9518.2139264466,9.5182139264466
3922,苗栗縣通霄鎮,通東里,中正路12號,120.6786,24.4869,通霄國小,平元里、平安里、通東里,200,震災,彭鴻原,037-752008,否,是,是,True,三義,31,14182.41360166592,14.18241360166592
3923,苗栗縣獅潭鄉,豐林村,10鄰24號,120.9005,24.4884,豐林社區活動中心,豐林村,250,"水災,震災,土石流,海嘯",廖肇隆,037-931368,是,否,是,True,苗栗,36,11760.098652745119,11.76009865274512
3925,苗栗縣泰安鄉,八卦村,3鄰50號,120.9325,24.4896,八卦村活動中心,八卦村,40,"水災,震災,土石流",傅學祺村長,037-995837,是,否,是,True,苗栗,36,14120.606813590979,14.12060681359098
3926,苗栗縣銅鑼鄉,中平村,150號,120.8028,24.4899,中興國小操場,中平村,20,震災,趙麗君校長,037-224458,否,是,否,True,苗栗,36,8499.842927329211,8.499842927329212
3927,苗栗縣銅鑼鄉,中平村,150號,120.8028,24.4899,中興國小,中平村,50,水災,趙麗君校長,037-224458,是,否,是,True,苗栗,36,8499.842927329211,8.499842927329212
3928,宜蘭縣大同鄉,,大同鄉南山村4鄰埤南巷9-1號,121.4182,24.4899,四季活動中心,南山村,88,"水災,震災,土石流",鄭重,03-9809140,是,否,否,True,冬山,40,41102.27344283372,41.10227344283372
3929,苗栗縣通霄鎮,通西里,中山路190巷1號,120.6833,24.4908,通霄國中,平安里、通東里,200,震災,吳鈺崧,037-752002,否,是,是,True,三義,31,14272.977683236451,14.272977683236451
3930,苗栗縣銅鑼鄉,福興村,文化街1號,120.7913,24.4908,銅鑼國小操場,"福興村,朝陽村,銅鑼村",20,震災,傅志鵬校長,037-981013,否,是,否,True,苗栗,36,8720.401332514451,8.720401332514452
3931,苗栗縣銅鑼鄉,福興村,文化街1號,120.7913,24.4908,銅鑼國小,福興村、朝陽村、銅鑼村,50,"水災,土石流",傅志鵬校長,037-981013,是,否,是,True,苗栗,36,8720.401332514451,8.720401332514452
3932,苗栗縣泰安鄉,八卦村,3鄰50號,120.9243031,24.49132664,八卦村活動中心戶外操場,八卦村,200,"水災,震災,土石流",傅學祺村長,0916-332165,否,是,否,True,苗栗,36,13341.95906506525,13.34195906506525
3933,苗栗縣通霄鎮,平安里,平元55-6號,120.691288,24.495102,苗栗縣青少年服務中心暨平安社區活動中心,平安里、圳頭里、烏眉里、楓樹里、福源里、福龍里,150,"水災,土石流",王大華,037-753643,是,否,是,True,三義,31,14265.480261830207,14.265480261830207
3934,苗栗縣銅鑼鄉,竹森村,4鄰22-1號,120.7829,24.5041,竹森社區活動中心,竹森村,50,水災,鍾兆良,037-981888,是,否,是,True,苗栗,36,7726.55022134949,7.72655022134949
3936,苗栗縣公館鄉,玉泉村,14鄰368-10號,120.828396,24.505958,公館鄉公所,玉泉村　館中村　館東村　,300,"水災,震災,土石流",吳滄源,037-222210,是,否,否,True,苗栗,36,6591.9290750608725,6.591929075060873
3937,苗栗縣公館鄉,玉谷村,4鄰124號,120.824346,24.515114,公館鄉老人文康中心,全鄉,300,"水災,震災,土石流,海嘯",羅幸蘭,037-233433,是,否,否,True,苗栗,36,5540.849925071352,5.5408499250713525
3938,宜蘭縣蘇澳鎮,東澳里,東澳路103號,121.8346,24.516,東澳社區活動中心,東澳里,42,"水災,震災,土石流,海嘯",嚴順明,03-9986365,是,否,是,True,冬山,40,13545.685732198604,13.545685732198605
3939,宜蘭縣南澳鄉,東岳村,南澳鄉東岳村蘇花路3段209號,121.832701,24.52148,東澳國小,東岳村,38,土石流,鄔誠民,03-9986217,是,否,是,True,冬山,40,12908.952378299971,12.908952378299972
3940,宜蘭縣南澳鄉,東岳村,南澳鄉東岳村蘇花路3段139巷8弄7號1樓,121.833,24.5216,東岳村災民收容中心,東岳村,27,"水災,震災,土石流,海嘯",黃誠福,03-9986103,是,否,是,True,冬山,40,12905.818118717705,12.905818118717706
3941,苗栗縣苗栗市,南勢里,8鄰新勝8-1號,120.7924,24.5235,南勢社區活動中心,南勢里,30,水災,葉錦正,037-353113,是,否,否,True,苗栗,36,5385.324617459275,5.385324617459275
3942,苗栗縣西湖鄉,五湖村,13鄰194-4號,120.7704,24.5246,五湖社區活動中心,五湖村.高埔村.下埔村,50,"水災,土石流",賴廷煜,037-911606,是,否,是,True,苗栗,36,6736.483983634147,6.736483983634147
3943,苗栗縣獅潭鄉,和興村,8鄰13號,120.9146,24.5263,和興社區活動中心,和興村,150,"水災,震災,土石流,海嘯",廖肇隆,037-931368,是,否,是,True,苗栗,36,10487.60933468234,10.48760933468234
3944,苗栗縣西湖鄉,四湖村,4鄰11號,120.745,24.5312,四湖社區活動中心,四湖村,50,"水災,土石流",劉慶祥,037-921069,是,否,是,True,苗栗,36,8480.191442560443,8.480191442560443
3945,宜蘭縣大同鄉,,大同鄉四季村5鄰和勳巷2號,121.4516,24.5315,茂安活動中心,四季村,90,"水災,震災,土石流",林振形,03-9809422,是,否,是,True,冬山,40,36325.876593004505,36.3258765930045
3947,苗栗縣獅潭鄉,新店村,11鄰129號,120.921017,24.540041,獅潭國小,新店村全村,300,,黃朝匡,037-932181,否,是,否,True,苗栗,36,10588.642666703474,10.588642666703475
3948,苗栗縣苗栗市,水源里,中正路1151號,120.8165,24.5405,水源社區活動中心,水源里,15,水災,邱進財,037-335604,是,否,否,True,苗栗,36,2737.2124065137536,2.7372124065137537
3949,苗栗縣獅潭鄉,新店村,4鄰46-1號,120.9215,24.5421,新店村活動中心,新店村,100,"水災,震災,土石流,海嘯",黃朝匡,037-932181,是,否,是,True,苗栗,36,10578.843441392079,10.57884344139208
3950,苗栗縣南庄鄉,蓬萊村,19鄰紅毛館118號,120.9708,24.5428,蓬萊國小室外,蓬萊村,100,震災,林恩惠,037-823385,否,是,是,True,苗栗,36,15461.270158301868,15.461270158301868
3951,苗栗縣南庄鄉,蓬萊村,19鄰紅毛館118號,120.970819,24.542802,蓬萊國小室內,蓬萊村,40,"水災,土石流,海嘯",林恩惠,37823385,是,否,是,True,苗栗,36,15463.135085125889,15.463135085125888
3952,苗栗縣苗栗市,勝利里,復興路1段492號,120.8234,24.5445,勝利社區活動中心,勝利里,40,水災,劉明珠,037-355669,是,否,否,True,苗栗,36,2293.857545917108,2.293857545917108
3953,苗栗縣獅潭鄉,新店村,21號,120.9229,24.545,獅潭國中,新店村,300,"水災,震災,土石流,海嘯",黃朝匡,037-932181,是,否,是,True,苗栗,36,10645.055469535078,10.645055469535079
3954,苗栗縣苗栗市,恭敬里,7鄰恭敬路77-1號,120.8155,24.5461,恭敬社區活動中心,恭敬里,35,水災,吳慧貞,037-323718,是,否,否,True,苗栗,36,2143.9619443526385,2.1439619443526383
3955,苗栗縣苗栗市,恭敬里,聯大1號,120.816,24.5464,國立聯合大學活動中心,恭敬里、南勢里,100,"水災,震災,土石流,海嘯",許銘熙,037-381248,是,否,否,True,苗栗,36,2100.914416093673,2.1009144160936732
3956,苗栗縣苗栗市,恭敬里,聯大一號,120.816,24.5464,國立聯合大學操場,"恭敬里,南勢里",200,"水災,震災,土石流,海嘯",許銘熙,037-381248,否,是,否,True,苗栗,36,2100.914416093673,2.1009144160936732
3957,苗栗縣苗栗市,高苗里,22鄰松園1號,120.811818,24.549403,高苗里活動中心,高苗里、大同里,300,"水災,震災",朱毅君,922061077,是,否,是,True,苗栗,36,1920.2431912801364,1.9202431912801365
3958,苗栗縣苗栗市,大同里,大同路80號,120.815,24.5528,大同國小活動中心,高苗里、大同里、綠苗里、新苗里,100,"水災,震災,土石流,海嘯",伍炳勳,037-320068#21,是,否,否,True,苗栗,36,1446.30048905187,1.44630048905187
3959,苗栗縣苗栗市,大同里,大同路80號,120.815,24.5528,大同國小操場,"高苗里,大同里,綠苗里,新苗里",200,"水災,震災,土石流,海嘯",伍炳勳,037-320068#21,否,是,否,True,苗栗,36,1446.30048905187,1.44630048905187
3960,苗栗縣苗栗市,維新里,僑育北街62號1樓,120.8256,24.5535,維新社區活動中心,維新里,20,水災,劉和禮,037-325950,是,否,是,True,苗栗,36,1388.7873559136478,1.3887873559136479
3961,苗栗縣苗栗市,新英里,15鄰新英108-2號,120.8077,24.5548,新英社區活動中心,新英里,30,水災,邱森洲,037-324211,是,否,否,True,苗栗,36,1689.8761578821636,1.6898761578821637
3962,苗栗縣苗栗市,大同里,福星山21號,120.8142,24.5556,苗栗市老人文康中心室外草皮,大同里,100,"水災,震災,土石流",楊婕妤,037-363702,否,是,是,True,苗栗,36,1200.4084850336278,1.2004084850336278
3963,苗栗縣苗栗市,大同里,福星山21號,120.8142,24.5556,苗栗市老人文康中心室內空間,大同里,150,"水災,土石流",謝瑞芳,037-363702,是,否,否,True,苗栗,36,1200.4084850336278,1.2004084850336278
3964,苗栗縣苗栗市,維祥里,經國路2段491號,120.8341,24.5564,苗栗農工活動中心,維祥里、維新里、中苗里,100,"水災,震災,土石流,海嘯",金石開,037-329281#511,是,否,否,True,苗栗,36,1706.5935669878284,1.7065935669878283
3965,苗栗縣苗栗市,維祥里,經國路2段491號,120.8341,24.5564,苗栗農工操場,"維祥里,維新里,中苗里",300,"水災,震災,土石流,海嘯",金石開,037-329281#511,否,是,否,True,苗栗,36,1706.5935669878284,1.7065935669878283
3966,苗栗縣西湖鄉,三湖村,1鄰店仔街4之1號,120.7562,24.5589,西湖鄉農特產品展售綜合活動中心,三湖村.湖東村.二湖村,200,"水災,土石流",吳峻毅,037-921360,是,否,是,True,苗栗,36,6509.332050843347,6.509332050843347
3967,苗栗縣西湖鄉,三湖村,店仔街4之1號,120.7562,24.5589,西湖鄉農特產品展售綜合活動中心戶外草坪,西湖鄉各村,300,震災,吳峻毅,037-921360,否,是,是,True,苗栗,36,6509.332050843347,6.509332050843347
3968,苗栗縣西湖鄉,金獅村,2鄰24-9號,120.7569,24.559,西湖鄉立體育館,金獅村.龍洞村,100,"水災,土石流",林梅京,037-272922,是,否,是,True,苗栗,36,6437.657507834197,6.437657507834197
3969,苗栗縣苗栗市,中苗里,13鄰長春街42巷45號,120.8204,24.5593,中苗社區活動中心,中苗里,25,水災,黃正男,037-321327,是,否,否,True,苗栗,36,631.0652677013416,0.6310652677013415
3970,新竹縣尖石鄉,秀巒村,4鄰8號,121.2855,24.5601,秀巒村集會所,秀巒村全村,50,"水災,土石流,海嘯",林阿華,03-5847524,是,否,是,True,竹東,34,28228.94914240322,28.22894914240322
3971,苗栗縣獅潭鄉,永興村,3鄰17-1號,120.931,24.5608,永興村活動中心,永興村與百壽村,150,"水災,震災,土石流,海嘯",林兆松,037-931070,是,否,否,True,苗栗,36,11241.650537126276,11.241650537126276
3972,苗栗縣苗栗市,福麗里,8鄰32-1號,120.8163,24.5613,福麗社區活動中心,福麗里,30,水災,林見桂,037-327686,是,否,否,True,苗栗,36,562.5848558355125,0.5625848558355124
3973,苗栗縣苗栗市,建功里,中正路241號,120.8243,24.5642,建功國小操場,"建功里,玉清里,上苗里,中苗里",300,"水災,震災,土石流,海嘯",江增雄,037-320043#710,否,是,否,True,苗栗,36,432.92052712630283,0.43292052712630286
3974,苗栗縣苗栗市,文山里,6鄰41號,120.8133,24.5671,文山國小活動中心,文山里、文聖里、新川里,80,,鄭紹蒸,037-320406#11,是,否,否,True,苗栗,36,728.6943557390665,0.7286943557390665
3975,苗栗縣苗栗市,文山里,4鄰41號,120.8133,24.5671,文山國小操場,"文山里,文聖里,新川里",150,"水災,震災,土石流,海嘯",鄭紹蒸,037-320406#11,否,是,否,True,苗栗,36,728.6943557390665,0.7286943557390665
3976,苗栗縣苗栗市,玉苗里,13鄰光復路210號,120.8244,24.5697,玉苗社區活動中心,玉苗里,30,水災,廖文熾,037-329118,是,否,否,True,苗栗,36,678.4759768309369,0.678475976830937
3977,苗栗縣苗栗市,北苗里,中華路45號2樓,120.8248,24.5711,北苗聯合社區活動中心室內空間,北苗里、上苗里、清華里、福星里,100,"水災,震災,土石流,海嘯",王書田,037-260610,是,否,否,True,苗栗,36,826.3762883094416,0.8263762883094417
3978,苗栗縣苗栗市,北苗里,中華路45號,120.8248,24.5711,北苗聯合社區活動中心室外停車場,"北苗里,上苗里,清華里,福星里",200,"水災,震災,土石流,海嘯",王書田,0933-458448,否,是,否,True,苗栗,36,826.3762883094416,0.8263762883094417
3980,新竹縣尖石鄉,玉峰村,5鄰38號,121.3656,24.5735,玉峰村集會所,玉峰村,50,"水災,土石流,海嘯",徐村長盛勝,03-5847080,是,否,是,True,竹東,34,33584.4544273931,33.584454427393105
3981,苗栗縣獅潭鄉,永興村,6鄰55-1號,120.9365,24.5737,永興國小,永興村,400,"震災,土石流,海嘯",林兆松,037-931070,是,否,是,True,苗栗,36,11827.962928056875,11.827962928056875
3982,宜蘭縣蘇澳鎮,南建里,學府路117號,121.8689,24.576,南安國中,南成里、南建里、南興里,82,"水災,震災,土石流,海嘯",林惠珠,03-9962749,是,是,是,True,冬山,40,9896.856312244894,9.896856312244894
3983,宜蘭縣蘇澳鎮,永樂里,永樂路116巷6號,121.8414,24.5762,永樂社區活動中心,永樂里,74,"水災,震災,海嘯",王水龍,03-9971536,是,是,是,True,冬山,40,7910.452126257722,7.910452126257722
3984,苗栗縣頭屋鄉,頭屋村,中山街15號,120.8509,24.5764,苗栗縣頭屋國小操場,飛鳳村、曲洞村、頭屋村,100,震災,徐明榮,037-251071,否,是,否,True,苗栗,36,3364.4616738202003,3.3644616738202004
3985,苗栗縣頭屋鄉,頭屋村,中山街15號?,120.8509,24.5764,苗栗縣頭屋國小活動中心,飛鳳村、曲洞村、頭屋村,150,"水災,土石流",徐明榮,037-251071,是,否,是,True,苗栗,36,3364.4616738202003,3.3644616738202004
3986,苗栗縣頭屋鄉,頭屋村,中正街86巷14號,120.8534,24.577,苗栗縣頭屋國中操場,獅潭村、北坑村、象山村、明德村、鳴鳳村,100,震災,陳至翔,037-250738-140,否,是,是,True,苗栗,36,3624.2509887199535,3.6242509887199534
3987,苗栗縣頭屋鄉,頭屋村,中正街86巷14號?,120.8534,24.577,苗栗縣頭屋國中活動中心,獅潭村、北坑村,100,"水災,土石流",陳至翔,037-250738-140,是,否,是,True,苗栗,36,3624.2509887199535,3.6242509887199534
3988,宜蘭縣蘇澳鎮,永樂里,永樂路1號,121.8461,24.5786,永樂國小,永樂里、永春里,34,"水災,震災,海嘯",吳俊德,03-9962840,是,是,是,True,冬山,40,8015.404237064764,8.015404237064764
3989,宜蘭縣蘇澳鎮,南建里,學府路122號,121.8684,24.5789,南安國小,南安里、南正里、南寧里,69,"水災,震災,土石流,海嘯",張志弘,03-9962043,是,是,是,True,冬山,40,9657.826133732964,9.657826133732964
3990,苗栗縣苗栗市,福星里,中華東街62號,120.826,24.5791,福星國小活動中心,福星里、嘉新里、福安里、清華里,80,"水災,震災,土石流,海嘯",楊德遠,037-26472#11,是,否,否,True,苗栗,36,1672.4079817309903,1.6724079817309903
3991,苗栗縣苗栗市,福星里,中華東街62號,120.826,24.5791,福星國小操場,"福星里,嘉新里,福安里,清華里",150,"水災,震災,土石流,海嘯",楊德遠,037-264724#11,否,是,否,True,苗栗,36,1672.4079817309903,1.6724079817309903
3992,宜蘭縣蘇澳鎮,南建里,內埤路117巷2號,121.8599,24.5794,昭安社區活動中心,南建里,51,"水災,土石流",鄭榮吉,03-9967231,是,否,是,True,冬山,40,8955.75000459813,8.95575000459813
3993,宜蘭縣蘇澳鎮,南興里,華山七巷16之2號,121.8663,24.5798,南興社區活動中心,南興里,33,"水災,震災,土石流",王文彬,03-9961777,是,否,是,True,冬山,40,9428.701716127558,9.428701716127557
3994,苗栗縣獅潭鄉,百壽村,7鄰42-1號,120.9415,24.5799,百壽村活動中心,百壽村,60,"水災,震災,土石流,海嘯",林兆松,037-931070,是,否,是,True,苗栗,36,12405.096226905529,12.40509622690553
3995,苗栗縣頭屋鄉,象山村,7鄰象山路82-1號,120.8661,24.581,頭屋鄉老人文康活動中心,象山村、明德村、鳴鳳村,50,"水災,土石流",李懿瀅,037-250078-46,是,否,是,True,苗栗,36,4983.729788032819,4.983729788032819
3996,宜蘭縣蘇澳鎮,南寧里,南新路9號,121.8695,24.5812,南寧社區活動中心,南寧里,37,"水災,震災,土石流",陳健興,03-9952578,是,否,是,True,冬山,40,9593.974265837174,9.593974265837174
3997,宜蘭縣蘇澳鎮,永春里,永春路134巷11之1號,121.8454,24.5826,白米社區活動中心,永春里,40,"水災,震災,土石流,海嘯",鄒金玉,03-9965316,是,否,是,True,冬山,40,7643.461212467032,7.643461212467032
3998,宜蘭縣蘇澳鎮,南正里,民生路15號,121.864,24.583,南成社區活動中心,南正里,34,"水災,震災,土石流,海嘯",藍文炳,03-9967342,是,否,是,True,冬山,40,9027.896256388778,9.027896256388779
3999,苗栗縣後龍鎮,中和里,中和里14鄰152號,120.734732,24.588097,中和國小操場,中和里 南港里,300,,何翎采,037—921451#03,否,是,否,True,苗栗,36,9018.57094886891,9.01857094886891
4000,苗栗縣後龍鎮,中和里,中和里14鄰152號,120.7347,24.5881,中和國小綜合教室,中和里 南港里,90,"水災,震災,土石流,海嘯",何翎采,037—921451#13,是,否,是,True,苗栗,36,9021.773027320145,9.021773027320146
4002,宜蘭縣蘇澳鎮,長安里,光明路8號,121.8537,24.5923,士敏國小,長安里、永光里,55,"水災,震災,土石流,海嘯",李博文,03-9962342,是,是,是,True,冬山,40,7576.715127270133,7.576715127270133
4003,宜蘭縣蘇澳鎮,長安里,勝利路1-1號,121.8541,24.5928,長安社區活動中心,長安里,93,"水災,震災,土石流,海嘯",陳俐莉,03-9962217,是,否,是,True,冬山,40,7577.607744948915,7.5776077449489145
4004,宜蘭縣蘇澳鎮,蘇西里,志成路62號,121.8412,24.5939,蘇西社區活動中心,蘇西里,51,"水災,震災,土石流,海嘯",王清珠,03-9961912,是,是,是,True,冬山,40,6472.554387102964,6.472554387102964
4005,宜蘭縣蘇澳鎮,永光里,蘇港路85號,121.8521,24.594,永光社區活動中心,永光里,114,"水災,震災,土石流,海嘯",盧育順,03-9951515,是,是,是,True,冬山,40,7335.471205634135,7.335471205634135
4007,苗栗縣南庄鄉,南江村,22鄰55-1號,121.0001,24.5943,南江村社區活動中心,南江村,50,"水災,土石流",張滿福,37825289,是,否,是,True,頭份,35,15314.161504842068,15.314161504842069
4009,宜蘭縣蘇澳鎮,聖湖里,全祿街10號,121.8345,24.5947,聖湖社區活動中心,聖湖里,99,"水災,震災,土石流,海嘯",宋湘雲,03-9971003,是,是,是,True,冬山,40,5914.157895574743,5.914157895574743
4011,宜蘭縣蘇澳鎮,聖湖里,中山路二段1號,121.8354,24.5953,蘇澳國中,聖湖里、聖愛里、蘇西里,67,"水災,震災,土石流,海嘯",張煇志,03-9962137,是,是,是,True,冬山,40,5933.385219956652,5.9333852199566515
4012,宜蘭縣蘇澳鎮,蘇東里,蘇花路5段101巷1號,121.8544,24.5956,蘇東社區活動中心,蘇東里,35,"水災,震災,土石流,海嘯",賴杰森,03-9960383,是,是,是,True,冬山,40,7428.695580167837,7.428695580167837
4013,宜蘭縣蘇澳鎮,蘇西里,中山路一段366號,121.8413,24.5967,蘇澳國小,蘇西里、蘇北里、聖愛里、聖湖里,72,"水災,震災,土石流,海嘯",陳建州,03-9962312,是,是,是,True,冬山,40,6281.485753553129,6.281485753553129
4014,宜蘭縣蘇澳鎮,蘇北里,新生路8號,121.8505,24.5968,蘇北社區活動中心,蘇北里,28,"水災,土石流,海嘯",邱?欽,03-9964744,是,否,是,True,冬山,40,7025.980461210565,7.025980461210565
4015,苗栗縣南庄鄉,東村,大同路1-1號,121.0009,24.5969,東村社區第二活動中心,東村,60,"水災,土石流",黃萬祥,932527982,是,否,是,True,頭份,35,15156.790923511935,15.156790923511934
4018,宜蘭縣蘇澳鎮,蘇南里,光復路27巷4號,121.8526,24.5971,蘇南社區活動中心,蘇南里,44,"水災,震災,土石流,海嘯",翁正誠,03-9962701,是,否,是,True,冬山,40,7185.363739876523,7.185363739876523
4020,宜蘭縣大同鄉,,大同鄉茂安村1鄰志航15-1號,121.5301,24.599,樂水活動中心,茂安村,99,"水災,震災,土石流",陳枝榮,03-9809653,是,否,是,True,冬山,40,26866.191901446102,26.8661919014461
4021,宜蘭縣蘇澳鎮,龍德里,福德路177巷27號,121.8,24.6,龍德社區活動中心,龍德里,140,"震災,土石流",劉德圈,03-9909346,是,是,是,True,冬山,40,3638.139018963481,3.638139018963481
4022,苗栗縣南庄鄉,東村,文化路3號,120.9993,24.6004,南庄國小,東村,300,"震災,土石流",日智衡,037-822007,否,是,是,True,頭份,35,14763.574227180969,14.76357422718097
4023,苗栗縣後龍鎮,龍坑里,龍坑里十班坑158號,120.7782,24.6019,龍坑國小教室,龍坑里,80,"水災,震災,土石流,海嘯",徐國銘,037--722027,是,否,是,True,苗栗,36,5893.264324634895,5.893264324634895
4024,苗栗縣後龍鎮,龍坑里,龍坑里十班坑158號,120.778154,24.601926,龍坑國小操場,龍坑里,200,,徐國銘,037--722027,否,是,否,True,苗栗,36,5898.617413210595,5.898617413210595
4025,苗栗縣後龍鎮,龍津里,龍津里10鄰同興94號,120.761765,24.610127,同光國小操場,龍津里 福寧里,200,震災,羅淑瑩,037-450738#14,否,是,否,True,苗栗,36,7740.191729325637,7.7401917293256375
4026,苗栗縣後龍鎮,龍津里,龍津里10鄰同興94號,120.7632,24.6105,同光國小綜合教室,龍津里 福寧里,100,"水災,震災,土石流,海嘯",羅淑瑩,037-450738#14,是,否,否,True,苗栗,36,7656.939632972014,7.656939632972014
4027,宜蘭縣大同鄉,寒溪村,8鄰寒溪巷5號,121.6779,24.611,寒溪活動中心,寒溪村,122,"水災,震災,土石流",簡浴沂,03-9517475,是,否,否,True,冬山,40,11881.452748749825,11.881452748749826
4028,苗栗縣後龍鎮,大庄里,中山路252號,120.7946,24.6121,維真國中活動中心,大庄里,100,"水災,震災,土石流,海嘯",吳建勳,037-722537#23,是,否,是,True,苗栗,36,5822.325820561158,5.822325820561158
4029,宜蘭縣蘇澳鎮,岳明里,岳明新村91號,121.8502,24.6122,岳明社區活動中心,港邊里,40,"水災,震災,土石流",林玉明,02-29287551,是,否,是,True,冬山,40,6207.934276021031,6.207934276021031
4030,苗栗縣後龍鎮,大庄里,中山路252號,120.794682,24.612202,維真國中操場,大庄里,500,,吳建勳,037-722537#22,否,是,否,True,苗栗,36,5828.77675797098,5.82877675797098
4031,苗栗縣後龍鎮,埔頂里,頂東路30號,120.8194,24.6128,新港國中小活動中心,校椅里 新民里 埔頂里 復興里 豐富里,100,"水災,震災,土石流,海嘯",李文源,037—722547#241,是,否,是,True,苗栗,36,5295.5449903341105,5.29554499033411
4032,苗栗縣後龍鎮,埔頂里,頂東路30號,120.819422,24.612828,新港國中小操場,校椅里 新民里 埔頂里 復興里 豐富里,500,,李文源,037—722547#241,否,是,否,True,苗栗,36,5298.615915079711,5.298615915079711
4034,宜蘭縣蘇澳鎮,港邊里,嶺腳路140號,121.8531,24.6135,岳明國小,港邊里,63,"水災,震災,土石流,海嘯",黃建榮,03-9903044,是,是,是,True,冬山,40,6435.265869959964,6.435265869959964
4035,苗栗縣後龍鎮,新民里,中心路121-5號,120.814498,24.61375,苗栗縣老人福利服務中心,新民里,200,"水災,震災",張華玉,037-721664,是,否,否,True,苗栗,36,5430.144415843126,5.430144415843126
4036,苗栗縣後龍鎮,大庄里,成功路254號,120.7961,24.6138,後龍國小教室,大庄里 東明里,100,"水災,震災,土石流,海嘯",李育蕙,037-722049#830,是,否,是,True,苗栗,36,5927.700349698075,5.927700349698075
4037,苗栗縣後龍鎮,大庄里,成功路254號,120.796137,24.613833,後龍國小操場,大庄里 東明里,500,,李育蕙,037-722049#830,否,是,否,True,苗栗,36,5929.498042947274,5.929498042947275
4038,苗栗縣後龍鎮,中龍里,13鄰中南街167號,120.787967,24.614455,中龍里活動中心,中龍里,50,"震災,土石流,海嘯",郭金國,037-723256,是,否,是,True,苗栗,36,6372.749788567788,6.372749788567788
4039,苗栗縣後龍鎮,北龍里,7鄰東門街151號,120.7908,24.6154,北龍里活動中心,北龍里,50,"水災,震災,土石流,海嘯",朱承沛,037-724726,是,否,是,True,苗栗,36,6323.271447371795,6.323271447371795
4040,宜蘭縣蘇澳鎮,隘丁里,城中路40號,121.837,24.6158,隘丁社區活動中心,隘丁里,47,"震災,土石流,海嘯",李福全,03-9903951,是,否,是,True,冬山,40,4818.142530053518,4.818142530053518
4041,苗栗縣後龍鎮,南龍里,23鄰勝利街250號,120.784618,24.616631,後龍國中操場,南龍里,500,,鄧竹君,037-722028-14,否,是,否,True,苗栗,36,6755.287219608195,6.755287219608196
4042,苗栗縣三灣鄉,北埔村,3鄰下林坪40號,120.9478,24.6167,北埔社區活動中心,三灣鄉北埔村,60,"水災,土石流,海嘯",古鎮彰,037-833196,是,否,是,True,頭份,35,10179.493992652473,10.179493992652473
4043,苗栗縣後龍鎮,南龍里,23鄰勝利街250號,120.785149,24.616762,後龍國中活動中心,南龍里,80,"水災,震災",鄧竹君,037-722028#14,是,否,是,True,苗栗,36,6739.164021595611,6.739164021595611
4044,宜蘭縣蘇澳鎮,永榮里,新馬路2號,121.8328,24.6179,文化國中,永榮里、隘丁里,61,"水災,震災,土石流,海嘯",林琦瑄,03-9903060,是,是,是,True,冬山,40,4336.874486227395,4.336874486227395
4045,苗栗縣南庄鄉,田美村,田美153號,120.9948,24.6197,田美社區活動中心,田美村,30,"水災,土石流",余發明,037-821399,是,否,是,True,頭份,35,12951.874508040173,12.951874508040174
4046,宜蘭縣蘇澳鎮,新城里,慶安路1號,121.8272,24.6204,慶安廟活動中心,新城里,42,"水災,震災,土石流,海嘯",蕭旺德,03-9903816,是,否,是,True,冬山,40,3708.2008271682203,3.7082008271682203
4047,苗栗縣後龍鎮,溪洲里,87-3號,120.776741,24.620956,溪洲國小操場,溪洲里,500,,許文享,037—723853#10,否,是,否,True,苗栗,36,7596.9625544723285,7.596962554472329
4048,宜蘭縣蘇澳鎮,永榮里,和平路51號,121.8362,24.6212,永榮社區活動中心,永榮里,78,"水災,震災,土石流,海嘯",陳旺德,03-9906581,是,否,是,True,冬山,40,4547.6994753191875,4.547699475319187
4049,宜蘭縣蘇澳鎮,永榮里,大同路108號,121.8349,24.6219,馬賽國小,永榮里、新城里,63,"水災,震災,土石流,海嘯",盧聰賢,03-9902694,是,是,是,True,冬山,40,4400.273034242298,4.400273034242298
4050,宜蘭縣蘇澳鎮,頂寮里,頂寮路2號,121.838037,24.623428,頂寮文教活動中心,頂寮里,170,"水災,震災,土石流",蘇長盛,03-9901786,是,是,是,True,冬山,40,4669.5841460445645,4.669584146044564
4051,苗栗縣造橋鄉,大西村,慈聖路二段322巷1號,120.8875,24.6236,造橋鄉綜合活動中心-室內,造橋鄉各村,60,"水災,震災,土石流,海嘯",張秉閎,037-543250轉136,是,否,是,True,頭份,35,8197.892256733392,8.197892256733391
4052,苗栗縣造橋鄉,大西村,慈聖路二段322巷1號,120.8875,24.6236,造橋鄉綜合活動中心-室外,造橋鄉各村,150,"水災,震災,土石流,海嘯",張秉閎,037-543250轉136,否,是,否,True,頭份,35,8197.892256733392,8.197892256733391
4053,宜蘭縣蘇澳鎮,永榮里,思村路9號,121.832,24.6249,福德社區活動中心,永榮里,60,"震災,土石流",林森豪,03-9908208,是,否,是,True,冬山,40,4037.888695712198,4.037888695712198
4054,宜蘭縣冬山鄉,大興村,振安路5號2樓,121.8106,24.6253,大興社區活動中心,大興村,50,"水災,震災",黃昭郎,03-9596529,是,否,是,True,冬山,40,1945.8045059284168,1.9458045059284168
4056,宜蘭縣蘇澳鎮,存仁里,存仁路199之1號,121.8419,24.6262,存仁社區活動中心,存仁里,55,土石流,許金鴻,03-9901977,是,是,是,True,冬山,40,5002.770010940428,5.002770010940428
4057,苗栗縣三灣鄉,大河村,7鄰60-1號,120.9064,24.6266,大河社區活動中心,三灣鄉大河村,70,"水災,土石流,海嘯",劉玉秋,037-833983,是,否,是,True,頭份,35,7825.939658315231,7.825939658315231
4058,宜蘭縣冬山鄉,香和村,香和路138巷24號,121.7975,24.6276,香和社區活動中心,香和村,56,水災,黃壬申,03-9592508,是,否,否,True,冬山,40,688.6454865867112,0.6886454865867112
4059,苗栗縣南庄鄉,南富村,13鄰14號,120.9708,24.6297,南富社區活動中心,南富村,50,"水災,土石流",曾新全,037-821582,是,否,是,True,頭份,35,10424.549547896573,10.424549547896573
4060,宜蘭縣冬山鄉,東城村,東城路280號,121.8063,24.6297,東城社區活動中心,東城村,107,水災,黃萬金,03-9592036,是,否,是,True,冬山,40,1381.9783569897409,1.3819783569897408
4061,苗栗縣南庄鄉,員林村,15鄰52號,120.9634,24.6318,員林社區活動中心,員林村,50,"水災,土石流",陳世宏,037-834252,是,否,是,True,頭份,35,9741.179946475717,9.741179946475716
4062,宜蘭縣大同鄉,,大同鄉樂水村5鄰碼崙46號,121.6064,24.6318,復興活動中心,樂水村,92,"水災,震災,土石流",曾秀月,03-9801419,是,否,否,True,冬山,40,18885.055333432312,18.885055333432312
4063,新竹縣五峰鄉,大隘村,6鄰98號2樓,121.1194,24.6321,五峰活動中心,大隘村,110,"水災,土石流,海嘯",張曉涵,03-5851509,是,否,是,True,竹東,34,12439.511849245868,12.439511849245868
4064,苗栗縣後龍鎮,水尾里,水尾里12鄰104-1號,120.761747,24.63268,成功國小操場,水尾里 秀水里,300,,陳若蘭,037-722211#14,否,是,否,True,苗栗,36,9546.694055259011,9.546694055259012
4065,宜蘭縣冬山鄉,太和村,太和路248號,121.7734,24.6327,太和社區活動中心,太和村,98,"水災,震災",黃崇澤,03-9592096,是,否,是,True,冬山,40,1977.8993419472222,1.9778993419472222
4066,宜蘭縣冬山鄉,大進村,大進九路50號,121.7121,24.6332,大進社區活動中心,大進村,135,水災,藍榮宗,03-9511430,是,否,是,True,冬山,40,8184.197163218972,8.184197163218972
4067,宜蘭縣冬山鄉,冬山村,冬山路98之2號,121.7938,24.6333,南興社區活動中心,南興村,85,"水災,震災",黃騰誼,03-9595831,是,否,否,True,冬山,40,150.1967066715908,0.1501967066715908
4068,苗栗縣南庄鄉,獅山村,15鄰166-2號,121.0135,24.6343,獅山社區第二活動中心,獅山村,50,"水災,土石流",邱國榮,037-823588,是,否,是,True,頭份,35,13531.520221112083,13.531520221112084
4069,宜蘭縣冬山鄉,安平村,安平路23號,121.7893,24.6346,安平社區活動中心,安平村,52,"水災,震災",陳文德,922530221,是,否,否,True,冬山,40,453.2276516298829,0.45322765162988293
4070,苗栗縣頭份市,濫坑里,4鄰藤坪44號,120.8836,24.6354,濫坑社區活動中心,濫坑里,55,"水災,土石流,海嘯",徐文妙,037-543892,是,否,是,True,頭份,35,6981.476696732314,6.981476696732314
4071,宜蘭縣冬山鄉,冬山村,中正路20號,121.7903,24.6359,冬山社區活動中心,冬山村,46,"水災,震災",黃秋菊,03-9592467,是,否,否,True,冬山,40,488.34768375263866,0.48834768375263865
4072,宜蘭縣冬山鄉,八寶村,八寶路29號,121.7675,24.638,八寶社區活動中心,八寶村,65,"水災,震災",林炳楠,03-9586457,是,否,否,True,冬山,40,2653.2966225968253,2.6532966225968253
4073,苗栗縣造橋鄉,造橋村,1鄰老庄27號,120.8563,24.6392,造橋鄉造橋國中-室外,造橋鄉各村。,300,"水災,震災,土石流,海嘯",曾瓊瑩,037-562773轉145,否,是,否,True,頭份,35,7698.015328737876,7.698015328737876
4074,苗栗縣造橋鄉,造橋村,1鄰老庄27號,120.8563,24.6392,造橋鄉造橋國中-室內,造橋鄉各村。,300,"水災,震災,土石流,海嘯",曾瓊瑩,037-562773轉145,是,否,是,True,頭份,35,7698.015328737876,7.698015328737876
4075,宜蘭縣蘇澳鎮,龍德里,福德路134號,121.833,24.6402,育英國小,龍德里,80,"水災,震災,土石流",李明怡,03-9901294,是,是,是,True,冬山,40,4152.609657131858,4.152609657131857
4076,新竹縣尖石鄉,秀巒村,1鄰田埔5號,121.2785,24.6414,秀巒國小田埔分校,秀巒村全村,60,"水災,土石流,海嘯",孟玉蘭,03-5847823,是,否,是,True,竹東,34,22121.65947389805,22.12165947389805
4077,宜蘭縣冬山鄉,丸山村,港尾路98號,121.7662,24.6425,丸山社區活動中心,丸山村、中山村,154,"水災,震災",江清鴻,03-9580750,是,否,是,True,冬山,40,2936.5401613779154,2.9365401613779154
4078,宜蘭縣冬山鄉,珍珠村,富農路1段383巷50號,121.7942,24.6434,珍珠社區活動中心,珍珠村,54,"水災,震災",林坤煌,39581118,是,否,是,True,冬山,40,1246.9067247018415,1.2469067247018415
4079,宜蘭縣冬山鄉,三奇村,成興路812號,121.814,24.6435,三奇社區活動中心,三奇村,40,震災,謝見忠,03-9591532,是,否,是,True,冬山,40,2473.2733025228827,2.4732733025228826
4080,宜蘭縣冬山鄉,補城村,建進2路29號,121.8023,24.6436,補城社區活動中心,補城村,41,震災,陳振仁,03-9509029,是,否,否,True,冬山,40,1579.2189245203517,1.5792189245203516
4081,宜蘭縣冬山鄉,得安村,下湖路398號,121.7529,24.6447,梅花社區活動中心,得安村,78,水災,陳世英,03-9510556,是,否,是,True,冬山,40,4282.36456181936,4.282364561819359
4082,宜蘭縣五結鄉,成興村,蘇澳鎮頂寮路20巷2號,121.8327,24.6447,成興社區老人活動中心,成興村,121,"水災,震災",張添祥,03-9501752,是,否,是,True,冬山,40,4257.880521348119,4.2578805213481195
4083,苗栗縣後龍鎮,灣寶里,7鄰龍山路109號,120.809726,24.645529,大山國小操場,灣寶里 大山里,300,,黃偉豪,037—432784#14,否,是,否,True,苗栗,36,8981.82715292667,8.98182715292667
4084,苗栗縣後龍鎮,灣寶里,7鄰龍山路109號,120.8095,24.6457,大山國小教室,灣寶里 大山里,100,"水災,震災,土石流,海嘯",黃偉豪,037—432784#14,是,否,否,True,苗栗,36,9003.339885132787,9.003339885132787
4085,新竹縣五峰鄉,花園村,8鄰177號,121.1597,24.6464,花園村集會所,花園村,100,"水災,土石流,海嘯",趙姿婷,03-5851127,是,否,是,True,竹東,34,12681.794141484754,12.681794141484755
4087,苗栗縣頭份市,尖下里,11鄰尖豐路578巷56弄1號,120.8826,24.6485,中山社區活動中心,尖下,60,"水災,土石流,海嘯",譚潤桂,037-639232,是,否,是,True,頭份,35,5603.321920940454,5.603321920940454
4088,苗栗縣後龍鎮,外埔里,6鄰外埔18-9號,120.779,24.6508,外埔國小教室,外埔里 海埔里,70,"震災,土石流,海嘯",蔡佳芬,037-431809#22,是,否,是,True,苗栗,36,10375.687241250278,10.375687241250278
4089,苗栗縣後龍鎮,外埔里,6鄰外埔18-9號,120.77902,24.650822,外埔國小操場,外埔里 海埔里,300,震災,蔡佳芬,037-431809#22,否,是,否,True,苗栗,36,10377.106789966549,10.377106789966549
4090,苗栗縣三灣鄉,永和村,石馬店17號,120.9564,24.6527,永和社區活動中心,三灣鄉永和村,50,"水災,土石流,海嘯",廖進財,037-593835,是,否,是,True,頭份,35,7621.079641319487,7.621079641319486
4091,宜蘭縣五結鄉,成興村,利成路一段185號,121.8263,24.6532,成興村老人福利中心,成興村、利澤村、季新村,539,"水災,震災",張金發,03-9502182,是,否,是,True,冬山,40,4101.6507006018355,4.1016507006018355
4092,宜蘭縣冬山鄉,順安村,義成路2段378巷87號,121.7647,24.6533,順安社區活動中心,順安村,222,"水災,震災",李明增,03-9581476,是,否,是,True,冬山,40,3691.5227245562046,3.691522724556205
4093,新竹縣峨眉鄉,七星村,六寮60-8號,121.02454,24.65533,獅山遊客中心,七星村,25,"水災,震災,土石流",曾森裕,03-5809296,是,否,是,True,竹東,34,11503.695057462732,11.503695057462732
4094,苗栗縣頭份市,尖下里,200號,120.880566,24.655468,文英國中操場,尖山、尖下、廣興,150,震災,鍾萬煋,037-624260,否,是,否,True,頭份,35,4942.691318753003,4.942691318753003
4095,新竹縣尖石鄉,玉峰村,1鄰1號,121.3264,24.6555,石磊國小,玉峰村全村,100,"水災,土石流,海嘯",鍾祥賜,03-5847080,是,否,是,True,龍潭,36,25630.821569436477,25.630821569436478
4096,宜蘭縣冬山鄉,永美村,永興路1段189號,121.771,24.6555,永美社區活動中心,永美村,30,"水災,震災",何長順,03-9584461,是,否,是,True,冬山,40,3403.9689301218714,3.4039689301218714
4097,宜蘭縣大同鄉,,大同鄉松羅村南巷81-10號,121.5789,24.6556,松羅活動中心,松羅村,86,"水災,震災,土石流",洪明文,03-9801173,是,否,是,True,宜蘭,28,19794.069023827873,19.794069023827873
4098,苗栗縣三灣鄉,內灣村,9鄰16-1號,120.955,24.6557,內灣社區活動中心,三灣鄉內灣村,50,"土石流,海嘯",賴鼎焜,037-833966,是,否,是,True,頭份,35,7300.8135381707625,7.300813538170763
4099,宜蘭縣冬山鄉,鹿埔村,鹿埔路490號,121.7506,24.6557,鹿埔社區活動中心,鹿埔村,154,"水災,震災",陳鏗芳,03-9582212,是,否,是,True,冬山,40,5013.599933681881,5.013599933681881
4100,苗栗縣三灣鄉,三灣村,中山路49號,120.955046,24.655737,三灣國小操場室外收容,三灣村,200,"水災,震災,土石流,海嘯",葉維寬校長,037-831006,否,是,是,True,頭份,35,7301.887248907827,7.301887248907827
4101,苗栗縣三灣鄉,三灣村,中山路49號,120.955046,24.655737,三灣國小室內活動中心,三灣村及頂寮村,200,"水災,土石流,海嘯",葉維寬校長,932527525,是,否,是,True,頭份,35,7301.887248907827,7.301887248907827
4102,苗栗縣頭份市,廣興里,5鄰廣興126-1號,120.8869,24.6583,廣興社區活動中心,廣興、尖山,40,"水災,土石流,海嘯",徐志雄,037-626999,是,否,否,True,頭份,35,4439.408717141359,4.439408717141359
4103,新竹縣橫山鄉,豐鄉村,大山背32號,121.1225,24.6592,豐鄉村集會所,豐鄉村,80,"水災,震災,土石流,海嘯",林進樟,03-5934129,是,否,是,True,竹東,34,9665.988717765853,9.665988717765853
4104,新竹縣竹東鎮,瑞峰里,上坪里43號,121.1225,24.6592,瑞峰國小操場,上坪里、瑞峰里,267,"震災,土石流,海嘯",張銀瓶,03-5949052＃100,否,是,否,True,竹東,34,9665.988717765853,9.665988717765853
4105,新竹縣竹東鎮,上坪里,43號,121.1225,24.6592,瑞峰國小禮堂,上坪里、瑞峰里,385,"水災,土石流,海嘯",何美姈,03-5966177-205,是,否,是,True,竹東,34,9665.988717765853,9.665988717765853
4106,新竹縣尖石鄉,玉峰村,5鄰59號,121.3012,24.6601,玉峰國小,玉峰村,50,"水災,土石流,海嘯",陳顯智,03-5847200,是,否,是,True,竹東,34,23266.39954911899,23.26639954911899
4107,宜蘭縣冬山鄉,武淵村,富農路2段325號,121.7976,24.6606,武淵社區活動中心,武淵村,108,震災,林新來,03-9507347,是,否,是,True,冬山,40,3180.767216505828,3.180767216505828
4109,苗栗縣後龍鎮,海寶里,5鄰52-2號,120.8217,24.6618,海寶國小教室,海寶里,100,"水災,震災,土石流,海嘯",盧定良,037—431235#12,是,否,是,True,頭份,35,8708.050482589002,8.708050482589002
4110,苗栗縣後龍鎮,海寶里,5鄰52-2號,120.821739,24.661823,海寶國小操場,海寶里,300,,盧定良,037—431235#13,否,是,否,True,頭份,35,8703.380865977988,8.703380865977987
4111,新竹縣橫山鄉,南昌村,竹東鎮上坪里43號,121.1215,24.66186,竹東瑞峰國小,南昌村,385,"水災,震災,土石流,海嘯",羅惠清,03-5949052,是,是,是,True,竹東,34,9354.597422496336,9.354597422496335
4113,新竹縣峨眉鄉,湖光村,11鄰湖農新村32號,120.98775,24.66422,湖光社區活動中心,湖光村,40,"水災,震災,土石流",楊進宏,037-602749,是,否,是,True,頭份,35,9712.481535180024,9.712481535180025
4114,宜蘭縣冬山鄉,清溝村,光明路51號,121.7611,24.6643,清溝社區活動中心,清溝村,85,"水災,震災",張建成,03-9588921,是,否,否,True,冬山,40,4798.045572097066,4.798045572097066
4115,宜蘭縣五結鄉,利澤村,下福路156號,121.8238,24.6649,利澤社區活動中心,利澤村,141,"水災,震災",陳朝彬,03-9503031,是,否,是,True,冬山,40,4783.739848098897,4.783739848098897
4117,宜蘭縣三星鄉,月眉村,月眉街54號,121.6538,24.6654,三星國中臨時收容站,月眉、集慶、拱照,500,"水災,土石流,海嘯",陳靜波,03-9891747,是,否,是,True,宜蘭,28,13088.86107701642,13.08886107701642
4118,苗栗縣三灣鄉,大坪村,大坪村9鄰下雙坑43之4號,120.9744,24.6663,大坪社區活動中心,大坪村,50,"水災,土石流,海嘯",徐淑嬌,037-54890,是,否,是,True,頭份,35,8377.917582850561,8.37791758285056
4119,宜蘭縣三星鄉,大洲村,五分路2段180號,121.6507,24.6663,大洲多功能館臨時收容站,大洲、尾塹、尚武,78,"水災,震災,土石流,海嘯",陳春基,03-9560726,是,否,是,True,宜蘭,28,13246.932313986408,13.246932313986408
4120,宜蘭縣羅東鎮,,羅東鎮新群里月眉路300號,121.7922,24.6673,新群社區活動中心,新群里,114,震災,李淑芬,03-9506763張文哲,是,否,是,True,冬山,40,3888.2325668088133,3.888232566808813
4121,宜蘭縣冬山鄉,群英村,冬山路5段51號,121.7735,24.6674,群英社區活動中心,群英村,64,震災,黃泰齡,03-9582580,是,否,是,True,冬山,40,4366.596135770541,4.366596135770541
4122,宜蘭縣羅東鎮,,羅東鎮西安里西安街468號,121.7544,24.6675,維安社區活動中心,西安里 維揚里,170,"水災,震災,海嘯",魏炎輝,03-9513336,是,否,是,True,冬山,40,5522.460680004406,5.522460680004405
4123,苗栗縣竹南鎮,港墘里,5鄰光明街2號,120.861,24.6677,港墘社區活動中心,海口里、港墘里,100,土石流,林裕章,037-461121,是,否,是,True,頭份,35,5001.4372725197445,5.001437272519745
4125,宜蘭縣三星鄉,天山村,福山街119號,121.6391,24.6681,憲明國小臨時收容站,天山、天福、員山、人和,42,"水災,震災,土石流,海嘯",鄭玉寅,03-9891423,是,否,否,True,宜蘭,28,14000.77409230779,14.000774092307791
4126,宜蘭縣三星鄉,義德村,三星路5段86號,121.6538,24.6685,三星國小臨時收容站,義德、集慶、人和,339,"水災,震災,土石流,海嘯",曾運玉,03-9891042,是,否,是,True,宜蘭,28,12851.35381311862,12.85135381311862
4127,宜蘭縣羅東鎮,南昌里,站前南路1號,121.7725,24.669,第三公園管理站南昌社區活動中心,南昌里 南豪里 成功里,133,"水災,震災,海嘯",林丞溱,03-9541185,是,否,是,True,冬山,40,4570.427950434574,4.570427950434574
4128,宜蘭縣冬山鄉,廣興村,永興路2段916號,121.7492,24.6691,廣興社區活動中心,廣興村,101,"水災,震災",游智慧,03-9510031,是,否,是,True,冬山,40,6024.766706594326,6.024766706594326
4129,宜蘭縣羅東鎮,,興東南路100號,121.7687,24.6707,成功國小體育館,南昌里 成功里 南豪里 羅莊里 新群里,228,,魏碧卿,03-9542156128,否,否,否,True,冬山,40,4919.157964834258,4.919157964834258
4131,宜蘭縣冬山鄉,廣安村,廣安路195號,121.7457,24.6709,廣安社區活動中心,廣安村,61,"水災,震災",馬金榮,03-9515031,是,否,是,True,冬山,40,6420.997399458425,6.420997399458425
4132,宜蘭縣羅東鎮,羅莊里,羅莊街357號,121.7797,24.6716,羅莊社區活動中心,羅莊里,122,"水災,震災,海嘯",賴雲木,03-9506616,是,否,是,True,冬山,40,4564.6534107534335,4.564653410753434
4133,宜蘭縣羅東鎮,開明里,清潭路146號2樓,121.7709,24.6725,阿束社社區活動中心,開明里,28,"水災,震災,海嘯",莊添鐘,03-9542525,是,否,是,True,冬山,40,4989.520757563926,4.989520757563926
4134,宜蘭縣羅東鎮,開明里,清潭路146號2樓,121.7709,24.6725,仁和社區活動中心,仁和里,28,"水災,震災,海嘯",陳圳茂,03-9565033,是,否,是,True,冬山,40,4989.520757563926,4.989520757563926
4136,宜蘭縣羅東鎮,集祥里,公園路13號,121.7682,24.6733,第二公園管理站羅東鎮老人館,集祥里,99,"水災,震災,海嘯",林姿妙,03-9545102,是,否,是,True,冬山,40,5194.98003524745,5.1949800352474504
4137,宜蘭縣羅東鎮,,羅東鎮忠義巷92之1號,121.7663,24.6736,仁德社區活動中心,仁德里,98,"水災,震災,海嘯",林啟東,03-9546412,是,否,是,True,冬山,40,5318.959741981076,5.318959741981076
4138,宜蘭縣羅東鎮,,羅東鎮漢民里純精路一段219號,121.7635,24.6737,漢民社區活動中心,漢民里,201,"水災,震災,海嘯",蔡德昌,03-9563167,是,否,是,True,冬山,40,5477.354515933494,5.477354515933494
4139,宜蘭縣羅東鎮,,羅東鎮東安里天祥路171號,121.7766,24.6745,東安社區活動中心,東安里,289,"水災,震災,海嘯",李錫欽,03-9569985,是,否,是,True,冬山,40,4968.056280268681,4.968056280268681
4140,苗栗縣頭份市,下興里,水源路157號,120.912927,24.675131,新興國小操場,上興里、下興里,200,"水災,震災,海嘯",鍾正康,037-663855#11,否,是,是,True,頭份,35,2809.223410544197,2.809223410544197
4141,苗栗縣竹南鎮,海口里,7鄰保福路20號,120.8616,24.6755,海口國小-操場,海口里、港墘里、開元里、公?里、中美里,500,震災,游秀蘭,037-461354,否,是,是,True,頭份,35,4439.714171289675,4.439714171289674
4142,宜蘭縣羅東鎮,,北成路一段125號,121.7586,24.6756,北成國小自強館,北成里 維揚里 西安里,319,,鍾月秋,03-9512626,否,否,否,True,冬山,40,5931.398954168522,5.931398954168523
4145,宜蘭縣羅東鎮,大新里,中正路128號2樓,121.7714,24.676,大新社區活動中心,大新里,54,"水災,震災,海嘯",郭月嬌,9543906,是,否,是,True,冬山,40,5318.188770529535,5.3181887705295345
4146,苗栗縣三灣鄉,三灣村,親民路15號,120.9551,24.6763,三灣鄉活動中心,三灣村,80,"水災,土石流,海嘯",邱惠雅,037-592188,是,否,是,True,頭份,35,6147.479860060847,6.147479860060847
4147,苗栗縣頭份市,下興里,7鄰下東興78-7號,120.9107,24.6765,下興社區活動中心,上興.下興,90,"土石流,海嘯",劉永泉,037-667890,是,否,是,True,頭份,35,2566.100541169134,2.566100541169134
4148,宜蘭縣冬山鄉,柯林村,光華路209號,121.7298,24.6765,柯林社區活動中心,柯林村,54,水災,陳文生,03-9517220,是,否,是,True,冬山,40,8056.699531954907,8.056699531954907
4150,宜蘭縣五結鄉,季新村,季新村季水路北巷6-1號,121.8317,24.6766,季新社區活動中心,季新村,110,"水災,震災",張文政,03-9370451,是,否,否,True,冬山,40,6291.8972877081505,6.29189728770815
4152,宜蘭縣羅東鎮,,國華街101號,121.7608,24.6767,國華國中自強館,仁德里 國華里 漢民里,306,,游贊薰,03-513062303,否,否,否,True,冬山,40,5905.035230228871,5.905035230228871
4153,宜蘭縣羅東鎮,北成里,北成路二段57巷6號,121.7527,24.6789,北成社區活動中心,北成里 國華里,210,"水災,震災,海嘯",張鐸川,03-9611090,是,否,是,True,冬山,40,6583.027315827189,6.58302731582719
4155,宜蘭縣羅東鎮,,公正路199號,121.7667,24.6793,公正國小體育館,大新里 賢文里 仁和里 中山里 開明里,1309,,林勇志,03-9566659,是,是,否,True,冬山,40,5853.462307618476,5.853462307618476
4156,宜蘭縣五結鄉,季新村,新店路99號,121.8178,24.6797,新店社區活動中心,季新村,77,"水災,震災",張文政,03-9370451,是,否,是,True,冬山,40,5832.45663842964,5.83245663842964
4157,宜蘭縣大同鄉,,大同鄉崙埤村朝陽10-8號,121.6007,24.6804,崙埤活動中心,崙埤村,74,"水災,震災,土石流",洪明文,03-9801174,是,否,是,True,宜蘭,28,16529.532209825524,16.529532209825526
4158,苗栗縣頭份市,斗煥里,中正二路221號,120.94751,24.680477,斗煥國小操場,斗煥里,200,"水災,震災,海嘯",徐木霖,037-663848,否,是,是,True,頭份,35,5264.453616320499,5.264453616320499
4159,苗栗縣頭份市,田寮里,7鄰南田街213號,120.8871,24.6807,田寮社區活動中心,田寮、蘆竹,80,"水災,土石流,海嘯",羅台珍,037-633129,是,否,是,True,頭份,35,2144.3647764629654,2.1443647764629654
4160,苗栗縣頭份市,田寮里,永貞路1段335號,120.884654,24.680886,永貞國小操場,蘆竹里、田寮里,200,"水災,震災,土石流,海嘯",柯淑瓊,037-623290#701,否,是,是,True,頭份,35,2273.0514763755355,2.2730514763755356
4161,宜蘭縣羅東鎮,,中華路99號,121.7683,24.6825,羅東國中自強館,信義里 公正里 東安里 集祥里,277,,陳俊宏,03-9542075,否,否,否,True,冬山,40,6103.510776751142,6.103510776751142
4162,苗栗縣頭份市,新華里,大成街下新店65號,120.939582,24.683093,大成高中操場,新華里,300,震災,葉明相,037-663371,否,是,否,True,頭份,35,4411.458817199196,4.411458817199196
4163,宜蘭縣羅東鎮,樹林里,文林路130號,121.7614,24.6833,第五公園管理站樹林社區活動中心,樹林里,146,震災,黃再興,9540605,是,否,是,True,冬山,40,6497.559021333014,6.497559021333014
4164,宜蘭縣羅東鎮,信義里,中華路189號,121.7686,24.6835,第一公園管理站信義社區活動中心,信義里 公正里,153,震災,盧業聲,03-9550025,是,否,是,True,冬山,40,6192.63773745994,6.19263773745994
4165,苗栗縣竹南鎮,大厝里,中正路146號,120.8698,24.6837,竹南國小-操場,大厝里、正南里、中華里、中英里、中港里,600,震災,廖金文,037-462020,否,是,是,True,頭份,35,3269.214569832749,3.269214569832749
4167,苗栗縣頭份市,民族里,東興路108號,120.904449,24.683856,民族社區活動中心室內,民權里、民生里,90,"水災,土石流,海嘯",方春得,037-683517,是,否,否,True,頭份,35,1558.4162537098696,1.5584162537098696
4168,苗栗縣頭份市,珊湖里,中正三路103號,120.9596,24.6844,珊湖社區活動中心,流東.珊湖,50,"水災,土石流,海嘯",黃陳素娥,037-601340,是,否,是,True,頭份,35,6317.022928684857,6.317022928684857
4171,新竹縣尖石鄉,錦屏村,1鄰4號,121.2512,24.685,錦屏村集會所,錦屏村全村,80,"水災,土石流,海嘯",李村長傳興,03-5841480,是,否,是,True,竹東,34,17544.288589302392,17.544288589302393
4172,宜蘭縣五結鄉,五結村,五結中路12號3樓,121.7979,24.6852,五結社區活動中心,五結,84,"水災,震災",洪銘鎮,03-9602799,是,否,是,True,冬山,40,5891.7810464360155,5.891781046436016
4173,苗栗縣頭份市,東庄里,民族路252號,120.901362,24.685661,六合國小操場,民族里、東庄里,200,"水災,震災,土石流,海嘯",鍾瑞蓉,037-663065#25,否,是,是,True,頭份,35,1274.501940991172,1.274501940991172
4174,苗栗縣頭份市,新華里,13鄰崎仔頭313號,120.9283,24.6863,新華社區活動中心,新華、斗煥,80,"水災,土石流,海嘯",黃源祥,037-673013,是,否,是,True,頭份,35,3218.05956892782,3.2180595689278197
4175,苗栗縣頭份市,仁愛里,中山路234號,120.913,24.6864,頭份市公所中正館,土牛.頭份.仁愛.信義.和平,100,"水災,土石流,海嘯",溫明乾,037-622950,是,否,是,True,頭份,35,1857.466244745925,1.857466244745925
4178,新竹縣峨眉鄉,峨眉村,獅山街7鄰28號,121.01747,24.68655,峨眉鄉老人文康中心,峨眉村、七星村、湖光村,145,"水災,震災,土石流",鄧慶福,03-5809421,是,否,是,True,竹東,34,9410.724015194175,9.410724015194175
4179,苗栗縣頭份市,流東里,信德路58號,120.960531,24.686799,信德國小操場,合興里、後庄里,300,"水災,震災,海嘯",黃文昭,037-602880,否,是,是,True,頭份,35,6356.7801616157185,6.356780161615719
4180,新竹縣峨眉鄉,富興村,太平街8號,120.9885,24.6868,富興國小,富興村,3412,"水災,震災,土石流",范熾強,03-5806353,是,是,是,True,頭份,35,9156.298333293324,9.156298333293323
4181,苗栗縣頭份市,東庄里,7鄰八德一路66號,120.8933,24.6871,東庄社區活動中心,東庄,20,"水災,土石流,海嘯",蕭珍纓,037-663551,是,否,是,True,頭份,35,1215.5530453576357,1.2155530453576358
4182,苗栗縣竹南鎮,竹興里,竹圍街27號,120.864955,24.687124,竹興國小-操場,竹興里、營盤里、龍鳳里、天文里、龍山里,300,震災,黃源成,037-465037,否,是,是,True,頭份,35,3581.7638345960922,3.5817638345960923
4183,宜蘭縣五結鄉,四結村,光榮北路198號,121.7739,24.6873,四結社區活動中心,上四、四結、中興村,93,"水災,震災",陳鋕淮,03-9550146,是,否,是,True,冬山,40,6399.568516441764,6.3995685164417635
4184,苗栗縣頭份市,頭份里,中正路219號,120.912124,24.688116,頭份國小操場,自強里、頭份、信義里、仁愛里,200,"水災,震災,土石流,海嘯",徐禮安,037-663020#15,否,是,是,True,頭份,35,1671.8625628922368,1.6718625628922368
4185,苗栗縣竹南鎮,新南里,五谷街2號,120.884878,24.688226,新南國小-操場,新南里、照南里,500,震災,李文章,613843#101,否,是,是,True,頭份,35,1696.6437080568899,1.69664370805689
4186,宜蘭縣羅東鎮,竹林里,復興路二段122號,121.7658,24.6883,竹林社區活動中心,竹林里,148,"水災,震災,海嘯",黃德勝,03-9563328,是,否,是,True,冬山,40,6793.328030306484,6.793328030306484
4187,宜蘭縣五結鄉,協和村,五結路2段199號,121.8045,24.6883,協和社區活動中心,協和村,161,"水災,震災",謝錫琴,03-9506695,是,否,是,True,冬山,40,6323.0704067198685,6.323070406719869
4188,宜蘭縣羅東鎮,,復興路二段128號,121.7661,24.6887,竹林國小體育館,竹林里 仁愛里 樹林里,357,震災,盧紹彬,03-954208433,是,是,是,True,冬山,40,6821.729814880927,6.821729814880927
4189,新竹縣峨眉鄉,峨眉村,峨眉街4號,121.02014,24.68874,峨眉國小,峨眉村,390,"水災,震災,土石流",陳聖源,03-5800674,是,是,是,True,竹東,34,9047.891352193934,9.047891352193934
4190,苗栗縣竹南鎮,新南里,永貞路二段196號,120.886019,24.689053,李科永圖書館,竹南里、照南里、新南里,300,"水災,土石流,海嘯",林雪玉,037-613187,是,否,否,True,頭份,35,1549.6369184308946,1.5496369184308947
4192,新竹縣尖石鄉,義興村,8鄰51號,121.1778,24.6895,義興分校,義興村,60,"水災,土石流,海嘯",余玉花,03-5841600,是,否,是,True,竹東,34,10640.603744864718,10.640603744864718
4193,苗栗縣頭份市,成功里,建國路119號,120.874545,24.68975,建國國中操場,建國、成功,250,震災,張慶應,037-691491#11,否,是,否,True,頭份,35,2568.8586465505787,2.5688586465505785
4194,新竹縣峨眉鄉,富興村,1鄰33號,120.98663,24.69036,富興社區活動中心,富興村,75,"水災,震災,土石流",蕭鶬松,03-5806486,是,否,是,True,頭份,35,8927.75741351178,8.92775741351178
4195,新竹縣峨眉鄉,峨眉村,峨眉街54號,121.0181,24.6908,峨眉國中,峨眉國小、富興國小第二避難所,590,"水災,震災,土石流",陳姿利,03-5800208,是,是,是,True,竹東,34,9066.148690001239,9.066148690001238
4196,苗栗縣竹南鎮,竹興里,新興街48巷6號,120.8605,24.6909,竹興社區活動中心-竹南鎮老人文康活動中心,中華里、中英里、中港里、中美里、竹興里,400,"水災,土石流",黃湘元,037-468888,是,否,是,True,頭份,35,3921.5369728867577,3.9215369728867575
4197,苗栗縣頭份市,蟠桃里,中央路275號,120.901115,24.6921,頭份國中操場,蟠桃里,250,震災,林秋蟬,037-663207#101,否,是,否,True,頭份,35,586.0945318605303,0.5860945318605303
4198,新竹縣峨眉鄉,中盛村,5鄰283號,121.03017,24.6922,中盛社區活動中心,中盛村,25,"水災,震災,土石流",何兆智,03-5800722,是,否,是,True,竹東,34,8030.022440933425,8.030022440933426
4199,苗栗縣頭份市,蟠桃里,信東路285號,120.906679,24.692772,蟠桃國小操場,忠孝里、蟠桃里,200,"水災,震災,土石流,海嘯",徐秀鳳,037-685410#22,否,是,是,True,頭份,35,928.8456370044871,0.9288456370044871
4202,苗栗縣頭份市,上埔里,上埔路85號,120.922781,24.69297,上埔社區活動中心室內,上埔里,60,"水災,土石流,海嘯",邱秀美,037-660157,是,否,是,True,頭份,35,2476.1215058992493,2.476121505899249
4205,苗栗縣頭份市,蟠桃里,22鄰中興街150號,120.9028,24.6937,蟠桃社區活動中心,蟠桃.文化.成功.建國,125,"水災,土石流,海嘯",林庭輝,037-685258,是,否,否,True,頭份,35,546.6867241745822,0.5466867241745822
4206,苗栗縣頭份市,忠孝里,2鄰忠孝2路83號,120.9114,24.6937,忠孝社區活動中心,忠孝.土牛.上埔,90,"水災,土石流,海嘯",黃桂坤,037-581818,是,否,是,True,頭份,35,1333.9583725095872,1.3339583725095872
4207,苗栗縣竹南鎮,佳興里,光復路331號,120.87945,24.694078,照南國小活動中心,天文里、佳興里、龍鳳里、山佳里、龍山里、營盤里、聖福里,500,"水災,土石流,海嘯",邱廷岳,037-472633,是,否,是,True,頭份,35,1972.182957736608,1.972182957736608
4208,苗栗縣竹南鎮,佳興里,光復路452號,120.8797,24.6953,佳興社區活動中心,天文里、佳興里、龍鳳里、山佳里、龍山里,100,"水災,土石流,海嘯",陳金鑾,037-552417,是,否,是,True,頭份,35,1930.0530556455421,1.9300530556455422
4209,新竹縣尖石鄉,嘉樂村,3鄰麥樹仁177號,121.2011,24.6953,嘉興國小,嘉樂村全村,50,"水災,土石流,海嘯",陳振炫,03-5841004,是,否,是,True,竹東,34,12419.644687090184,12.419644687090184
4210,苗栗縣頭份市,建國里,建國路80號,120.909781,24.695407,建國國小操場,成功里、建國里,200,"水災,震災,土石流,海嘯",鍾瑞彬,037-665905#3001,否,是,是,True,頭份,35,1134.2050416441073,1.1342050416441072
4211,宜蘭縣五結鄉,孝威村,孝威路322號,121.8117,24.6961,孝威社區活動中心,孝威村,168,"水災,震災",吳明吉,03-9504299,是,否,是,True,冬山,40,7328.229780193569,7.32822978019357
4212,苗栗縣頭份市,文化里,文化街20號,120.897894,24.696211,后庄國小操場,文化里,150,"水災,震災,土石流,海嘯",涂秋英,037-663858#611,否,是,是,True,頭份,35,111.68247823540467,0.11168247823540467
4213,宜蘭縣五結鄉,大吉村,大吉五路58號,121.8002,24.6963,五結國中五動館,大吉村,465,"水災,震災",余源興,03-9501105#13,是,否,是,True,冬山,40,7137.805570475463,7.1378055704754635
4214,苗栗縣頭份市,後庄里,信中路36號,120.890744,24.69706,信義國小操場,合興里、信義里,200,"水災,震災,土石流,海嘯",謝鳴鳳,037-626818#101,否,是,否,True,頭份,35,804.494622086649,0.804494622086649
4215,苗栗縣頭份市,興隆里,興隆路一段24-26號?,120.931057,24.697341,興隆社區活動中心室內,興隆里,100,,林阿榜,037-667095,否,否,否,True,頭份,35,3275.155064957464,3.275155064957464
4217,新竹縣峨眉鄉,石井村,4鄰34-7號,121.00073,24.69814,石井集會所,石井村,35,"水災,震災,土石流",李聲宏,03-5806206,是,否,是,True,竹東,34,10104.93206227745,10.10493206227745
4218,新竹縣尖石鄉,嘉樂村,6鄰9號,121.1913,24.6986,嘉樂村集會所,嘉樂村全村,40,"水災,土石流,海嘯",呂村長金龍,03-5841481,是,否,是,True,竹東,34,11365.32802913702,11.36532802913702
4221,新竹縣北埔鄉,北埔村,北埔街90號3樓,121.055108,24.700345,北埔鄉老人文康中心,北埔村、大林村、南興村、南埔村、大湖村、埔尾村、水?村,50,"水災,震災,土石流",姜良明,03-5805895,是,否,否,True,竹東,34,5649.355572057328,5.649355572057328
4222,新竹縣北埔鄉,埔尾村,埔心街132號,121.054377,24.700742,埔尾活動中心二次避難所,埔尾村、水?村、大林村、南興村、南埔村、大湖村,40,"水災,土石流",陳達夫,03-5801390,是,否,否,True,竹東,34,5659.849043971433,5.659849043971433
4223,新竹縣北埔鄉,埔尾村,埔心街24號,121.053448,24.700797,北埔國小二次避難所,北埔村、埔尾村、水?村、大林村、南興村、南埔村、大湖村,865,"水災,土石流",鄭嘉勝,03-5802215,是,是,否,True,竹東,34,5713.675411652406,5.713675411652406
4225,宜蘭縣羅東鎮,,羅東鎮仁愛里復興路三段557號,121.756,24.7014,仁愛社區活動中心,仁愛里,174,"水災,震災,海嘯",藍聰明,03-9654034,是,否,是,True,宜蘭,28,5243.337358570748,5.243337358570748
4226,苗栗縣頭份市,山下里,7鄰山下62-7號,120.9012,24.7018,山下社區活動中心,山下.後庄.合興,50,"水災,土石流,海嘯",陳源雄,037-597820,是,否,是,True,頭份,35,598.3941266089232,0.5983941266089232
4227,新竹縣關西鎮,西安里,7鄰中山路126號,121.0541,24.7029,關西國小,東興里、南山里、南雄里、西安里,700,"水災,震災,土石流",龐玉雍,03-5872028#501,是,是,是,True,竹東,34,5491.877672160601,5.491877672160601
4228,新竹縣北埔鄉,水?村,8鄰中豐路1巷9號,121.05927,24.703765,水?社區活動中心,北埔村、水?村、大林村、南興村,35,"水災,震災,土石流",彭斌聲,03-5802204,是,否,否,True,竹東,34,5093.9287299635225,5.0939287299635225
4229,新竹縣橫山鄉,豐田村,3鄰油羅63-1號,121.1569,24.70432,豐田村集會所,豐田村,45,"水災,震災,土石流,海嘯",胡慶煜,03-5931948,是,是,是,True,竹東,34,7979.681558770826,7.979681558770826
4230,新竹縣北埔鄉,埔尾村,埔心街141號,121.047608,24.704374,北埔國中二次避難所,北埔村、埔尾村、水?村、大林村、南興村、南埔村、大湖村,920,"水災,土石流",廖雪華,03-5802224,是,是,否,True,竹東,34,5820.266030164089,5.820266030164089
4231,新竹縣橫山鄉,田寮村,田洋街132號,121.1058,24.70463,田寮村集會所,田寮村,180,"水災,震災,土石流,海嘯",徐釗泓,03-5936627,是,是,是,True,竹東,34,4365.135527610385,4.365135527610385
4232,宜蘭縣五結鄉,三興村,三結路43-1號,121.7739,24.7056,三興社區活動中心,三興村,83,"水災,震災",羅淑惠,03-9500714,是,否,否,True,宜蘭,28,5451.089053429368,5.451089053429367
4234,新竹縣尖石鄉,秀巒村,8鄰17號,121.2031,24.706,新光國小,秀巒村,50,"水災,土石流,海嘯",余志鴻校長,03-5847706,是,否,是,True,竹東,34,12177.77993591145,12.17777993591145
4235,新竹縣橫山鄉,內灣村,大同路1號,121.1807,24.70628,廣濟宮活動中心,內灣村,110,"水災,震災,土石流,海嘯",林煥松,03-5848257,是,是,是,True,竹東,34,10042.852748615496,10.042852748615497
4237,苗栗縣竹南鎮,大埔里,公義路890號,120.895333,24.707893,大同高中-操場,大埔里、頂埔里、公義里、崎頂里、山佳里,800,震災,蔡芸芸,037-580566,否,是,否,True,頭份,35,1263.4028674421415,1.2634028674421416
4238,苗栗縣竹南鎮,大埔里,公義路936號,120.896939,24.709181,大埔社區活動中心,公義里、頂埔里、大埔里、崎頂里,100,"水災,土石流,海嘯",鄭文進,037-582585,是,否,否,True,頭份,35,1370.9948285292696,1.3709948285292697
4239,宜蘭縣員山鄉,中華村,粗坑路304號,121.646633,24.709398,中華村集會所,中華村、內城村,11,"水災,震災,土石流,海嘯",陳明華,03-9231377,是,否,是,True,宜蘭,28,10957.274328265703,10.957274328265703
4240,宜蘭縣五結鄉,二結村,學進路83號,121.762,24.7095,二結社區活動中心,二結、鎮安村,170,"水災,震災",簡汝育,03-9659413,是,否,是,True,宜蘭,28,4538.739873698041,4.5387398736980415
4241,宜蘭縣員山鄉,中華村,員山路三段256號,121.652657,24.71129,內城國民中小學化育分校,中華村,180,"水災,震災,土石流,海嘯",林東宏,9231103,否,否,否,True,宜蘭,28,10314.377226314442,10.314377226314441
4242,宜蘭縣員山鄉,蓁巷村,成功路45號,121.695581,24.713572,蓁巷社區活動中心,蓁巷村、內城村,64,"水災,震災,土石流,海嘯",黃振芳,03-9221099,是,否,是,True,宜蘭,28,6395.0855110892635,6.395085511089263
4243,新竹縣竹東鎮,員崠里,東峰路281號,121.0988,24.7137,員崠國小活動中心,軟橋里、員崠里,580,"水災,土石流,海嘯",羅惠清,03-5962143#101,是,是,是,True,竹東,34,3174.4528149966254,3.1744528149966253
4244,宜蘭縣員山鄉,七賢村,賢德路一段61巷25號,121.735106,24.714634,七賢村民眾活動中心,七賢村、深溝村,78,"水災,震災,土石流,海嘯",高明芳,03-9224019,是,否,是,True,宜蘭,28,3859.4225898919,3.8594225898918997
4245,宜蘭縣員山鄉,深溝村,深洲一路37巷7號,121.71978,24.715727,深溝村集會所,深溝村、七賢村,10,"水災,震災,土石流,海嘯",張秀偉,03-9224567,是,否,是,True,宜蘭,28,4467.894138785906,4.467894138785906
4246,新竹縣橫山鄉,力行村,中山街1段177號,121.1681,24.71575,力行村集會所,力行村,15,"水災,土石流,海嘯",羅金城,03-5931036,是,否,是,True,竹東,34,8477.643755234283,8.477643755234283
4248,宜蘭縣員山鄉,內城村,榮光路321號,121.688913,24.720881,內城社區活動中心,內城村.蓁巷村,34,"水災,震災,土石流,海嘯",簡裕鴻,03-9227578,是,否,是,True,宜蘭,28,6540.734162699089,6.540734162699089
4249,新竹縣寶山鄉,三峰村,7鄰新湖路4段90號,120.9970159,24.72123556,雙溪國小三峰分校,三峰村,1100,"水災,震災,土石流,海嘯",范熾強,03-5760057,否,否,否,True,竹東,34,9552.40072189796,9.55240072189796
4250,新竹縣橫山鄉,大肚村,永昌街53號,121.1345,24.72184,老人文康活動中心,大肚村、新興村,90,"水災,震災,土石流,海嘯",徐洪正,03-5931937,是,否,是,True,竹東,34,5068.536088759179,5.068536088759179
4252,新竹縣寶山鄉,油田村,8鄰新湖路3段172號,121.01329,24.724414,油田社區活動中心,油田村,82,"水災,震災,土石流,海嘯",余恭鑑,03-5761888,否,否,否,True,竹東,34,7869.211861912158,7.8692118619121585
4253,宜蘭縣宜蘭市,建業里,縣政七街50巷1號,121.757,24.7256,凱旋國民中學樂活館,建業里、南津里,164,"水災,震災,海嘯",陳志勇校長/李哲榮主任,03-9255600轉402,是,否,是,True,宜蘭,28,2694.761178416047,2.694761178416047
4254,宜蘭縣宜蘭市,南津里,凱旋路130號,121.7636,24.7256,凱旋國小展藝館,南津里、凱旋里,277,"水災,震災,海嘯",李元煌主任,03-9253793-104,是,否,是,True,宜蘭,28,3023.279552240586,3.0232795522405858
4255,新竹市香山區,中隘里,新竹市南隘路二段31號,120.929301,24.727235,南隘國小,中隘、南隘,465,"水災,震災",李戎峴總務主任,5371405-13,否,否,否,True,頭份,35,4568.728859574604,4.568728859574604
4256,宜蘭縣宜蘭市,凱旋里,旋流路3之5號,121.7682,24.7276,凱旋社區活動中心,凱旋里,64,"水災,震災,海嘯",張換輝,03-9254187,是,否,是,True,宜蘭,28,3151.2640548606914,3.1512640548606914
4257,新竹縣寶山鄉,大崎村,雙園路1段6巷32號,120.9534,24.7288,大崎村集會所,大崎村,106,"水災,土石流,海嘯",楊火炎,03-5776131,是,否,是,True,頭份,35,6566.061380484267,6.566061380484267
4258,新竹縣寶山鄉,寶斗村,6鄰寶斗路110號,120.9533615,24.72880207,寶斗集會所,寶斗村,72,"水災,土石流,海嘯",蘇榮淋,03-5762628,否,否,否,True,頭份,35,6562.901619982708,6.562901619982708
4259,宜蘭縣壯圍鄉,新南村,壯圍鄉新南村美福路一段76號,121.7873,24.7294,新南活動中心,新南,44,"水災,震災,海嘯",潘玉蘭,03-9252449,是,否,是,True,宜蘭,28,4618.472953139426,4.618472953139426
4260,宜蘭縣壯圍鄉,復興村,壯圍鄉復興村紅葉路69-4號,121.8225,24.7297,紅葉活動中心,復興村,61,"水災,震災,海嘯",黃銘海,03-9385121,是,否,是,True,宜蘭,28,7958.938114031407,7.958938114031407
4261,宜蘭縣宜蘭市,南橋里,南橋路240號,121.7412,24.7307,南橋社區活動中心,南橋里,38,"水災,震災,海嘯",吳讚標,03-9251512,是,否,是,True,宜蘭,28,1978.1092850464327,1.9781092850464326
4262,宜蘭縣宜蘭市,建業里,建業路86巷57號、59號,121.7566,24.7315,建業社區活動中心,建業里,26,"水災,震災,海嘯",郭淑惠,03-9369029,是,否,是,True,宜蘭,28,2091.0859238629837,2.0910859238629835
4263,宜蘭縣員山鄉,惠好村,賢德路二段66巷50號,121.730742,24.731738,惠好社區活動中心,尚德村、惠好村,125,"水災,震災,土石流,海嘯",張金來,03-9223889,是,否,是,True,宜蘭,28,2391.3343214180213,2.391334321418021
4264,新竹縣竹東鎮,?林里,新生路377號,121.0946,24.7325,樹杞林文化館,上?里、大鄉里,817,"水災,土石流,海嘯",黃婷意,03-5966177,是,是,是,True,竹東,34,1092.956567669983,1.092956567669983
4265,新竹縣竹東鎮,仁愛里,大同路257號,121.891,24.7328,中山社區活動中心,雞林里、中山里,93,"水災,土石流,海嘯",何佳紋,03-5966177＃206,是,否,是,True,宜蘭,28,14723.819432123124,14.723819432123124
4266,宜蘭縣宜蘭市,進士里,進士路8號,121.7369,24.7332,育才國小中興堂,進士里、南橋里、擺厘里,68,"水災,震災,海嘯",廖清章主任,03-9253794轉103,是,否,是,True,宜蘭,28,1892.0111895062,1.8920111895062
4267,新竹縣寶山鄉,新城村,10鄰寶新路2段475號,120.967436,24.733474,新城國小,新城村,770,"水災,土石流,海嘯",蔡瑞寶,03-5762707,否,否,否,True,新竹,39,8008.047602177922,8.008047602177923
4268,新竹縣竹東鎮,中山里,中山路70號,121.0947,24.7335,中山國小禮堂,東寧里、中正里、仁愛里,797,"水災,土石流,海嘯",郭碧玄,03-5962102#300,是,是,是,True,竹東,34,1006.000305119438,1.006000305119438
4269,新竹縣芎林鄉,秀湖村,4鄰五和街3號,121.1168,24.734,秀湖社區活動中心,秀湖村,30,"水災,震災,土石流,海嘯",曾達賢,03-5936368,是,否,是,True,竹東,34,2918.874557541656,2.918874557541656
4271,新竹縣竹東鎮,竹東里,康寧街1號,121.0883,24.7352,竹東國小體育館,竹東里、東華里、南華里、商華里,650,"水災,土石流,海嘯",顧耀武,03-5962025#03,是,是,是,True,竹東,34,636.3381581764678,0.6363381581764678
4272,宜蘭縣員山鄉,湖北村,大湖五路80號,121.718042,24.735298,湖北社區活動中心,湖北村.湖東村,30,"水災,震災,土石流,海嘯",黃涼杰,03-9231482,是,否,是,True,宜蘭,28,3190.475585248146,3.190475585248146
4273,新竹縣橫山鄉,福興村,八十分31號,121.1704,24.73543,福興社區活動中心,福興村,155,"水災,震災,土石流,海嘯",溫慶保,03-5811219,是,否,是,True,竹東,34,8260.780398113824,8.260780398113823
4274,新竹縣芎林鄉,五龍村,富林路1段138巷91號,121.1223,24.7362,五龍社區活動中心,五龍村,20,"水災,震災,土石流,海嘯",彭進廷,03-5933390,是,否,是,True,竹東,34,3413.1157046187736,3.4131157046187734
4275,宜蘭縣壯圍鄉,永鎮村,壯圍鄉永鎮村壯濱路四段375號,121.8154,24.7366,永鎮活動中心,永鎮村,118,"水災,震災,海嘯",陳再福,03-9305020,是,否,是,True,宜蘭,28,7092.1256893756445,7.092125689375645
4277,宜蘭縣員山鄉,尚德村,三鬮路35巷13號,121.722128,24.737618,尚德社區活動中心,尚德村、惠好村,134,"水災,震災,土石流,海嘯",林錦源,03-9225179,是,否,是,True,宜蘭,28,2706.7845983049046,2.7067845983049046
4278,宜蘭縣員山鄉,逸仙村,大湖十六路181巷2號,121.700435,24.738714,逸仙社區活動中心,逸仙村.湖東村,34,"水災,震災,土石流,海嘯",廖文杰,03-9221759,是,否,是,True,宜蘭,28,4759.445783203634,4.759445783203634
4279,新竹縣橫山鄉,沙坑村,沙坑街50號,121.1611,24.73874,沙坑村集會所,沙坑村,50,"水災,震災,土石流,海嘯",鄒阿日,03-5811121,是,否,是,True,竹東,34,7301.5694744587545,7.301569474458755
4280,新竹縣竹東鎮,忠孝里,莊敬街111號,121.0884,24.7403,大同國小禮堂,忠孝里、榮樂里、榮華里、五豐里、陸豐里,835,"水災,土石流,海嘯",羅賜欽,03-5961160#2000,是,是,是,True,竹東,34,88.18569466248216,0.08818569466248216
4281,新竹縣寶山鄉,寶山村,8鄰寶山路2段130號,121.022112,24.74037021,寶山國小,寶山村,624,"水災,土石流,海嘯",詹義隆,03-5761390-10,否,否,否,True,竹東,34,6761.4907182659035,6.761490718265904
4283,新竹市香山區,大湖里,新竹市五福路一段12號,120.911092,24.741924,內湖國中,內湖、大湖、鹽水 南港,1110,"水災,震災",葉慧娟 總務主任,5373484#27,否,否,否,True,頭份,35,5141.378238780872,5.141378238780872
4284,新竹市香山區,內湖里,新竹市香山區內湖路109號,120.90696,24.74193,內湖國小,內湖、鹽水、海山、南港,1330,"水災,震災",周若渟 總務主任,O：5373184-130,否,否,否,True,頭份,35,5056.323043566278,5.0563230435662785
4286,宜蘭縣宜蘭市,黎明里,黎明路326號,121.776,24.744,黎明社區活動中心,黎明里,35,"水災,震災,海嘯",朱照雄,03-9383053,是,否,是,True,宜蘭,28,3026.0297157178943,3.026029715717894
4287,宜蘭縣壯圍鄉,吉祥村,壯圍鄉吉祥村壯五路63號,121.789598,24.744488,壯五活動中心,吉祥,163,"水災,震災,海嘯",王建發,975675928,是,否,是,True,宜蘭,28,4386.726700421546,4.386726700421546
4288,宜蘭縣員山鄉,員山村,文化路156號,121.722886,24.745244,老人文康中心,員山村.尚德村,28,"水災,震災,土石流,海嘯",朱進郎,9231991分機401,是,否,是,True,宜蘭,28,2396.265034895906,2.396265034895906
4289,宜蘭縣宜蘭市,思源里,神農路一段1號,121.7481,24.7453,國立宜蘭大學體育館,思源里、文化里、復興里、七結里、擺厘里,375,"水災,震災,海嘯",張進裕,03-9317240,是,否,是,True,宜蘭,28,337.35227791341543,0.33735227791341543
4290,新竹市香山區,大湖里,新竹市香山區大湖里五福路一段530號,120.933483,24.745728,大湖國小,茄苳、大湖、海山、內湖,205,"水災,震災",黃建財總務主任,5374609-11,否,否,否,True,頭份,35,6451.881999945241,6.451881999945241
4291,宜蘭縣員山鄉,湖東村,茄苳路68-2號,121.708869,24.746017,湖東社區活動中心,湖東村.湖北村,13,"水災,震災,土石流,海嘯",陳朝松,9223998,是,否,是,True,宜蘭,28,3801.5774985144935,3.8015774985144937
4294,宜蘭縣宜蘭市,思源里,泰山路七結巷9之10號,121.7374,24.7482,思源社區活動中心,思源里、七結里,35,"水災,震災,海嘯",郭燈和羅文輝,03-9324589,是,否,是,True,宜蘭,28,910.2999472551998,0.9102999472551998
4295,宜蘭縣員山鄉,湖西村,隘界路131號,121.68547,24.748286,雙湖社區活動中心,湖西村.湖北村,78,"水災,震災,土石流,海嘯",游錦淡,9222491,是,否,是,True,宜蘭,28,6162.681663013571,6.162681663013571
4296,新竹縣芎林鄉,永興村,7鄰39之3號,121.1104,24.7483,永興社區活動中心,永興村,20,"水災,震災,土石流,海嘯",馮凱睿,03-5931800,是,否,是,True,竹東,34,2318.2522752699533,2.3182522752699533
4297,新竹縣芎林鄉,石潭村,福昌街300巷47號,121.1009,24.7484,石潭社區活動中心,石潭村,60,"水災,震災,土石流,海嘯",邱創桂,03-5928753,是,否,是,True,竹東,34,1465.345815505481,1.4653458155054808
4299,宜蘭縣宜蘭市,文化里,復興路二段77號,121.7476,24.7489,復興國中群育館,文化里、復興里,212,"水災,震災,海嘯",游淑珣校長,03-9322942分機5033,是,否,否,True,宜蘭,28,163.51385890818776,0.16351385890818776
4300,宜蘭縣員山鄉,永和村,溫泉路62-1號,121.711078,24.749471,永和社區活動中心,永和村.頭分村,96,"水災,震災,土石流,海嘯",阮俊義,39226129,是,否,是,True,宜蘭,28,3576.3977955403175,3.5763977955403177
4301,新竹縣芎林鄉,華龍村,6鄰176之1號,121.1398,24.7502,華龍村集會所,華龍村,20,"水災,震災,土石流,海嘯",田興業,03-5932729,是,否,是,True,竹東,34,5244.66230887857,5.24466230887857
4302,宜蘭縣宜蘭市,延平里,東港路二巷14弄21號,121.7838,24.7504,五大社區活動中心,延平里,38,"水災,震災,海嘯",李江俊,03-9380765,是,否,是,True,宜蘭,28,3793.653713296305,3.793653713296305
4303,宜蘭縣宜蘭市,東村里,女中路一段100號,121.7669,24.7505,中華國中,東村里、新東里,420,"水災,震災,海嘯",林志全校長/事務組長林小筠,03-9382704,是,否,是,True,宜蘭,28,2093.8467347140327,2.093846734714033
4304,宜蘭縣宜蘭市,建軍里,復興路三段8號,121.7428,24.7511,國立宜蘭高中體育館,延平里、建軍里、泰山里,237,"水災,震災,海嘯",張家豪主任,03-9324153轉100,是,否,是,True,宜蘭,28,506.42106449923756,0.5064210644992375
4305,宜蘭縣壯圍鄉,美城村,壯圍鄉美城村永美路2段121號,121.8017,24.7513,美城活動中心,美城,155,"水災,震災,海嘯",林文達,03-9307656,是,否,是,True,宜蘭,28,5606.8074683904915,5.606807468390492
4306,宜蘭縣宜蘭市,,校舍路1號,121.7643,24.7517,黎明國小體育館,新東里、東村里,108,"水災,震災,海嘯",顏禾主任,03-9383792分機104或114,是,否,是,True,宜蘭,28,1859.0448640804673,1.8590448640804673
4307,宜蘭縣宜蘭市,神農里,民權路一段65號,121.7539,24.7526,社福大樓2樓,神農里、大新里、民權里,56,"水災,震災,海嘯",黃美色,03-9325164,是,否,是,True,宜蘭,28,919.5126279391884,0.9195126279391884
4308,宜蘭縣宜蘭市,神農里,崇聖街2號,121.7547,24.7532,宜蘭國小活動中心,神農里、大新里、新民里,286,"水災,震災,海嘯",施 智文校長,03-9322210轉511,是,否,是,True,宜蘭,28,1023.8590722791779,1.0238590722791778
4310,宜蘭縣宜蘭市,負郭里,泰山路98號,121.7426,24.754,南屏國小活動中心,南門里、負郭里、建軍里、泰山里,231,"水災,震災,海嘯",張培源主任,03-9323795轉1104,是,否,是,True,宜蘭,28,775.4123041768241,0.7754123041768242
4311,宜蘭縣宜蘭市,神農里,崇聖街4號,121.7546,24.754,中山國小五育館,神農里、大新里、新民里、東門里,65,"水災,震災,海嘯",張至文,03-9322064-105,是,否,是,True,宜蘭,28,1069.0881908604806,1.0690881908604806
4312,宜蘭縣宜蘭市,負郭里,泰山路60號,121.747,24.7545,光復國小五育館,西門里、南門里、負郭里、民族里,284,"水災,震災,海嘯",吳志堅校長,03-9322077轉1833,是,否,否,True,宜蘭,28,731.743900955289,0.731743900955289
4314,新竹市香山區,茄苳里,新竹市香山區茄苳里茄苳路70號,120.944631,24.755627,茄冬國小,茄苳、東香,1060,"水災,震災",黃文玲總務主任,O：5373543-12,否,否,否,True,新竹,39,6208.495025945397,6.208495025945397
4315,宜蘭縣壯圍鄉,美福村,壯圍鄉美福村美福路3段92巷6號,121.791,24.7569,美福活動中心,美福,60,"水災,震災,海嘯",潘文益,03-9256618,是,否,是,True,宜蘭,28,4620.261725485139,4.62026172548514
4316,新竹縣關西鎮,玉山里,4鄰赤柯山25號,121.2087,24.7576,玉山國小,玉山里、新富里,280,"水災,震災,土石流",鄒家芸,03-5476349,是,是,否,True,龍潭,36,11810.94484090613,11.81094484090613
4317,新竹市香山區,茄苳里,新竹市五福路二段707號,120.954072,24.758944,中華大學,東香、香村、茄苳,6770,"水災,震災",白其剛專員,03-5186314,否,否,否,True,新竹,39,5492.434619785326,5.4924346197853255
4319,宜蘭縣壯圍鄉,過嶺村,壯圍鄉過村壯濱路3段295號,121.815365,24.759471,過嶺活動中心,過嶺村,66,"水災,震災,海嘯",林萬固,03-9301160,是,否,是,True,宜蘭,28,7092.702697363792,7.0927026973637926
4320,宜蘭縣員山鄉,頭分村,永同路2段186之1號,121.719624,24.759721,結頭份社區活動中心,頭分村.永和村,52,"水災,震災,土石流,海嘯",陳聰文,03-9223108,是,否,是,True,宜蘭,28,3006.8545508437787,3.0068545508437787
4322,宜蘭縣宜蘭市,菜園里,宜蘭市新興路111號,121.7575,24.7608,東園社區活動中心,慈安里、東門里、小東里、菜園里、中興里,44,"水災,震災,海嘯",徐佳庭,03-9320883,是,否,否,True,宜蘭,28,1816.0991585072495,1.8160991585072495
4323,宜蘭縣宜蘭市,中山里,同慶街95號,121.7506,24.7617,宜蘭縣社會福利館多功能劇場,中山里,32,"水災,震災,海嘯",楊秀川,03-9328822-341,是,否,否,True,宜蘭,28,1584.8533560725884,1.5848533560725884
4324,宜蘭縣員山鄉,同樂村,同新路182號,121.729673,24.762017,同樂社區活動中心,同樂村.枕山村,94,"水災,震災,土石流,海嘯",吳鋌欽,03-9224573,是,否,是,True,宜蘭,28,2302.0843980802497,2.30208439808025
4325,宜蘭縣宜蘭市,北門里,碧霞街136號,121.7524,24.7622,慶和社區活動中心1樓,北門里,45,"水災,震災,海嘯",陳淑美,03-9367075,是,否,是,True,宜蘭,28,1694.6939163608731,1.6946939163608732
4327,宜蘭縣宜蘭市,梅洲里,金同春路48號1樓,121.7443,24.7631,梅洲社區活動中心,梅洲里,86,"水災,震災,海嘯",游西湖,03-9283552,是,否,是,True,宜蘭,28,1695.0439470340937,1.6950439470340937
4328,宜蘭縣宜蘭市,孝廉里,力行路１５２號,121.755,24.7638,力行國小英才館,孝廉里,148,"水災,震災,海嘯",石遠謀,03-9322309轉282,是,否,是,True,宜蘭,28,1962.8623791190782,1.9628623791190782
4329,宜蘭縣宜蘭市,小東里,樹人路37號,121.75,24.7639,宜蘭國中活動中心,小東里、菜園里、孝廉里、北門里、思源里,356,"水災,震災,海嘯",康興國/王秀雨,03-9322519,是,否,否,True,宜蘭,28,1807.5537119353073,1.8075537119353073
4330,宜蘭縣宜蘭市,七張里,七張路62之11號,121.7752,24.764,七張社區活動中心,七張里,140,"水災,震災,海嘯",楊聰明,03-9305306,是,否,是,True,宜蘭,28,3415.067715151508,3.415067715151508
4331,新竹市香山區,朝山里,新竹市富禮街16號,120.912421,24.764361,富禮國中,海山、朝山,1645,"水災,震災",倪大智總務主任,O：5374793-609,否,否,否,True,新竹,39,7592.132036044668,7.592132036044668
4332,宜蘭縣宜蘭市,新生里,大福路1段243號,121.7642,24.7646,新生社區活動中心,新生里,35,"水災,震災,海嘯",黃正來,910096762,是,否,否,True,宜蘭,28,2580.3814996042747,2.580381499604275
4333,新竹縣寶山鄉,雙溪村,9鄰雙園路2段310號,120.9913,24.7647,雙溪國小,雙溪村,3522,"水災,震災,土石流,海嘯",范熾強,03-5202151-208,是,是,是,True,新竹,39,4921.548774426853,4.921548774426853
4335,宜蘭縣壯圍鄉,忠孝村,壯圍鄉忠孝村順和路47-4號,121.799791,24.764974,順和活動中心,忠孝村,66,"水災,震災,海嘯",李炳賢,937461598,是,否,是,True,宜蘭,28,5721.809006012594,5.721809006012594
4336,新竹縣寶山鄉,雙溪村,雙園路2段325號5樓,120.9912736,24.76552459,寶山鄉綜合行政大樓,雙溪村,264,,陳建仲,03-5200090,否,否,否,True,新竹,39,4836.483128075058,4.8364831280750575
4337,新竹市香山區,美山里,新竹市中華路五段648巷126號,120.913409,24.765725,朝山國小,朝山、海山,1460,"水災,震災",吳似倩總務主任,5374304#213,否,否,否,True,新竹,39,7421.623719262928,7.421623719262928
4338,新竹縣寶山鄉,,雙園路二段283號,120.993005,24.766487,寶山鄉老人文康中心,雙溪村,310,"水災,震災,土石流,海嘯",劉怡纖,03-5200090,否,否,否,True,新竹,39,4812.0447471139405,4.812044747113941
4339,新竹縣竹東鎮,二重里,光明路32號,121.05731,24.767497,二重國小禮堂,二重里 三重里,800,"水災,土石流",王富美,03-5822098,是,是,是,True,竹東,34,4348.838406821724,4.348838406821724
4340,宜蘭縣宜蘭市,北津里,金同春路231號,121.7499,24.7675,北津社區活動中心,北津里,72,"水災,震災,海嘯",吳益賓,03-9283585,是,否,否,True,宜蘭,28,2197.9264273974923,2.1979264273974923
4341,新竹縣芎林鄉,新鳳村,文衡路200號,121.0878,24.7679,新鳳村集會所,新鳳村,20,"水災,震災,土石流,海嘯",范振欽,03-5927789,是,否,是,True,竹東,34,2991.1955839022003,2.9911955839022
4342,宜蘭縣員山鄉,枕山村,枕山路43-1號,121.718546,24.768291,枕山社區活動中心,枕山村.同樂村,60,"水災,震災,土石流,海嘯",何世德,03-9231666,是,否,是,True,宜蘭,28,3609.2071063616145,3.6092071063616147
4344,新竹縣關西鎮,金山里,11鄰馬武督107號,121.2252,24.7688,錦山國小,金山里、錦山里,460,"水災,土石流",潘雲龍,03-5478681#12,是,是,是,True,龍潭,36,10581.353192173176,10.581353192173175
4345,新竹市東區,高峰里,新竹市東區明湖路 1211 號,120.979086,24.768845,青草湖國小,高峰 明湖,937,"水災,震災",溫明白總務主任,03-5200360#2040,否,否,否,True,新竹,39,4131.115040139623,4.131115040139623
4346,新竹縣寶山鄉,深井村,7鄰雙林路2段18號,121.0039,24.7698,深井社區活動中心,深井村,208,"水災,震災,土石流,海嘯",鍾金田,03-5762710,是,是,是,True,新竹,39,5091.096279857284,5.091096279857283
4347,宜蘭縣壯圍鄉,東港村,壯圍鄉東港村?後路50-1號,121.8,24.7706,?後活動中心,東港,46,"水災,震災,海嘯",黃銘海,03-9385121,是,否,是,True,宜蘭,28,5975.758605694334,5.975758605694334
4348,宜蘭縣宜蘭市,茭白里,大坡路一段100號,121.7545,24.7707,新生國小體育館,茭白里、北津里、新生里、梅洲里,317,"水災,震災,海嘯",陳銘俊校長/吳全展主任,03-9283791轉410,是,否,是,True,宜蘭,28,2653.4235299279662,2.653423529927966
4349,宜蘭縣壯圍鄉,古亭村,壯圍鄉古亭村古亭路48-16號,121.8003,24.7719,古亭活動中心,古亭,199,"水災,震災,海嘯",莊木昌,03-9302708,是,否,是,True,宜蘭,28,6064.953602344697,6.064953602344697
4350,新竹市香山區,東香里,新竹市玄奘路48號,120.943099,24.774677,玄奘大學,東香、香村、柴橋,8095,"水災,震災",林俊明組員,03-5302255#2190,否,否,否,True,新竹,39,4529.395485399456,4.529395485399457
4351,新竹縣芎林鄉,文林村,7鄰文山路327號,121.0814,24.7747,文林村集會所,文林村,40,"水災,震災,土石流,海嘯",鄧煥源,03-5921550,是,否,是,True,竹東,34,3819.283133155594,3.819283133155594
4353,新竹縣芎林鄉,中坑村,2鄰7之3號,121.0925,24.775,中坑社區活動中心,中坑村,10,"水災,震災,土石流,海嘯",梁烘銓,03-5926159,是,否,是,True,竹東,34,3792.28650236774,3.79228650236774
4354,宜蘭縣壯圍鄉,忠孝村,壯圍鄉忠孝村壯六路47號,121.8148,24.7751,壯六活動中心,忠孝村,129,"水災,震災,海嘯",張秀屘,03-9303178,是,否,是,True,宜蘭,28,7545.489412475665,7.545489412475665
4355,新竹市香山區,香村里,新竹市元培街306號,120.94033,24.775832,元培科技大學,東香、香村,3495,"水災,震災",陳英文組員,03-6102380,否,否,否,True,新竹,39,4624.9192351357015,4.624919235135701
4356,宜蘭縣宜蘭市,茭白里,茭白路39-10號,121.7506,24.7763,茭白社區活動中心,茭白里,38,"水災,震災,海嘯",陳慶祥,03-9284854,是,否,是,True,宜蘭,28,3172.524393626095,3.172524393626095
4357,新竹縣關西鎮,東光里,5鄰十六張190號,121.1759,24.7765,東光國小,南興里、新富里、東光里,430,"水災,震災,土石流",盧素珍,03-5872243,是,是,否,True,竹東,34,9636.25392250288,9.63625392250288
4358,宜蘭縣壯圍鄉,新社村,壯圍鄉新社村新社路54之3號,121.7889,24.7774,新社活動中心,新社,89,"水災,震災,海嘯",林朝璜,03-9301042,是,否,是,True,宜蘭,28,5398.8040610266635,5.398804061026664
4359,新竹市東區,科園里,新竹市介壽路300號,121.015882,24.777965,新竹實驗中學,科園、金山、仙水,3375,"水災,震災",柯同洲 總務處代理主任,5777011#251,否,否,否,True,新竹,39,5361.933232320015,5.361933232320015
4360,宜蘭縣南澳鄉,澳花村,中央路19號,120.988108,24.778289,澳花國小,澳花村,50,"水災,震災,海嘯",吳文成,03-9985108,是,否,是,True,新竹,39,3421.546710998291,3.421546710998291
4361,臺中市新社區,復盛里,中和街三段國中巷10號,120.988108,24.778289,新社高級中學,復盛里,300,"水災,震災,土石流",徐岳文,04-25812116分機611,是,是,否,True,新竹,39,3421.546710998291,3.421546710998291
4362,新竹市東區,關東里,新竹市光復路一段89巷88號,121.023052,24.780004,新科國中,關東、金山,850,"水災,震災",陳睿麒生教組長,6686387-6123,否,否,否,True,新竹,39,5858.446069861156,5.858446069861156
4363,宜蘭縣礁溪鄉,龍潭村,育龍路71號,121.7447,24.7802,龍潭國小,龍潭村,195,"水災,震災,土石流,海嘯",曾青霜,03-9284764#215,是,否,是,True,宜蘭,28,3579.963545530208,3.5799635455302083
4364,新竹縣竹東鎮,頭重里,竹中路104巷14號,121.03,24.7805,竹中國小禮堂,員山里、頭重里、柯湖里,600,"水災,土石流,海嘯",陳育姿,03-5823822#730,是,是,是,True,新竹,39,6458.018668740649,6.45801866874065
4365,新竹縣芎林鄉,水坑村,4鄰文華街183巷,121.098,24.7817,水坑社區活動中心,水坑村,20,"水災,震災,土石流,海嘯",宋協展,5921333,是,否,是,True,竹東,34,4609.072030934909,4.609072030934909
4366,新竹市東區,仙水里,新竹市東區科園里7鄰科學園路171號,121.011818,24.781902,科園國小,仙水,365,"水災,震災",李瑞剛主任,03-6668421-130,否,否,否,True,新竹,39,4777.052492636423,4.7770524926364235
4368,新竹市東區,新莊里,新竹市關東路53號,121.022153,24.783923,關東國小,新莊 關東,1360,"水災,震災",李佳穎總務主任,O：5775645,否,否,否,True,新竹,39,5578.628866377405,5.578628866377405
4369,宜蘭縣壯圍鄉,古結村,壯圍鄉古結村古結路237號,121.8094,24.7846,古結活動中心,古結,88,"震災,海嘯",賴竺麟,03-9383348,是,否,是,True,宜蘭,28,7557.524008402844,7.557524008402844
4370,新竹市香山區,香山里,新竹市元培街124號,120.929526,24.785082,香山高中,香山、香村 牛埔 大庄 美山,3365,"水災,震災",林明正主任,5384332#401,否,否,否,True,新竹,39,4893.344721100332,4.893344721100332
4371,新竹市東區,科園里,新竹市大學路1001號,120.997073,24.785604,交通大學,光明、科園、仙宮,4610,"水災,震災",任芬頤行政專員,5712121#51914,否,否,否,True,新竹,39,3340.9471933912946,3.3409471933912944
4372,新竹縣芎林鄉,上山村,5鄰綠獅三街6號,121.0721,24.7857,上山村集會所,上山村,60,"水災,土石流,海嘯",林祺堯,03-5120806,是,否,是,True,竹東,34,5245.124619397766,5.245124619397766
4373,宜蘭縣礁溪鄉,吳沙村,育英路79號,121.7596,24.786,吳沙國中,吳沙村,742,"水災,震災",程良南,03-9284701#52,是,否,是,True,宜蘭,28,4424.705582122737,4.424705582122737
4374,新竹市東區,新莊里,新竹市光復路1段512號,121.011858,24.78629,光武國中,龍山 新莊,1555,"水災,震災",嚴鴻森事務組長,0577934-701,否,否,否,True,新竹,39,4531.336213141107,4.531336213141107
4375,宜蘭縣礁溪鄉,吳沙村,育英路46號,121.7598,24.7865,四結國小,玉光村,360,"水災,震災",黃淑芬,03-9284751#102,是,否,是,True,宜蘭,28,4483.6111711105705,4.483611171110571
4377,新竹市香山區,大庄里,新竹市香山里大庄路48號,120.927189,24.789125,大庄國小,大庄、美山、香山、樹下、浸水 牛埔,1510,"水災,震災",陳建鑫學務主任,5384035,否,否,否,True,新竹,39,4920.229707211418,4.920229707211418
4378,新竹縣關西鎮,東安里,10鄰中山東路2號,121.1861,24.7898,關西高中,東山、仁安、東安,1170,"水災,震災,土石流",王年亮,5872049,是,是,是,True,龍潭,36,8772.623681865765,8.772623681865765
4379,新竹市東區,光鎮里,新竹市南大路569號,120.965592,24.789997,育賢國中,光鎮 湖濱,1770,"水災,震災",陳志強主任,03-5223075#127,否,否,否,True,新竹,39,1862.6565411575255,1.8626565411575255
4380,新竹市東區,新光里,新竹市明湖路200號,120.967491,24.790196,陽光國小,新光 光鎮 湖濱,1745,"水災,震災",田又方總務主任,910770087,否,否,否,True,新竹,39,1779.7281837909584,1.7797281837909584
4381,新竹縣關西鎮,東安里,中山東路40號,121.1839,24.7903,東安國小,東安里南山里〈土石流〉東山里〈土石流〉南新里〈土石流〉,585,"水災,震災,土石流",楊昱光,5872177,是,是,是,True,龍潭,36,8801.472230870875,8.801472230870875
4382,新竹市東區,龍山里,新竹市東區光復路一段574號,121.006933,24.790362,龍山國小,龍山、埔頂,2015,"水災,震災",廖妙柔 學務主任,5774287-712,否,否,否,True,新竹,39,3882.638836887315,3.882638836887315
4383,新竹市北區,曲溪里,新竹市北區曲溪里崧嶺路128巷38號,120.951558,24.79067,成德高中,曲溪,3710,"水災,震災",黃國棟總務主任,5258748#501,否,否,否,True,新竹,39,2678.446464891372,2.678446464891372
4384,宜蘭縣礁溪鄉,匏崙村,匏杓崙路95之2號,121.7294,24.7924,龍潭國小匏崙分校,"匏崙村,二結村",60,"水災,震災,土石流,海嘯",魏美怡,03-9285199,是,否,是,True,宜蘭,28,5218.3494308225645,5.218349430822564
4385,新竹市東區,高峰里,新竹市學府路2號,120.976649,24.792771,建華國中,高峰,3400,"水災,震災",陳文和總務主任,O：5238075-130,否,否,否,True,新竹,39,1489.1701252070518,1.4891701252070517
4386,新竹市東區,新光里,新竹市南大路521號,120.964058,24.792904,新竹教育大學,振興 新興 寺前 新光,3160,,黃寶雲組員,52131323-5302,否,否,否,True,新竹,39,1641.429187867457,1.641429187867457
4387,新竹市東區,南大里,新竹市學府路4號,120.978043,24.794134,培英國中,建華 東山 頂竹 南大,3465,"水災,震災",蔡之浩主任,5721301,否,否,否,True,新竹,39,1397.1707782748838,1.397170778274884
4388,新竹市東區,光明里,新竹市光復路101號,120.991267,24.794199,清華大學,光明,2870,"水災,震災",鍾立身小隊長,35714769,否,否,否,True,新竹,39,2292.523476819704,2.292523476819704
4389,新竹市東區,建華里,新竹市學府路36號,120.981495,24.795254,新竹高中,建華 東山 仙宮 頂竹,3835,"水災,震災",邱秀枝幹事,O：5736666-302,否,否,否,True,新竹,39,1474.362050906941,1.474362050906941
4391,新竹市東區,竹蓮里,新竹市興學街106號,120.966471,24.796326,新竹國小,關帝 南市 福德 振興 新興 寺前 竹蓮 南大,1815,"水災,震災",鄭秀燕總務主任,5711125-107,否,否,否,True,新竹,39,1191.0519539069473,1.1910519539069473
4392,新竹市香山區,牛埔里,新竹市牛埔東路260號,120.943643,24.796942,香山國小,牛埔、埔前、中埔、東香 頂福 樹下,1625,"水災,震災",徐知誠事務組長,03-5386164#2118,否,否,否,True,新竹,39,3059.5681561317247,3.0595681561317245
4393,新竹市香山區,頂埔里,新竹市頂埔路23號,120.95023,24.796972,頂埔國小,頂埔、頂福、東香 中埔,1060,"水災,震災",郭美玉事務組長,O：5386204-33,否,否,否,True,新竹,39,2435.1703397492106,2.4351703397492104
4394,新竹市東區,建功里,新竹市建功二路17號,121.001296,24.797422,建功高中,立功 建功 埔頂,2695,"水災,震災",施秉宏總務主任,5745892300,否,否,否,True,新竹,39,3062.9329868125724,3.0629329868125725
4395,新竹市東區,光復里,新竹市光復路二段153號,120.994016,24.79763,光復中學,光復 豐功 武功 軍功 建功 光明,3790,"水災,震災",夏偉倫事務組長,5753515,否,否,否,True,新竹,39,2361.482144228735,2.361482144228735
4396,宜蘭縣礁溪鄉,玉田村,礁溪鄉玉田村玉龍路一段479巷6號,121.7856,24.7979,玉田活動中心,備用收容所,59,"水災,震災",游新爐,939751691,是,否,是,True,宜蘭,28,6809.802942089384,6.809802942089384
4397,新竹縣關西鎮,北斗里,12鄰北門口41號,121.1729,24.7981,關西國中,北山里、北斗里、大同、仁安,950,"水災,震災,土石流",林國書,03-5872008,是,是,是,True,龍潭,36,8524.158157761278,8.524158157761278
4398,宜蘭縣礁溪鄉,玉田村,茅埔路24號,121.7832,24.7982,玉田國小,二龍村、時潮村、玉田村,254,震災,施文彬,03-9882461#101,是,否,是,True,宜蘭,28,6698.999012698388,6.698999012698388
4399,新竹市北區,中央里,新竹市四維路47號,120.960921,24.79934,新竹教育大學附設實驗小學,育英、興南、石坊、中央 西雅 崇禮 台溪 曲溪,1895,"水災,震災",蔡佳臻總務主任,5282420#301,否,否,否,True,新竹,39,1351.0924434541062,1.351092443454106
4400,新竹市東區,公園里,新竹市園後街25號,120.985352,24.799643,東園國小,公園、綠水、東勢、光復,1515,"水災,震災",邱佩瑩總務主任,03-5712496#8604,否,否,否,True,新竹,39,1470.995199608697,1.470995199608697
4401,新竹市東區,千甲里,新竹市建功1路104巷22號,120.998724,24.800239,建功國小,千甲 豐功 武功 軍功,1695,,謝玉姿總務主任,5713447#804,否,否,否,True,新竹,39,2730.8669137471206,2.7308669137471204
4402,新竹縣關西鎮,上林里,11鄰坪林11號,121.1402,24.801,坪林國小,上林里、新力里,435,"水災,土石流",陳志強,5869310,是,是,是,True,竹東,34,8434.749358833498,8.434749358833498
4403,新竹市北區,中央里,新竹市北大路450號,120.959338,24.802744,西門國小,西門、仁德、潛園、西雅、崇禮 育英 興南 客雅民富 中央 石坊,1830,"水災,震災",楊智蛟總務主任,5222492分機2040,否,否,否,True,新竹,39,1355.6514451028506,1.3556514451028507
4405,新竹市香山區,虎林里,新竹市延平路二段78號,120.940899,24.805193,虎林國小,虎林、大鵬、虎山 中埔,1645,"水災,震災",何兆軒總務主任,5381820-805,否,否,否,True,新竹,39,3181.795093925459,3.1817950939254587
4406,新竹市香山區,虎山里,新竹市延平路二段76號,120.941997,24.805194,虎林國中,虎林、大鵬、虎山 中埔 浸水,2840,"水災,震災",陳志如事務組長,03-5788309,否,否,否,True,新竹,39,3070.8008900462664,3.070800890046266
4409,新竹市東區,中正里,新竹市民族路33號,120.97267,24.80578,東門國小,育賢 親仁 東門、成功 榮光 中正、關帝 南門 下竹,4800,"水災,震災",黃建辰事務組長,O：5222109-8602,否,否,否,True,新竹,39,34.510024760573614,0.03451002476057361
4410,新竹縣竹北市,東海里,東興路一段839號,121.0498,24.8058,東海國小,東海里、隘口里,615,"水災,震災,土石流,海嘯",葉彭鈞,03-5502961#14,是,是,是,True,新竹,39,7828.301547681684,7.828301547681684
4411,新竹市北區,新雅里,新竹市和平路一號,120.955548,24.807347,竹光國中,新雅,480,"水災,震災",林銘傳總務主任,5246683-631,否,否,否,True,新竹,39,1710.944505869967,1.710944505869967
4412,新竹市北區,民富里,新竹市西大路561號,120.959098,24.807709,民富國小,新民、長和、中興、西門 潛園 客雅 北門 民富 磐石 仁德,2250,"水災,震災",李宛蓒總務主任,5222102-830,否,否,否,True,新竹,39,1361.0279786835015,1.3610279786835016
4413,新竹縣關西鎮,南和里,南和里69號,121.1204,24.8087,南和國小,南和里,470,"水災,震災,土石流",薛彩鈺,5868952#13,是,是,否,True,竹東,34,8153.4966530782995,8.1534966530783
4414,新竹市東區,東園里,新竹市中華路二段2號,120.983471,24.809466,新竹高工,東園 東勢,1570,"水災,震災",蔡泳霈幹事,5437478#208,否,否,否,True,新竹,39,1200.0211863768893,1.2000211863768893
4415,宜蘭縣礁溪鄉,三民村,十六結路101之1號,121.7646,24.8099,三民活動中心,備用收容所,59,"水災,震災",吳錫祺,922885704,是,否,是,True,宜蘭,28,7108.216877802998,7.108216877802998
4416,新竹市北區,磐石里,新竹市西大路683號,120.956991,24.810797,磐石中學,磐石、文雅、新雅,1130,"水災,震災",徐志旭總務主任,5223946#241,否,否,否,True,新竹,39,1656.2908062781955,1.6562908062781956
4418,新竹市東區,錦華里,新竹市北大路70號,120.971126,24.812434,曙光國小,錦華,485,"水災,震災",包文玲學務主任,O：5328283,否,否,否,True,新竹,39,763.3727787982857,0.7633727787982857
4419,新竹市東區,三民里,新竹市自由路95巷15號,120.980285,24.812643,三民國中,文華 復中 復興 三民 前溪,2935,"水災,震災",黃賜宏總務主任,5339825-131,否,否,否,True,新竹,39,1114.9236726010272,1.1149236726010272
4420,新竹市東區,水源里,新竹市仰德路11號,121.002681,24.812834,水源國小,水源,1110,"水災,震災",陳映文事務組長,O：5711125-107,否,否,否,True,新竹,39,3166.565122686899,3.166565122686899
4421,宜蘭縣礁溪鄉,三民村,礁溪鄉十六結路100號,121.7596,24.8133,三民國小,"三民村,白鵝村,林美村",180,"水災,震災,土石流,海嘯",李素月,03-9882271#82,是,否,是,True,宜蘭,28,7364.345293182065,7.3643452931820645
4422,新竹市東區,復興里,新竹市自由路66號,120.981423,24.813321,三民國小,復興,2390,"水災,震災",鄭嘉琪總務主任,O：5326345-16,否,否,否,True,新竹,39,1250.0652519362573,1.2500652519362572
4423,新竹縣竹北市,鹿場里,嘉興路62號,121.0254,24.8137,六家國小,東平里、鹿場里、中興里,760,"水災,震災,土石流,海嘯",何明星,03-5502624#700,是,是,是,True,新竹,39,5435.210914127252,5.435210914127252
4424,新竹縣關西鎮,石光里,9鄰石岡子386號,121.129,24.8138,石光國小,石光里、大同里,490,"水災,震災,土石流",劉建興,5869311,是,是,是,True,竹東,34,9031.44315376225,9.03144315376225
4425,新竹市香山區,港南里,新竹市港南里海埔路171巷91號,120.923258,24.813817,港南國小,港南 虎山,1100,震災,周芳如總務主任,5382964-13,否,否,否,True,新竹,39,5046.742615867922,5.046742615867922
4426,新竹市北區,水田里,新竹市水田街33號,120.965902,24.814158,北門國小,水田、光田、北門 長和 文雅 武陵 福林 境福,1160,"水災,震災",許志銘總務主任,O：5316668-205,否,否,否,True,新竹,39,1148.1467816758804,1.1481467816758804
4427,新竹縣新埔鎮,寶石里,關埔路672號,121.0791,24.8162,寶石國小,寶石里 內立里,900,"水災,震災,土石流",范瑞祝,03-5882397,是,是,是,True,竹東,34,8397.900899912423,8.397900899912424
4429,宜蘭縣礁溪鄉,林美村,林尾路160號,121.7189,24.8169,佛光大學,"二龍村,時潮村,玉石村,玉光村,吳沙村,光武村,適用10公尺以上海嘯",642,"水災,震災,海嘯",蔡明達,03-9871000-1130,是,否,是,True,宜蘭,28,8131.088293936606,8.131088293936605
4430,宜蘭縣礁溪鄉,大忠村,礁溪路四段23號,121.7677,24.8172,礁溪國中,大忠村,531,"水災,震災,土石流,海嘯",陳崇弘,03-9882412#105,是,否,是,True,宜蘭,28,7970.952848677572,7.970952848677571
4431,新竹市北區,湳雅里,新竹市光華北街10號,120.973409,24.818393,光華國中,光華、湳雅、湳中 金華 金雅 金竹 舊社,2925,"水災,震災",彭秀香事務組長,O：5316605-132,否,否,否,True,新竹,39,1416.9143873230587,1.4169143873230587
4432,新竹縣竹北市,鹿場里,成功八路99號,121.017037,24.818666,成功國中,鹿場里崇義里、尚義里之2次避難所,775,"水災,震災,土石流,海嘯",黃增新,03-5505924#8300,是,是,是,True,新竹,39,4740.790009397694,4.740790009397694
4433,新竹市北區,湳雅里,新竹市北區東大路二段386號,120.963378,24.819403,載熙國小,士林、福林、古賢、武陵、境福、湳雅、金雅、湳中,1705,"水災,震災",黃淑霞事務組長,5316675-152,否,否,否,True,新竹,39,1775.1284308052611,1.775128430805261
4434,新竹縣竹北市,十興里,嘉興路356號,121.031998,24.820934,六家高中,東興里、北興里、十興里,720,,王淑蘭,03-5501447#302,否,否,否,True,新竹,39,6261.779746521526,6.261779746521526
4435,宜蘭縣礁溪鄉,大忠村,礁溪路四段135號,121.7685,24.8217,礁溪國小,"大義村,六結村",339,"水災,震災,土石流,海嘯",林智偉,03-9882047-150,是,否,是,True,宜蘭,28,8472.898420008702,8.472898420008702
4436,宜蘭縣礁溪鄉,林美村,礁溪鄉林美村林尾路180號,121.729,24.8222,淡江大學蘭陽校園,"德陽村,六結村,大義村,玉石村,白雲村,大忠村,三民村,林美村,白鵝村",638,"水災,震災,海嘯",黃銘川,03-9873088,是,否,是,True,宜蘭,28,8413.94944459499,8.413949444594989
4437,新竹市北區,金竹里,新竹市北區金竹路99號,120.973497,24.822754,舊社國小,金竹、舊社,1040,"水災,震災",陳怡臻總務主任,5342023-1051,否,否,否,True,新竹,39,1899.4528360309678,1.8994528360309677
4438,新竹縣竹北市,十興里,莊敬北路66號,121.024088,24.824104,十興國小,北興里、十興里新港、白地、新庄里之2次避難所,740,"水災,震災,土石流,海嘯",張奕財,03-6583517#201,是,是,是,True,新竹,39,5614.360571954146,5.614360571954146
4439,宜蘭縣頭城鎮,,頭城鎮竹安里頭濱路一段601號,121.8206,24.8252,竹安里-竹安國小五育樓,竹安,93,"震災,土石流",黃英軒,03-9771178,是,否,否,True,宜蘭,28,11383.681530157448,11.383681530157448
4440,桃園市大溪區,復興里,復興路二段275巷16號,121.310479,24.825594,復興社區活動中心,復興里,30,"水災,震災,土石流",李賢生,03-3884303,是,否,否,True,龍潭,36,10411.192503419174,10.411192503419173
4441,桃園市龍潭區,高平里,深窩子16之1號,121.212164,24.82605,龍源國小操場,高平里,800,震災,呂淑如,03-4717149#510,否,是,否,True,龍潭,36,4225.741728115292,4.225741728115292
4442,新竹縣關西鎮,東平里,5鄰大旱坑27號,121.1194,24.8263,太平國小,東平里1-15鄰,220,"水災,土石流",林凱莉,5882634,是,是,是,True,竹東,34,9945.674659497796,9.945674659497795
4443,新竹縣新埔鎮,文山里,國校路160號,121.0474,24.82632,文山國小,文山里,510,震災,王恭志,03-5882918,是,是,是,True,新竹,39,7923.455373389885,7.923455373389885
4444,桃園市龍潭區,高原里,中原路3段135號,121.192084,24.826594,高原里集會所,高原里,140,水災,黃玉琴,03-4717452,是,否,否,True,龍潭,36,4820.148669628591,4.820148669628591
4445,桃園市龍潭區,高平里,高平村龍源路11號,121.206349,24.826772,高平社區活動中心,高平里,170,水災,謝國漢,03-4717766,是,否,否,True,龍潭,36,4248.112826743865,4.248112826743865
4446,新竹縣新埔鎮,新民里,中正路792號,121.0709,24.8279,新埔國中,新生里 田新里,1400,"水災,震災,土石流",吳秉叡,03-5882026,是,是,是,True,湖口,39,8626.762739343581,8.626762739343581
4448,新竹縣新埔鎮,四座里,中正路366號,121.0791,24.8286,新埔國小,新埔里 五埔里 四座里,280,"水災,震災,土石流",邱曉音,03-5882124,是,是,是,True,湖口,39,8901.555098744337,8.901555098744337
4449,宜蘭縣礁溪鄉,德陽村,中山路二段133號,121.7651,24.8287,德陽宮弘道大樓,"德陽村,玉石村,白雲村",116,"水災,土石流,海嘯",林弘堅,03-9882248,是,否,是,True,宜蘭,28,9145.805301063927,9.145805301063927
4450,桃園市龍潭區,大平里,大平24-1號,121.24615,24.828866,大平里集會所,大平里,230,水災,鍾國炫,03-4111008,是,否,否,True,龍潭,36,4914.168236990684,4.914168236990684
4452,宜蘭縣礁溪鄉,玉石村,礁溪鄉公園路2號,121.7768,24.8298,玉石活動中心,備用收容所,44,"水災,震災",曾如金,930164086,是,否,是,True,宜蘭,28,9576.885823141029,9.576885823141028
4453,新竹縣新埔鎮,新民里,民生街28號,121.0735,24.83002,新星國小,新民里 旱坑里,590,"水災,震災,土石流",黎萬興,03-5882078,是,是,是,True,湖口,39,8514.13387698701,8.51413387698701
4454,桃園市龍潭區,高原里,橫岡下36號,121.194407,24.830482,高原國小操場,高原里,1000,震災,陳勇助,03-4717009#520,否,是,否,True,龍潭,36,4330.034506268797,4.330034506268796
4455,新竹縣竹北市,北崙里,光明六路72號,121.0057,24.8311,博愛國小,斗崙里、新崙里、北崙里、福德里、文化里,715,"水災,震災,土石流,海嘯",張維順,03-5519830#200,是,是,是,True,新竹,39,4394.124893008125,4.394124893008125
4456,桃園市大溪區,新峰里,復興路二段758巷48號,121.329588,24.831286,新峰社區活動中心,新峰里,50,"水災,震災,土石流",郭振義,03-3825623,是,否,否,True,龍潭,36,11993.954712470273,11.993954712470273
4458,宜蘭縣頭城鎮,,頭城鎮中崙里路31號,121.8027,24.8348,中崙里-中崙社區活動中心,中崙,76,"震災,土石流",蔡天賜,03-9772361,是,否,否,True,宜蘭,28,11181.826948261916,11.181826948261916
4459,新竹縣竹北市,竹仁里,仁和街1號,121.0131,24.8363,竹仁國小,竹仁里、福德里、竹北里、興安里、文化里,705,"水災,震災,土石流,海嘯",謝瑞貞,03-5552472#14,是,是,是,True,新竹,39,5337.497036284363,5.337497036284363
4460,桃園市龍潭區,三坑里,永昌路51巷85號,121.248866,24.836645,三坑國小操場,三坑里、大平里,150,震災,涂文芳,03-4713627#510,否,是,否,True,龍潭,36,4461.801718993213,4.461801718993214
4461,新竹縣竹北市,竹義里,中央路3號,121.00412,24.836963,竹北高中暫代竹北國小,竹義里,1885,"水災,震災,土石流,海嘯",?仲篪,03-5517330#203,是,是,是,True,新竹,39,4726.70712881842,4.72670712881842
4462,宜蘭縣頭城鎮,,頭城鎮下埔里路48-3號,121.8078,24.837,下埔里-下埔社區活動中心,下埔,100,"震災,土石流",林太源,03-9772064991,是,否,否,True,宜蘭,28,11658.505087468022,11.658505087468022
4463,新竹市北區,康樂里,新竹市東大路三段465號,120.939241,24.838589,南寮國小,康樂、中寮、舊港 古賢 南寮 海濱 港北,1435,"水災,震災",薛仁祥總務主任,03-5363448#838,否,否,否,True,新竹,39,4953.258114468934,4.953258114468934
4464,宜蘭縣頭城鎮,,頭城鎮二城里青雲路一段143號,121.7928,24.8388,二城里-二城社區活動中心,二城,117,"水災,震災,土石流,海嘯",蔡金盛,03-9882140,是,否,否,True,宜蘭,28,11106.738737671125,11.106738737671124
4465,新竹縣新埔鎮,上寮里,義民路二段350號,121.043286,24.839011,枋寮國小,上寮里,545,"水災,震災,土石流",蔡懷萱,03-5882081,是,是,是,True,湖口,39,6780.580034655657,6.7805800346556575
4466,新竹縣竹北市,竹義里,中正西路50號,121.0036,24.8396,竹北民眾活動中心,竹義里、泰和里、新國里、新社里,155,"水災,土石流,海嘯",何淦銘,03-5515919,是,否,是,True,新竹,39,4911.114884196274,4.911114884196274
4467,桃園市龍潭區,三林里,三角林37號,121.229961,24.840368,三林社區活動中心,三林里,80,水災,魏榮貴,03-4705872,是,否,否,True,龍潭,36,2951.915498235052,2.951915498235052
4468,桃園市龍潭區,龍星里,神龍路155號,121.212445,24.84158,龍潭高中操場,龍星里、龍潭里、上林里,1000,震災,李貴銀,03-4792829#166,否,是,否,True,龍潭,36,2516.1921613155114,2.5161921613155114
4469,桃園市龍潭區,佳安里,文化路188號,121.241766,24.84158,石門國小禮堂,佳安里,130,水災,陳馨皇,03-4711752#510,是,否,否,True,龍潭,36,3564.892169591454,3.564892169591454
4470,桃園市龍潭區,佳安里,文化路188號,121.241766,24.84158,石門國小操場,佳安里、三林里、富林里、建林里,1000,震災,陳馨皇,03-4711752#510,否,是,否,True,龍潭,36,3564.892169591454,3.564892169591454
4471,新竹縣竹北市,新庄里,中正西路1377號,120.964241,24.842245,豐田國小,白地里、溪州里、麻園里、新港里、新庄里,555,,呂惠紅,03-5563930#801,否,否,否,True,新竹,39,4137.199713771168,4.137199713771168
4472,新竹縣竹北市,新社里,5鄰40號,120.9981,24.8428,新社國小,聯興里、新社里、新國里、泰和里,525,"水災,震災,土石流,海嘯",賴信杰,03-5552026#501,是,是,是,True,新竹,39,4869.265207665758,4.869265207665758
4473,新竹市北區,南寮里,新竹市海濱里海濱路55號,120.92882,24.843514,南華國中,海濱、南寮、港北 中寮,2125,,彭夢潔總務主任,5362204#14,否,否,否,True,新竹,39,6080.956721848698,6.080956721848699
4475,桃園市龍潭區,建林里,忠勇街97號,121.234824,24.84417,建林里集會所,建林里,50,水災,張淑美,03-4093157,是,否,否,True,龍潭,36,2875.651237056657,2.875651237056657
4476,新竹縣新埔鎮,鹿鳴里,9鄰36號,121.1415,24.84461,照東國小,照門里新北里,560,"水災,土石流",余舒蓉,03-5899807,是,是,是,True,龍潭,36,7873.730852587029,7.8737308525870295
4478,桃園市龍潭區,富林里,建國路278號,121.231628,24.846848,富林里集會所,富林里,60,水災,葉義風,03-4708528,是,否,否,True,龍潭,36,2441.238476058825,2.441238476058825
4479,宜蘭縣頭城鎮,,頭城鎮金盈里路39號,121.7966,24.8473,金盈里-金盈社區活動中心,金盈,37,"水災,震災,土石流,海嘯",林漢龍,03-9773029,是,否,否,True,宜蘭,28,12122.478370999046,12.122478370999046
4480,新竹縣關西鎮,東平里,龍潭區三合村直坑39號,121.1677,24.847681,桃園縣三和國小,東平里16-18鄰〈備援〉,305,"水災,土石流",陳梅蓉,03-4792154#51,是,是,是,True,龍潭,36,5248.433023725928,5.248433023725928
4481,桃園市龍潭區,三和里,龍新路三和段1356號,121.167639,24.847772,三和國小操場,三和里、三水里,400,震災,陳梅蓉,03-4792154#510,否,是,否,True,龍潭,36,5250.760270828414,5.250760270828414
4482,新竹縣新埔鎮,照門里,9鄰39號,121.1113,24.8489,照門國小,照門里 清水里,730,"水災,震災,土石流",陳靜宜,03-5899234,是,是,是,True,湖口,39,9258.370304575908,9.258370304575909
4483,新竹縣新埔鎮,照門里,照鏡7號,121.1133,24.84908,照門國中,巨埔里 清水里 鹿鳴里,1770,"水災,震災,土石流",饒忠韻,03-5890214,是,是,是,True,湖口,39,9406.935164792878,9.406935164792879
4484,桃園市大溪區,福安里,復興路一段755號,121.287861,24.849845,頭寮社區活動中心,福安里,45,"水災,震災,土石流",陳義春,03-3883331,是,否,否,True,龍潭,36,7384.199406572467,7.384199406572467
4485,桃園市龍潭區,上華里,大順路209號,121.217776,24.850738,上華里集會所,上華里,110,水災,鄧玉珍,03-4703681,是,否,否,True,龍潭,36,1474.9855119901074,1.4749855119901074
4486,新竹縣新埔鎮,北平里,8鄰62號,121.0858,24.8528,北平國小,南平里 北平里,430,"水災,震災,土石流",王紹先,03-5882897,是,是,是,True,湖口,39,7066.055968177643,7.066055968177643
4487,新北市三峽區,有木里,有木里131號,121.4373,24.8533,有木國小,有木里,109,"水災,震災,土石流,海嘯",吳政謀,02-26720067分機13,是,是,否,True,新北（樹林）,38,11913.605485807298,11.913605485807299
4488,宜蘭縣頭城鎮,,頭城鎮新建里新興路234-1號,121.8196,24.8539,新建里-新建社區活動中心,新建,124,"水災,震災,土石流",王新驊,03-9773214,是,否,否,True,宜蘭,28,13878.125657566707,13.878125657566706
4489,桃園市龍潭區,中正里,龍華路526巷55-1號,121.216678,24.854358,中正里集會所,中正里,130,水災,陳淑麗,03-4704850,是,否,否,True,龍潭,36,1068.2366309490724,1.0682366309490723
4491,桃園市龍潭區,上林里,金龍路210號,121.21206,24.855518,上林社區活動中心,上林里,100,水災,李鳳珠,03-4091895,是,否,否,True,龍潭,36,1039.3285298698368,1.0393285298698367
4493,桃園市大溪區,義和里,安和路38號,121.282001,24.856082,內柵國小,康安里,300,"水災,震災,土石流",桂景星,03-3882461#510,是,是,否,True,龍潭,36,6681.281237395336,6.681281237395336
4494,桃園市龍潭區,中正里,神龍路346號,121.215334,24.856647,雙龍國小操場,中正里、上華里,800,震災,林憲霸,03-4991888#51,否,是,否,True,龍潭,36,822.3524180506062,0.8223524180506062
4496,桃園市大溪區,福安里,24鄰三層41號,121.295778,24.858533,三層社區活動中心,福安里,45,"水災,土石流",許銘龍,03-387-3779,是,否,否,True,龍潭,36,8038.465747695548,8.038465747695549
4497,桃園市龍潭區,上林里,中豐路上林段418號,121.202008,24.858616,凌雲國中禮堂,上林里,150,水災,邱國泰,03-4792604#511,是,否,否,True,龍潭,36,1577.291674059828,1.577291674059828
4498,宜蘭縣頭城鎮,,頭城鎮城東里開蘭舊路6號,121.825,24.8591,城東里-城東社區活動中心,城東,53,"水災,震災,土石流",黃志安,03-9771362,是,否,否,True,宜蘭,28,14657.295261062796,14.657295261062796
4500,新竹縣湖口鄉,鳳山村,勝利路二段199號,121.0223,24.8602,鳳山社區活動中心,鳳山村、鳳凰村、勝利村,25,"水災,土石流,海嘯",林志華,03-5993911,是,否,是,True,湖口,39,4725.4663716107625,4.7254663716107626
4501,桃園市龍潭區,三和里,龍新路竹窩段430號,121.19293,24.860237,三和里集會所,三和里,140,水災,謝金棋,03-4898033,是,否,否,True,龍潭,36,2413.809149285072,2.4138091492850724
4502,桃園市龍潭區,龍星里,神龍路155號,121.212445,24.860466,龍潭高中禮堂,龍星里、龍潭里、上林里,560,水災,李貴銀,03-4792829#166,是,否,否,True,龍潭,36,563.6351279920162,0.5636351279920162
4503,新竹縣湖口鄉,鳳山村,瑞安街22巷2號,121.0218,24.8607,鳳山村集會所,鳳山村、鳳凰村、勝利村,25,"水災,土石流,海嘯",林志華,03-5993911,是,否,是,True,湖口,39,4692.050652958422,4.692050652958422
4504,宜蘭縣頭城鎮,,頭城鎮拔雅里復興路12巷2號,121.8169,24.861,拔雅里-拔雅社區活動中心,拔雅,122,"水災,震災,土石流,海嘯",甘錫賢,03-9776833,是,否,否,True,宜蘭,28,14412.36116002718,14.41236116002718
4505,宜蘭縣頭城鎮,,頭城鎮福成里宜三路二段378號,121.8051,24.8618,福成里-福成社區活動中心,福成,48,"水災,震災,土石流,海嘯",甘伯聰,03-9776558,是,否,否,True,宜蘭,28,13941.192527780073,13.941192527780073
4506,宜蘭縣頭城鎮,,頭城鎮武營里開蘭路282號,121.8274,24.863,武營里-頭城國小,武營,338,"水災,震災,土石流,海嘯",黃志聖,03-9771011,是,否,否,True,宜蘭,28,15151.81326673194,15.15181326673194
4508,新北市三峽區,五寮里,五寮93號,121.365455,24.863449,五寮市民活動中心,五寮里,137,"水災,震災,土石流,海嘯",吳香其,02-26711017分機207,是,否,否,True,新北（樹林）,38,9653.124810820045,9.653124810820046
4509,新北市烏來區,烏來里,啦卡路5號,121.553147,24.863755,烏來國民中小學,烏來里、孝義里、信賢里、福山里,152,"水災,土石流",林俊傑,02-26616482＃50,是,否,是,True,新店,39,12663.659470919969,12.663659470919969
4510,新竹縣竹北市,大義里,鳳岡路三段100號,120.9657,24.8639,鳳岡國中,白地里、尚義里、崇義里、大義里、大眉里,585,"水災,震災,土石流,海嘯",徐永明,03-5561284,是,是,是,True,新竹,39,6488.421060799301,6.4884210607993005
4511,桃園市龍潭區,龍潭里,南龍路13號,121.212839,24.863934,龍潭里活動中心,龍潭里,120,水災,鍾朝麟,03-4990650,是,否,否,True,龍潭,36,365.7509777678533,0.3657509777678533
4512,桃園市龍潭區,龍潭里,南龍路13號,121.214346,24.864047,龍潭國小禮堂,龍潭里,360,水災,黃建豪,03-4792014#516,是,否,否,True,龍潭,36,213.45444686933675,0.21345444686933676
4513,桃園市龍潭區,九龍里,五福街330號,121.225512,24.864163,九龍社區活動中心,九龍里,140,水災,陳新榮,03-4891713,是,否,否,True,龍潭,36,915.1245242723882,0.9151245242723881
4514,新竹縣湖口鄉,勝利村,勝利路二段19巷10號,121.028447,24.865579,勝利村集會所,勝利村、中興村、鳳山村,30,"水災,土石流,海嘯",林志華,03-5993911,是,否,否,True,湖口,39,3965.5681441569072,3.965568144156907
4516,新竹縣湖口鄉,勝利村,新生路122號,121.026,24.8661,湖口鄉老人文康活動中心,勝利村、鳳凰村、中興村,105,"水災,土石流,海嘯",林志華,5993911,是,否,是,True,湖口,39,3983.666908823172,3.9836669088231718
4517,新竹縣湖口鄉,中興村,工業一路85號,121.0277,24.8678,中興社區活動中心,中興村、鳳凰村、勝利村,90,"水災,震災,土石流,海嘯",林志華,03-5993911,是,是,是,True,湖口,39,3750.981468559056,3.750981468559056
4518,桃園市龍潭區,中山里,華南路1號旁,121.214887,24.868209,中山社區活動中心,中山里,60,水災,黃玉春,03-4792242,是,否,否,True,龍潭,36,492.4191267615709,0.4924191267615709
4519,桃園市大溪區,瑞源里,番子寮59號,121.252624,24.868543,瑞源社區活動中心,瑞源里,50,"水災,震災,土石流",黃睿和,03-380-4536,是,否,否,True,龍潭,36,3689.0617707404754,3.6890617707404756
4520,桃園市龍潭區,凌雲里,干城路19巷28號,121.207739,24.868638,凌雲里集會所,凌雲里,50,水災,彭李林,03-4093141,是,否,否,True,龍潭,36,1019.8238414319176,1.0198238414319176
4521,桃園市龍潭區,凌雲里,干城路19巷26號,121.207739,24.868638,龍祥里集會所,龍祥里,50,水災,彭春蘭,03-4803888,是,否,否,True,龍潭,36,1019.8238414319176,1.0198238414319176
4522,桃園市龍潭區,凌雲里,干城路19巷30號,121.207739,24.868638,龍潭區婦幼館,凌雲里、龍祥里,170,水災,馮鑑灼,03-4794847,是,否,是,True,龍潭,36,1019.8238414319176,1.0198238414319176
4523,桃園市龍潭區,凌雲里,干城路19巷30號前,121.207739,24.868638,龍潭鄉婦幼館前廣場,凌雲里、龍祥里,200,震災,馮鑑灼,03-4794847,否,是,否,True,龍潭,36,1019.8238414319176,1.0198238414319176
4524,新竹縣新豐鄉,松林村,松林街33鄰99號,120.9907,24.869,松林國小,松林村松柏村山崎村,765,"水災,震災,土石流,海嘯",黃明勇,03-5573601,是,否,是,True,湖口,39,5962.218429674396,5.9622184296743965
4525,桃園市龍潭區,武漢里,武漢路100號,121.234685,24.870371,武漢國小操場,東興里、武漢里、中興里、北興里、東興里,800,震災,廖嘉洋,03-4792873#520,否,是,否,True,龍潭,36,1972.3772816770895,1.9723772816770895
4526,新竹縣新豐鄉,山崎村,新興路291號,120.9988,24.8721,山崎國小,山崎村松林村忠孝村,720,"水災,震災,土石流,海嘯",陳智華,03-5592714,是,是,是,True,湖口,39,5099.4546010482,5.0994546010482
4527,新竹縣湖口鄉,鳳凰村,仁和路100號,121.0145,24.8728,鳳凰社區活動中心,鳳凰村、勝利村、中興村,55,"水災,土石流,海嘯",林志華,03-5993911,是,否,否,True,湖口,39,3899.0718278987256,3.8990718278987258
4528,桃園市龍潭區,八德里,梅龍路2號,121.201718,24.873178,八德里集會所,八德里,150,水災,張運煥,03-4796668,是,否,否,True,龍潭,36,1803.2302803410407,1.8032302803410407
4529,桃園市大溪區,美華里,美山路一段660號,121.300457,24.874405,美華社區活動中心,美華里,30,"水災,震災,土石流",李芳順,03-387-2400,是,否,否,True,龍潭,36,8565.787897758853,8.565787897758854
4530,桃園市龍潭區,黃唐里,成功路190巷10號,121.228034,24.875343,黃唐社區活動中心,黃唐里、永興里,150,水災,劉修增,03-4792939,是,否,否,True,龍潭,36,1716.5681969785626,1.7165681969785627
4531,桃園市龍潭區,中興里,中興路240巷38號,121.234709,24.875467,中興里活動中心,中興里、北興里,130,水災,彭石松,03-4896422,是,否,否,True,龍潭,36,2239.239883905636,2.2392398839056358
4532,新竹縣新豐鄉,松林村,康樂路一段516號,120.5854,24.8756,松林社區活動中心,松林村松柏村,60,"水災,震災,土石流",徐茂淦,35597912,是,否,是,True,頭份,35,37353.08958925017,37.353089589250175
4533,宜蘭縣頭城鎮,,頭城鎮港口里（路）60-3號,121.8403,24.8762,港口里-港口社區活動中心,港口里,67,"水災,震災,土石流",李世田,03-9775440,是,否,否,True,宜蘭,28,17089.45320255068,17.089453202550683
4534,新竹縣湖口鄉,湖南村,7鄰鐵騎路1巷11號,121.0495,24.877,湖南村集會所,湖南村、湖鏡村、波羅村,135,"水災,震災,土石流,海嘯",林志華,03-5993911,是,是,是,True,湖口,39,2774.549260730358,2.774549260730358
4535,新竹縣湖口鄉,湖口村,八德路二段78巷36弄50號,121.0556,24.8775,湖鏡村集會所,湖鏡村、湖口村、湖南村,675,"水災,土石流,海嘯",林志華,03-5993911,是,是,是,True,湖口,39,3020.18381384039,3.02018381384039
4536,桃園市大溪區,一德里,康莊路251號3樓,121.287976,24.878311,一德社區活動中心,一德里,30,"水災,震災,土石流",廖勝春,03-3874266,是,否,否,True,龍潭,36,7398.408499314029,7.398408499314028
4537,新竹縣新豐鄉,員山村,忠一街216號,120.9977,24.8792,員山綜合活動中心,員山村忠孝村山崎村,125,"水災,震災,土石流,海嘯",徐茂淦,35597912,是,是,是,True,湖口,39,4759.92598707924,4.7599259870792405
4538,桃園市龍潭區,黃唐里,成功路190巷227號,121.231839,24.879482,武漢國中操場,黃唐里、永興里,1200,震災,林琮智,03-4806468#510,否,是,否,True,龍潭,36,2314.28002938928,2.31428002938928
4539,桃園市龍潭區,烏林里,中豐路401號,121.210569,24.880771,潛龍國小操場,烏林里、烏樹林里、百年里,500,震災,楊梅黃,03-4792153#510,否,是,否,True,龍潭,36,1950.4880231051425,1.9504880231051425
4540,桃園市龍潭區,烏林里,中豐路401號,121.209566,24.881096,烏林社區活動中心,烏林里、烏樹林里、百年里,100,水災,巫梅珠,03-4795437,是,否,否,True,龍潭,36,2017.500492545603,2.017500492545603
4541,桃園市大溪區,一心里,民權東路94巷29號,121.29121,24.881411,下田心社區活動中心,一心里田心里,50,"水災,震災,土石流",陳寶印,03-388-2875,是,否,否,True,龍潭,36,7795.592422050819,7.795592422050818
4542,桃園市龍潭區,聖德里,聖亭路八德段451巷140號,121.195097,24.881998,八德社區活動中心,聖德里,100,水災,徐春淼,03-4892381,是,否,否,True,龍潭,36,2938.0738527662716,2.9380738527662715
4543,桃園市大溪區,員林里,員林路2段450號,121.265796,24.882515,三元社區活動中心,三元里 員林里 光明里,50,"水災,震災,土石流",黃永林,03-3801233,是,否,否,True,龍潭,36,5390.63089879438,5.39063089879438
4544,桃園市龍潭區,聖德里,聖亭路八德段451巷140號,121.195124,24.882832,德龍國小操場,聖德里,800,震災,蔡棋安,03-4792524#510,否,是,否,True,龍潭,36,2999.548505531364,2.9995485055313638
4545,新竹縣湖口鄉,長安村,8鄰長安路381號,121.0996,24.8829,長安社區活動中心,長安村、長嶺村、湖口村,65,"水災,震災,土石流,海嘯",林志華,03-5993911,是,否,是,True,湖口,39,6424.425592865022,6.424425592865022
4546,宜蘭縣頭城鎮,,頭城鎮外澳里濱海路二段212號,121.8458,24.8833,外澳里-外澳社區活動中心,外澳里,49,"水災,震災",王在,03-9775402,是,否,否,True,宜蘭,28,18052.16522182369,18.05216522182369
4547,新北市烏來區,信賢里,信福路48號,121.548453,24.883684,信賢活動中心,信賢里、福山里,30,"水災,土石流",趙絡涵,02-26616442,是,否,是,True,新店,39,10416.6751174732,10.4166751174732
4548,新北市烏來區,烏來里,烏來街34號,121.548453,24.883684,綜合活動中心,忠治里、烏來里、孝義里、信賢、福山里,30,"水災,土石流",趙絡涵,02-26616442,是,否,是,True,新店,39,10416.6751174732,10.4166751174732
4549,新北市烏來區,忠治里,忠治14號,121.548453,24.883684,忠治活動中心,忠治里、烏來里、孝義里,30,"水災,土石流",趙絡涵,02-26616442,是,否,是,True,新店,39,10416.6751174732,10.4166751174732
4550,新北市烏來區,福山里,2鄰李茂岸51號,121.548453,24.883684,福山活動中心,福山里,50,"水災,土石流",趙絡涵,02-26616442,是,否,是,True,新店,39,10416.6751174732,10.4166751174732
4551,新北市烏來區,烏來里,13鄰環山路82巷45號,121.548453,24.883684,烏來活動中心,烏來里、忠治里、信賢里、孝義里,50,"水災,土石流",趙絡涵,02-26616442,是,否,是,True,新店,39,10416.6751174732,10.4166751174732
4552,新北市烏來區,福山里,福山里李茂岸56號,121.548453,24.883684,福山國小,福山里,305,"水災,土石流",高世昌,2661-6421轉302,是,否,是,True,新店,39,10416.6751174732,10.4166751174732
4553,桃園市大溪區,福仁里,登龍路19號,121.286797,24.884168,大溪國小,興和里、福仁里,550,"水災,震災,土石流",蕭富陽,03-3882040#511,是,是,否,True,龍潭,36,7450.084880388359,7.450084880388359
4554,新竹縣湖口鄉,波羅村,千禧路32號,121.027932,24.884806,波羅村集會所,波羅村、信勢村、信義村,47,"土石流,海嘯",林志華,03-5993911,是,否,是,True,湖口,39,2022.1923854779611,2.022192385477961
4555,桃園市大溪區,福仁里,仁愛路11號,121.285874,24.88515,興福社區活動中心,興和里 福仁里,45,"水災,土石流",賴真田,03-388-9032,是,否,否,True,龍潭,36,7394.871307440403,7.394871307440403
4556,新竹縣湖口鄉,湖口村,17鄰信義街59號,121.060153,24.886026,愛勢村集會所,愛勢村、仁勢村、孝勢村,40,"水災,震災,土石流",林志華,03-5993911,是,否,否,True,湖口,39,2655.671350356108,2.655671350356108
4557,新竹縣湖口鄉,湖口村,中美東路358巷27號,121.060153,24.886026,湖口村集會所,湖口村、長嶺村、湖鏡村,75,"水災,震災,土石流",林志華,03-5993911,是,否,否,True,湖口,39,2655.671350356108,2.655671350356108
4558,桃園市大溪區,月眉里,月眉105號,121.287715,24.889615,月眉社區活動中心,永福里 月眉里,350,"水災,震災,土石流",林黃興,03-387-8935,是,否,否,True,龍潭,36,7738.730212920156,7.7387302129201565
4560,新竹縣新豐鄉,上坑村,坑子口398之1號,120.9741,24.8909,上坑社區活動中心,上坑村崎頂村鳳坑村,80,"水災,震災,土石流",徐茂淦,35597912,是,否,是,True,湖口,39,6622.113050990544,6.622113050990544
4562,桃園市平鎮區,湧安里,湧安路45號,121.2032,24.894,祥安國小,湧安里、湧豐里、湧光里,295,"水災,震災",陳德全,03-4192135#511,是,否,否,True,龍潭,36,3582.6196205903802,3.58261962059038
4563,新竹縣湖口鄉,中正村,中正二路70號,121.047063,24.894449,中正村集會所,中正村、信義村、孝勢村,300,"水災,震災,土石流",林志華,03-5993911,是,是,否,True,湖口,39,1037.5847082990506,1.0375847082990506
4564,新竹縣湖口鄉,信義村,中山二街72號,121.040252,24.895453,信義村集會所,信義村、中正村、孝勢村,80,"水災,震災,土石流",林志華,03-5993911,是,否,否,True,湖口,39,533.0055479111967,0.5330055479111967
4565,桃園市楊梅區,東流里,甡甡路440號二樓,121.129569,24.895827,大東社區活動中心,東流、秀才、大平,50,"水災,震災,土石流,海嘯",劉定唐,03-4788210,是,否,是,True,湖口,39,9175.016483294377,9.175016483294378
4566,桃園市平鎮區,山峰里,中豐路山頂段375巷45號,121.2131,24.8964,山豐國小,山峰里,70,"水災,震災",賴綺襄,03-4691784#511,是,否,否,True,龍潭,36,3604.5933281429784,3.6045933281429785
4568,桃園市平鎮區,湧光里,湧光里湧光路110號2樓,121.2094,24.8967,湧光里里民集會所,湧光里,87,水災,吳祥潤,03-4691975,是,否,否,True,龍潭,36,3691.353907004915,3.691353907004915
4569,桃園市楊梅區,永寧里,老莊路2-1號,121.15188,24.897372,永揚社區活動中心,永寧,20,"水災,震災",張火爐,932267933,是,否,是,True,龍潭,36,7499.002573667189,7.499002573667188
4570,桃園市大溪區,仁和里,仁和七街159號,121.273886,24.897578,仁和社區活動中心,仁和里,70,"水災,震災,土石流",黃智賢,03-389-2099,是,否,否,True,龍潭,36,6892.008041080439,6.892008041080439
4571,新竹縣新豐鄉,重興村,新市路93號,120.985,24.8992,新豐鄉老人會館新豐鄉老人文康活動中心,重興村上坑村新豐村,40,"震災,土石流",徐茂淦,35597912,是,否,是,True,湖口,39,5442.845713852697,5.442845713852697
4572,桃園市平鎮區,福林里,福林里山子頂6號,121.2126,24.8994,山峰社區活動中心,福林里,116,"水災,震災,土石流",陳聯旭,03-4695001,是,否,否,True,龍潭,36,3940.201301617717,3.940201301617717
4573,新竹縣新豐鄉,中崙村,2鄰37號,120.9978,24.9002,中崙社區活動中心,中崙村瑞興村,30,"水災,震災,土石流",徐茂淦,35597912,是,否,是,True,湖口,39,4148.858556664053,4.148858556664053
4576,新竹縣新豐鄉,重興村,明德巷13號,120.9877,24.9011,新豐國小,重興村中崙村崎頂村,660,"水災,震災,土石流,海嘯",蔡孟翰,03-5592081,是,否,否,True,湖口,39,5170.334181563464,5.170334181563464
4578,桃園市八德區,大勇里,自強街60號,121.2864,24.9018,大勇 大義活動中心,大勇里、大義里、大榮里、大漢里、大千里,140,水災,呂素虹,919943557,是,否,否,True,龍潭,36,8213.822987233734,8.213822987233733
4579,桃園市大溪區,仁愛里,埔頂街15巷仁和宮旁）,121.275658,24.901989,仁愛社區活動中心,仁愛里,60,"水災,震災,土石流",盧茂榮,0982-513418,是,否,否,True,龍潭,36,7313.07247184931,7.31307247184931
4580,新北市新店區,龜山里,新北市新店區新烏路三段99巷10號,121.5532,24.9022,龜山國小,龜山里,75,"水災,土石流",吳英同,02-29112281#1209,是,是,否,True,新店,39,8454.519455716958,8.454519455716959
4581,宜蘭縣頭城鎮,,頭城鎮濱海路三段93號,121.8634,24.9022,更新里-更新漁民活動中心,更新,34,"水災,震災",陳繼錫,03-9776196,是,否,否,True,宜蘭,28,20783.725353655078,20.78372535365508
4583,新北市新店區,龜山里,新北市新店區新烏路3段136號,121.552,24.9031,龜山市民活動中心,龜山里,133,"水災,土石流",吳英同,02-29112281#1209,是,是,否,True,新店,39,8334.818763973157,8.334818763973157
4584,桃園市楊梅區,梅新里,貴山街1號,121.150291,24.903472,楊梅國中綜合活動中心,中山、梅新、裕新、裕成、永寧,500,"水災,土石流",何淑芳,03-4782024分機513,是,否,是,True,平鎮,45,7697.061972004956,7.697061972004956
4586,桃園市平鎮區,莊敬里,莊敬里自強街100號,121.2147,24.9044,莊敬里里民集會所,莊敬里,67,水災,江羅淑娥,03-4692345,是,否,否,True,龍潭,36,4478.203325714062,4.478203325714062
4587,桃園市大溪區,南興里,仁和路二段190巷79號（永昌宮旁）,121.26517,24.90441,南興社區活動中心,南興里,50,"水災,震災,土石流",楊成雙,03-380-5828,是,否,否,True,龍潭,36,6652.472680271891,6.652472680271891
4589,桃園市大溪區,仁武里,公園路30號2樓,121.28385,24.904809,崎頂社區活動中心,仁文里 仁武里,50,"水災,震災,土石流",巫村田,03-3891175,是,否,否,True,龍潭,36,8172.670368380758,8.172670368380759
4590,桃園市平鎮區,鎮興里,中興路平鎮段229號,121.1943,24.9057,鎮興里里民集會所,鎮興里,81,"水災,震災,土石流",黃志杰,03-4643456,是,否,否,True,龍潭,36,5132.624185381834,5.132624185381834
4591,新北市三峽區,大埔里,大埔路130號,121.3665,24.9057,大埔國小,大埔里、金圳里、二鬮里、五寮里、插角里、有木里,625,"水災,震災,土石流,海嘯",陳秋榕,02-26712523分機150,是,是,否,True,新北（樹林）,38,5097.957254866157,5.097957254866158
4592,新北市三峽區,大埔里,中正路二段399號,121.3639,24.9069,明德高中,二鬮里、大埔里、添福里、金圳里、五寮里,1569,"水災,震災,土石流,海嘯",劉懷恩,02-26723302分機240,是,是,是,True,新北（樹林）,38,5069.8389834992995,5.0698389834993
4593,桃園市楊梅區,楊江里,大成路2號,121.14586,24.907477,楊梅區公所大禮堂,楊梅、楊江、紅梅,100,"水災,土石流,海嘯",康雅雯,03-4882381,是,否,是,True,平鎮,45,7723.262012223392,7.723262012223392
4594,新竹縣湖口鄉,德盛村,德興路127巷13號,121.0445,24.9088,德盛村集會所,德盛村、東興村、和興村,40,"水災,土石流,海嘯",林志華,03-5993911,是,否,是,True,湖口,39,1119.2769141612437,1.1192769141612438
4595,新北市三峽區,竹崙里,竹崙里146號,121.4349,24.9088,竹崙市民活動中心,竹崙里,113,"水災,震災,土石流,海嘯",吳香其,02-26711017分機207,是,否,否,True,新北（樹林）,38,6839.2479574409645,6.839247957440964
4596,新竹縣新豐鄉,青埔村,6鄰80之2號,120.9764,24.9098,青埔社區活動中心,青埔村後湖村福興村,40,"水災,震災,土石流",徐茂淦,35597912,是,是,是,True,湖口,39,6401.318367724486,6.401318367724486
4597,新竹縣新豐鄉,新豐村,池府路149號,120.9765,24.9099,新豐社區活動中心,新豐村埔和村坡頭村,45,"水災,震災,土石流",徐茂淦,35597912,是,否,是,True,湖口,39,6393.229494556485,6.393229494556485
4601,桃園市平鎮區,金星里,金星里64鄰開封街88號,121.2041,24.9103,長青文康中心,南勢里、平南里、金星里,59,"水災,震災,土石流",蕭志珊,03-4572105#2205,是,否,否,True,平鎮,45,4705.821711741012,4.705821711741012
4603,桃園市平鎮區,東勢里,金陵路5段55號,121.2315,24.9105,東勢社區活動中心,建安里、東勢里,107,"水災,震災,土石流",游明臺,03-4500999,是,否,否,True,中壢,50,4841.111572226125,4.841111572226125
4605,新北市新店區,華城里,新北市新店區華城路800號,121.4978,24.9109,康橋高級中學,華城里、塗潭里,250,水災,吳英同,02-29112281#1209,是,是,否,True,新店,39,8382.473017029515,8.382473017029515
4606,桃園市楊梅區,大同里,自立街2號,121.149137,24.910932,大合社區活動中心,永平、楊明、大同、三民、梅溪,50,"水災,震災,土石流",張原嘉,03-4752567,是,否,是,True,平鎮,45,7223.366933800537,7.223366933800537
4607,桃園市楊梅區,三湖里,楊湖路二段491號,121.108509,24.911967,三湖社區活動中心,三湖、頭湖,50,"水災,震災,土石流",林梅香,03-4757288,是,否,是,True,湖口,39,7156.609567951193,7.156609567951192
4608,新北市三峽區,嘉添里,白雞路40號,121.3755,24.912,民義國小,嘉添里、添福里、中正里、插角里,975,"水災,震災,土石流,海嘯",宋長燕,02-26711895分機830,是,是,否,True,新北（樹林）,38,4180.675615391007,4.180675615391007
4609,桃園市楊梅區,上湖里,楊湖路三段679之1號,121.082425,24.912185,上湖社區活動中心,上湖,100,"水災,震災,土石流",陳星燕,03-4853511,是,否,是,True,湖口,39,4599.084301757221,4.5990843017572205
4612,新北市新店區,廣興里,新店市廣興路57號。,121.5396,24.9125,屈尺國小廣興分校,廣興里,37,"水災,震災",吳英同,02-29112281#1209,是,否,否,True,新店,39,7171.295586755302,7.171295586755302
4614,桃園市楊梅區,瑞塘里,四維路二段20號,121.179329,24.913774,瑞塘社區活動中心,瑞塘、瑞坪、瑞溪、金溪,100,"水災,震災,土石流",呂芳盛,932109778,是,否,是,True,平鎮,45,4987.231112044403,4.987231112044403
4615,桃園市大溪區,仁善里,仁德街19號,121.281644,24.914076,仁善社區活動中心,仁善里,70,"水災,震災,土石流",陳秀華,03-380-6988,是,否,否,True,中壢,50,7452.880085887292,7.452880085887292
4616,桃園市楊梅區,金龍里,中興路236之1號,121.186274,24.914501,金龍社區活動中心,金龍、仁美、埔心、光華、四維、瑞坪,100,"水災,土石流",李崑德、張玉蓮,03-4822215,是,否,是,True,平鎮,45,4602.357234115971,4.602357234115971
4618,新竹縣湖口鄉,東興村,德和路6號,121.0502,24.9159,東興村集會所,東興村、和興村、德盛村,95,"水災,土石流,海嘯",林志華,03-5993911,是,否,是,True,湖口,39,2091.377343139651,2.0913773431396514
4619,桃園市平鎮區,東安里,平東路168號,121.2498,24.9166,東安國中,東安里、新安里、華安里,136,"水災,震災",陳薇傛,03-4601407#52,是,否,否,True,中壢,50,4957.49668324335,4.95749668324335
4620,臺中市霧峰區,北柳里,霧峰區北柳里國中路110號,120.4141,24.917,霧峰國中行政大樓地下室,北柳,175,"水災,震災,土石流",郭志強--林芝萍,04-23393175#230,是,是,是,True,頭份,35,54721.679859848075,54.721679859848074
4621,臺中市霧峰區,本堂里,中正路736號,120.41411,24.917,霧峰國小志文樓地下室,本堂、中正,800,"水災,震災",吳佳容,04-23393069#731,是,是,是,True,頭份,35,54720.77470734753,54.72077470734753
4622,臺中市霧峰區,北柳里,國中路110號,120.41411,24.917,霧峰國中行政大樓地下室,北柳,1381,"震災,土石流",謝龍卿-葉美蕙,04-23393175#230,是,是,是,True,頭份,35,54720.77470734753,54.72077470734753
4623,新竹縣湖口鄉,和興村,德和路128號,121.046,24.917,和興村集會所,和興村、德盛村、東興村等,20,"水災,土石流,海嘯",林志華,03-5993911,是,否,是,True,湖口,39,2005.9865601524618,2.005986560152462
4624,桃園市楊梅區,水美里,楊新路二段2之1號,121.137079,24.918994,水美社區活動中心,水美、瑞原,100,"水災,震災,土石流",邱燕霖,03-4758085,是,否,是,True,平鎮,45,7724.47540448523,7.72447540448523
4625,桃園市大溪區,瑞興里,8鄰大鶯路936號,121.3032,24.919559,瑞興社區活動中心,瑞興里,45,"水災,土石流",李文德,03-380-7589,是,否,否,True,桃園,40,8325.98306016112,8.32598306016112
4626,新北市新店區,屈尺里,新北市新店區屈尺路五十五號,121.5463,24.9225,屈尺國小,粗坑里、屈尺里、龜山里、廣興里,320,"水災,震災,土石流",吳英同,02-29112281#1209,是,是,否,True,新店,39,6122.08028173306,6.1220802817330595
4627,桃園市大溪區,僑愛里,僑愛1街,121.293733,24.922855,僑愛社區活動中心,僑愛里 仁義里,50,"水災,震災,土石流",劉思遠,0936-262048,是,否,否,True,中壢,50,8020.2782136070255,8.020278213607025
4628,新北市新店區,屈尺里,新北市新店區屈尺路125號,121.544999,24.923518,屈尺市民活動中心,屈尺里,75,"水災,土石流",吳英同,29112281#1209,是,是,否,True,新店,39,5993.060690110405,5.993060690110405
4629,桃園市平鎮區,東社里,圳南路50巷23號,121.2437,24.9241,東社社區活動中心,中正里、忠貞里、東社里、貿易里、龍興里,116,水災,謝彩波,03-4507774,是,否,否,True,中壢,50,3923.7418828609516,3.9237418828609516
4630,新北市三峽區,成福里,成福路215巷2號,121.4275,24.9243,大成國小,竹崙里、成福里、溪東里、安坑里,187,"水災,震災,土石流,海嘯",陳俊佳,02-26726521分機115,是,是,否,True,新北（樹林）,38,5217.613892599734,5.217613892599734
4632,桃園市中壢區,龍岡里,龍岡路三段742號,121.243388,24.926071,中壢區龍岡里集會所,龍岡里,50,"水災,震災,土石流",余潔雯,03-4271801#1210,是,否,否,True,中壢,50,3727.3351168111053,3.7273351168111053
4634,新北市三峽區,安坑里,建安路67號,121.4471,24.9264,建安國小,安坑里、成福里、,292,"水災,震災,土石流,海嘯",楊慧淳,02-26726783分機102,是,是,否,True,土城,40,6235.520228718741,6.235520228718741
4635,新北市三峽區,中正里,大同路135號,121.3728,24.9266,安溪國中,礁溪里、介壽里、安溪里、中正里、大埔里、嘉添里、金圳里、二鬮里,1675,"水災,震災,土石流,海嘯",周中明,02-26717851分機150,是,是,否,True,新北（樹林）,38,2710.1457340155175,2.7101457340155175
4638,桃園市八德區,龍友里,龍宮街36巷1號,121.2582,24.9271,龍友里集會所,龍友里,40,"水災,震災",姜因龍,03-3651422,是,否,否,True,中壢,50,4692.469012173398,4.692469012173398
4639,新北市三峽區,中埔里,弘園街22號,121.3672,24.9278,中園國小,中埔里、弘道里、八張里、三峽里、,926,"水災,震災,土石流,海嘯",黃邵偉,02-86712590分機831,是,是,否,True,新北（樹林）,38,2871.845403851175,2.871845403851175
4640,新竹縣新豐鄉,青埔村,6鄰青埔子80-1號,121.0133,24.928,青埔社區老人會館,青埔村埔和村後湖村,45,"水災,震災,土石流,海嘯",徐茂淦,35597912,是,否,是,True,湖口,39,4027.65258587541,4.02765258587541
4641,桃園市平鎮區,北貴里,北貴里大仁街46號,121.2256,24.9281,獅子林社區活動中心,北富里、北貴里、龍恩里,94,"水災,震災",林玉雪,03-4280811,是,否,否,True,中壢,50,2816.89914166634,2.81689914166634
4642,桃園市大溪區,中新里,大鶯路1450巷26號,121.317064,24.928766,中興社區活動中心,中新里,50,"水災,震災,土石流",張傳,03-390-0655,是,否,否,True,新北（樹林）,38,7077.51641244097,7.07751641244097
4643,桃園市楊梅區,瑞原里,民豐路506之1號,121.112014,24.929769,瑞原社區活動中心,瑞原、水美,100,"震災,土石流",葉國桂,03-4752866,是,否,是,True,湖口,39,8086.324996750889,8.08632499675089
4644,新北市三峽區,介壽里,大同路1號,121.3785,24.9298,介壽國小,礁溪里、介壽里、中正里、溪南里、溪北里、安溪里、溪東里,289,"水災,震災,土石流,海嘯",劉志銘,02-26712392分機41,是,是,否,True,新北（樹林）,38,2189.418196119791,2.189418196119791
4645,桃園市八德區,瑞祥里,介壽路二段1233巷46-1號,121.2988,24.9303,瑞祥里集會所,瑞豐里、瑞德里、瑞祥里,128,"水災,震災",張是華,03-3685562,是,否,否,True,桃園,40,7161.752217905136,7.161752217905136
4646,新北市三峽區,安溪里,中華路42號,121.3729,24.9304,安溪國小,礁溪里、安溪里、介壽里,435,"水災,震災,土石流,海嘯",徐銘穗,02-26731488分機221,是,是,是,True,新北（樹林）,38,2325.7398578648986,2.3257398578648987
4647,桃園市八德區,大發里,興豐路2207號,121.2945,24.9308,青少年活動中心,大發里,175,水災,蘇玉惠,03-2180252,是,否,否,True,桃園,40,7157.94116642149,7.15794116642149
4650,桃園市八德區,大明里,桃鶯路134號,121.2838,24.9316,大明活動中心,大明里、大仁里、大強里,67,水災,杜鴻國,02-770083333,是,否,否,True,中壢,50,6718.3921904485505,6.718392190448551
4651,桃園市八德區,霄裡里,廟前2鄰1-1號,121.2838,24.9316,竹霄活動中心,竹園里、霄裡里,125,"水災,震災",鄭旭東,935212098,是,否,否,True,中壢,50,6718.3921904485505,6.718392190448551
4655,桃園市楊梅區,富岡里,新明街347巷2弄1號二樓,121.075161,24.93201,富岡社區活動中心,富岡、富豐,100,"水災,震災,土石流,海嘯",劉家聲,03-4725090,是,否,是,True,湖口,39,5092.376553086019,5.092376553086019
4659,桃園市楊梅區,高上里,幼獅路三段168號二樓,121.156662,24.932923,高山社區活動中心,高山、青山、高上,100,"水災,震災,土石流",李家興,03-4753628,是,否,是,True,平鎮,45,5261.191834856597,5.2611918348565965
4660,新北市三峽區,溪東里,溪東路213號,121.4057,24.9332,成福國小,溪東里、溪南里、溪北里、成福里、安坑里,261,"水災,震災,土石流,海嘯",李國梅,02-86764945分機12,是,是,是,True,新北（樹林）,38,2843.8311546326822,2.8438311546326824
4664,新北市三峽區,永?里,中山路16號,121.3697,24.9345,三峽國小,永?里、秀川里、鳶山里、三峽里、八張里、中埔里、弘道里,581,"水災,震災,土石流,海嘯",歐原誌,02-26711018分機832,是,是,否,True,新北（樹林）,38,2130.5926051440856,2.1305926051440855
4665,新北市三峽區,永?里,中山路65號,121.367,24.93479,長青市民活動中心,三峽里、秀川里、八張里、弘道里、中埔里、永館里、鳶山里,166,"水災,震災,土石流,海嘯",吳香其,26711017分機207,是,否,否,True,新北（樹林）,38,2296.295078531114,2.2962950785311143
4672,桃園市平鎮區,北興里,金陵路二段330號,121.2238,24.9358,北勢國小,金陵里、北興里、新貴里,70,"水災,震災",吳政鴻,03-4586472#510,是,否,否,True,中壢,50,1947.8394292845699,1.9478394292845698
4673,宜蘭縣頭城鎮,,頭城鎮合興里路94-1號,121.8859,24.9359,合興里-合興社區活動中心,合興里,44,"水災,震災,海嘯",張正益,03-9781287,是,否,否,True,基隆,44,24892.278173791503,24.892278173791503
4676,新北市坪林區,坪林里,坪林114號,121.71088,24.936238,新北市坪林區坪林國民小學,坪林里、水德里、石里、大林里、粗窟里、漁光里,314,"水災,震災,土石流,海嘯",吳志?,02-26656213,是,是,是,True,汐止,40,16043.461450473102,16.043461450473103
4677,桃園市楊梅區,豐野里,信義街83巷25弄23號,121.084322,24.936444,豐野社區活動中心,豐野,100,"水災,震災,土石流",黃華府,03-4728390,是,否,是,True,湖口,39,6106.153500725899,6.106153500725899
4678,桃園市楊梅區,上田里,和平路87號2樓,121.125912,24.937104,上田社區活動中心,上田,50,"水災,震災,土石流,海嘯",何秀蓉,03-4783683,是,否,是,True,平鎮,45,8073.388673035026,8.073388673035026
4679,桃園市平鎮區,北興里,金陵路2段433號,121.2248,24.9375,北興社區活動中心,北興里,51,"水災,震災",莊訓城,03-4679616,是,否,否,True,中壢,50,1776.006518386832,1.776006518386832
4680,桃園市中壢區,中堅里,台貿一街100號,121.255788,24.937684,中壢區台貿社區活動中心,中堅里,125,"水災,震災,土石流",余潔雯,03-4271801#1210,是,否,否,True,中壢,50,3854.380561926342,3.8543805619263423
4681,桃園市楊梅區,高榮里,幼獅路二段390之2號,121.16583,24.937725,高榮社區活動中心,高榮、新榮、雙榮,50,"水災,震災,土石流",宋傅玉嬌,03-4903596,是,否,是,True,平鎮,45,4198.794638853999,4.1987946388539985
4683,新北市新店區,直潭里,新北市新店區直潭路92號,121.5313,24.9378,直潭國小,塗潭里、直潭里、青潭里、太平里,1600,,吳英同,02-29112281#1209,是,是,否,True,新店,39,4415.308954781752,4.415308954781752
4684,新北市坪林區,坪林里,國中路4號,121.712825,24.938007,新北市立坪林國民中學,粗窟里、大林里、坪林里、水德里,1144,"水災,震災,土石流,海嘯",許書哲,02-26656210#13,是,是,是,True,汐止,40,15956.286611391615,15.956286611391615
4685,桃園市楊梅區,員本里,2鄰員本路532之1號,121.106168,24.938356,員本社區活動中心,員本,100,"水災,震災,土石流",黃美華,03-4724781,是,否,是,True,湖口,39,8010.285675782324,8.010285675782324
4687,新北市三峽區,鳶山里,復興路238號,121.3693,24.9391,三峽國中,永?里、龍恩里、鳶山里、龍學里、龍埔里、秀川里,1149,"水災,震災,土石流,海嘯",吳瑞祥,02-26738030,是,是,否,True,新北（樹林）,38,1809.3255712759012,1.809325571275901
4688,新北市鶯歌區,二橋里,中正三路154號,121.335,24.9393,鶯歌高職,二橋里,1513,"水災,震災,土石流,海嘯",楊祚榮,02-26780202,是,是,否,True,新北（樹林）,38,5017.735341573698,5.017735341573698
4690,桃園市中壢區,龍興里,龍岡路三段37巷92弄102號,121.23325,24.939461,中壢區龍興社區活動中心,龍德里、龍興里,60,"水災,震災,土石流",余潔雯,03-4271801#1210,是,否,否,True,中壢,50,1926.2171647193586,1.9262171647193587
4692,桃園市平鎮區,,南路三段100號,121.2189,24.9399,平鎮高中,新富里、新英里,182,"水災,震災",蘇文祥,03-4288805,是,否,否,True,中壢,50,1507.8857446848863,1.5078857446848863
4693,桃園市平鎮區,廣仁里,新光路65巷50號,121.2059,24.94,廣仁里里民集會所,廣仁里、新貴里,104,水災,黃秀滿,03-4951157,是,否,否,True,平鎮,45,1429.3267033025516,1.4293267033025516
4697,宜蘭縣頭城鎮,,頭城鎮大溪里濱海路五段249號,121.8932,24.9406,大溪里-大溪社區活動中心,大溪,62,"水災,震災,土石流",陳色雄,03-9781218,是,否,否,True,基隆,44,24836.576709871024,24.836576709871025
4698,新北市三峽區,龍埔里,大學路6號,121.377883,24.940679,龍埔國小,龍埔里、龍學里、龍恩里、溪北里、溪南里,855,"水災,震災,土石流,海嘯",王進添,26745666分機830,是,否,是,True,新北（樹林）,38,1086.3203917301632,1.0863203917301631
4699,新北市鶯歌區,二橋里,鶯歌區中正三路106號,121.3376,24.9409,二橋國小,二甲里,1284,"水災,震災,土石流,海嘯",楊祚榮,02-26780202,是,是,否,True,新北（樹林）,38,4724.651151009461,4.724651151009461
4701,桃園市平鎮區,廣仁里,延平路二段389號,121.2062,24.9419,宋屋國小,廣仁里、宋屋里,42,"水災,震災",蕭志民,03-4933654#510,是,否,否,True,平鎮,45,1226.3042633818102,1.2263042633818102
4703,桃園市八德區,瑞泰里,介壽路二段583巷12號,121.2983,24.9422,瑞泰里集會所,瑞泰里、瑞發里,70,"水災,震災",褚明賢,03-3669343,是,否,否,True,桃園,40,5855.4921031272115,5.855492103127212
4706,宜蘭縣頭城鎮,,頭城鎮龜山里路221號,121.9002,24.9426,龜山里-龜山社區活動中心,龜山,28,"水災,震災,土石流",蔣金明,03-9781306,是,否,是,True,基隆,44,25042.585170217844,25.042585170217844
4707,桃園市八德區,大信里,大興路992號,121.3008,24.9431,大信里集會所,大信里,75,"水災,震災",王沛靜,03-3680809,是,否,否,True,桃園,40,5732.283348196236,5.732283348196236
4708,桃園市八德區,大竹里,竹高厝11-2號,121.3152,24.9431,大竹里集會所,大竹里,95,"水災,震災",江正俊,03-3653900,是,否,否,True,桃園,40,5808.470845442628,5.808470845442629
4709,桃園市中壢區,振興里,龍岡路2段232號,121.229589,24.943244,中壢區新振社區活動中心,振興里,20,"水災,震災,土石流",余潔雯,03-4271801#1210,是,否,否,True,中壢,50,1369.361578644953,1.369361578644953
4710,新北市鶯歌區,尖山里,鶯歌區國中街1號,121.3422,24.9437,新北市立尖山國民中學,尖山里、南靖里,622,"水災,震災,土石流,海嘯",楊祚榮,02-26780202,是,是,否,True,新北（樹林）,38,4215.018395073698,4.215018395073698
4711,桃園市平鎮區,北華里,振平街153號,121.2196,24.9438,北勢社區活動中心,北華里.金陵里,99,"水災,震災,土石流",鄧?墩,03-4588731,是,否,否,True,中壢,50,1070.3494116945858,1.0703494116945858
4713,桃園市中壢區,後寮里,龍興路107巷21號,121.245972,24.944478,中壢區後寮里集會所,後寮里、普仁里、普慶里、龍慈里,50,"水災,震災,土石流",余潔雯,03-4271801#1210,是,否,否,True,中壢,50,2640.8364876585906,2.6408364876585906
4716,桃園市中壢區,新興里,林森路90號,121.225934,24.945355,桃園市南區老人文康活動中心,林森里、新興里,100,"水災,震災,土石流",余潔雯,03-4271801#1210,是,否,否,True,中壢,50,977.643770208733,0.977643770208733
4717,桃園市平鎮區,平興里,平興里廣泰路85號,121.2042,24.9454,平興暨宋屋里里民集會所,平興里、宋屋里,92,"水災,震災,土石流",余民宗,03-4938219,是,否,否,True,平鎮,45,818.3707887832018,0.8183707887832018
4720,桃園市八德區,廣興里,廣興路53號,121.2837,24.9456,福興活動中心,福興里、興仁里,62,水災,黃清池,3656517,是,否,否,True,桃園,40,5849.511125490427,5.849511125490427
4722,桃園市平鎮區,新富里,振興路2號,121.216,24.9457,平鎮國中,新富里、新英里,496,"水災,震災",郭真寧,03-4572150#511,是,否,否,True,中壢,50,1015.8732723828977,1.0158732723828976
4726,桃園市八德區,廣德里,雙連坡1-1號,121.2836,24.9468,廣興活動中心,廣興里、廣德里,120,"水災,震災",邱定璿,03-3628861,是,否,否,True,桃園,40,5729.915183899925,5.729915183899925
4729,桃園市八德區,大順里,介壽路2段361巷96號,121.2993,24.9474,大興活動中心,大興里、大昌里、大順里,140,水災,黃進欽,03-3666670,是,否,否,True,桃園,40,5271.823820938956,5.271823820938955
4731,桃園市中壢區,仁祥里,華祥一街21號,121.261425,24.948055,中壢區仁祥、華勛里集會所,仁和里、仁祥里、華勛里,50,"水災,震災,土石流",余潔雯,03-4271801#1210,是,否,否,True,中壢,50,4056.268584619118,4.056268584619118
4734,新北市三峽區,龍學里,大義路277號,121.376106,24.948608,北大高中,龍學里、龍恩里、龍埔里,1122,"水災,震災,土石流,海嘯",朱肇維,26742666分機600,是,是,是,True,新北（樹林）,38,750.9189735624328,0.7509189735624329
4736,新北市樹林區,南園里,學勤路555號,121.382973,24.94923,桃子腳國民中小學,東園、西園、南園、北園、柑園,3155,"震災,土石流,海嘯",事務組長高志偉,89703225#142,是,是,否,True,新北（樹林）,38,60.33517146227729,0.060335171462277286
4737,桃園市平鎮區,義民里,環南路300號,121.2063,24.9497,平興國中,義民里、平興里,21,"水災,震災",莊協倫,03-4918239#521,是,否,否,True,平鎮,45,414.04756436713666,0.41404756436713663
4738,桃園市平鎮區,義興里,義興里25鄰義興街80號,121.2092,24.9497,義興里里民集會所,義興里,99,"水災,震災,土石流",張嘉玲,03-4913346,是,否,否,True,平鎮,45,627.7330416555629,0.627733041655563
4739,新北市鶯歌區,南靖里,鶯歌區文化路395號,121.352776,24.950284,南靖里活動中心,全區,56,"水災,土石流,海嘯",宋榮美,02-26780202,是,否,是,True,新北（樹林）,38,3108.516878681888,3.108516878681888
4740,桃園市中壢區,東興里,中北路二段76巷10號,121.225243,24.950351,中壢區東興社區活動中心,東興里,100,"震災,土石流",余潔雯,03-4271801#1210,是,否,否,True,中壢,50,485.2853041107749,0.4852853041107749
4742,新北市鶯歌區,同慶里,鶯歌區尖山埔路108號,121.3448,24.9504,鶯歌國中,同慶里、東鶯里、永昌里,1093,"水災,震災,土石流,海嘯",楊祚榮,02-26780202,是,是,否,True,新北（樹林）,38,3913.7892139610244,3.9137892139610244
4743,桃園市平鎮區,新勢里,延平路一段181號,121.2168,24.9505,新勢國小,新勢里、新榮里、北勢里、北安里,140,"水災,震災",王可富,03-4937563#512,是,否,否,True,中壢,50,579.8437513612389,0.5798437513612389
4747,新北市鶯歌區,同慶里,鶯歌區尖山埔路106號,121.3458,24.9512,鶯歌國小,東湖里、建德里、中鶯里、北鶯里,1501,"水災,震災,土石流,海嘯",楊祚榮,02-26780202,是,是,否,True,新北（樹林）,38,3817.4317135633532,3.8174317135633533
4748,新北市新店區,雙坑里,新北市新店區北宜路三段66號,121.5755,24.9515,雙峰國小,雙坑里、員譚里、美潭里,255,"水災,土石流",吳英同,02-29112281#1209,是,是,否,True,新店,39,4756.595227339897,4.756595227339897
4750,新北市新店區,公崙里,新北市新店區安忠路99號,121.5093,24.952,景文科技大學,公崙里,1855,"水災,震災,土石流",吳英同,02-29112281#1209,是,是,否,True,新店,39,4009.1528861133615,4.009152886113362
4751,新北市新店區,雙城里,台北縣新店市安康路三段322號,121.4865,24.9521,雙城國小,雙城里、香坡里、日興里、玫瑰里、吉祥里、德安里、小城里、華城里、達觀里、明城里、安昌里,399,"水災,震災",吳英同,02-29112281#1209,是,是,否,True,土城,40,4857.114734491569,4.857114734491569
4753,新北市土城區,祖田里,中央路4段285號2樓,121.411937,24.952776,祖田市民活動中心,祖田里 頂新里 頂福里,50,"水災,土石流",呂惠美,02-22675698,是,否,否,True,新北（樹林）,38,2898.7071146697085,2.8987071146697083
4755,桃園市平鎮區,,中原路88號,121.2184,24.9528,新榮國小,新勢里、新榮里,196,"水災,震災",曾美玲,03-2806200#520,是,否,否,True,中壢,50,334.1196030726971,0.3341196030726971
4756,新北市新店區,國校里,新北市新店區新店路2號,121.5402,24.9529,新店國小,新店里、國校里,1795,"水災,震災,土石流",吳英同,02-29112281#1209,是,是,否,True,新店,39,2705.11170092562,2.70511170092562
4757,桃園市平鎮區,復興里,文化街189號,121.2033,24.9531,文化國小,復興里,35,"水災,震災,土石流",劉瓊慧,03-4921750#510,是,否,否,True,平鎮,45,77.51218008046665,0.07751218008046665
4759,新北市新店區,美潭里,新北市新店區北宜路二段80號,121.5523,24.9531,青潭國小,青潭里、美潭里、員潭里、雙城里、粗坑里、直潭里、中興里、文中里、長春里,203,"水災,震災",吳英同,02-29112281#1209,是,是,否,True,新店,39,3047.7947348638018,3.047794734863802
4761,新北市石碇區,格頭里,坑內1號,121.637,24.9533,雲海國小,永安里、格頭里,299,"水災,震災,土石流,海嘯",鄭淳文/李沛瑩,02-26651715#14/#16,是,是,是,True,新店,39,10363.198046571944,10.363198046571945
4763,桃園市中壢區,仁美里,榮民南路350巷內,121.256945,24.953425,中壢區仁美社區活動中心,仁美里、仁福里,55,"水災,土石流",余潔雯,03-4271801#1210,是,否,否,True,中壢,50,3562.367392948335,3.562367392948335
4764,新北市新店區,德安里,僑信路1號,121.49998,24.95362,達觀國民中小學,吉祥里、達觀里,407,"水災,土石流",吳英同,02-29112281#1209,是,是,否,True,新店,39,4626.047601470233,4.6260476014702325
4765,新北市新店區,雙城里,新北市新店區安康路3段2號5樓,121.4937,24.9538,雙城活動中心,吉祥里,132,"水災,土石流",吳英同,02-29112281#1209,是,否,否,True,新店,39,5151.566504288081,5.151566504288081
4767,桃園市中壢區,舊明里,義民路70號,121.216238,24.953916,中壢區舊明里集會所,中榮里、中壢里、舊明里,50,"震災,土石流",余潔雯,03-4271801#1210,是,否,否,True,中壢,50,552.7479368242765,0.5527479368242765
4768,桃園市平鎮區,復興里,復興街55號,121.2051,24.9544,復旦暨復興里里民集會所,復興里、復旦里,84,"水災,震災",王燕惠,03-4023489,是,否,否,True,平鎮,45,211.21666999618947,0.21121666999618946
4770,桃園市平鎮區,廣達里,廣平街1號,121.2078,24.9547,復旦國小,廣新里、廣達里,140,"水災,震災",鄧及人,03-4917491#511,是,否,否,True,平鎮,45,439.62388963479395,0.43962388963479393
4771,新北市樹林區,柑園里,柑園街二段125號,121.384115,24.95474,柑園國中,東園、西園、南園、北園、柑園,1238,"水災,震災,土石流",事務組長林俐吟,26801958轉205,是,是,否,True,新北（樹林）,38,635.476156141809,0.6354761561418091
4773,新北市鶯歌區,建國里,鶯歌區育英街2號,121.3461,24.955,建國國小,建國里、西鶯里、南鶯里,376,"水災,震災,土石流,海嘯",楊祚榮,02-26780202,是,是,是,True,新北（樹林）,38,3836.941828380127,3.836941828380127
4774,桃園市八德區,大安里,長安街65號,121.216,24.9551,大安里集會所,大安里,190,"水災,震災",林坤煌,03-3664716,是,否,否,True,中壢,50,606.7847538783036,0.6067847538783036
4775,高雄市左營區,明建里,實踐路101號,121.241045,24.955186,高雄市立立德國民中學,合群、明建、頂北里,100,"水災,震災,土石流,海嘯",林主任維哲,5817106#330,是,否,是,True,中壢,50,1968.1315454710166,1.9681315454710167
4776,桃園市平鎮區,高雙里,高雙里13鄰高雙路80號,121.1895,24.9552,高連社區活動中心,雙連里、高雙里,356,"水災,震災,土石流",劉兆青,03-4938765,是,否,否,True,平鎮,45,1487.0041465579172,1.4870041465579171
4778,新北市鶯歌區,永昌里,鶯歌區永明街22號,121.3392,24.9556,昌福國小,永昌里,1391,"水災,震災,土石流,海嘯",楊祚榮,02-26780202,是,是,否,True,新北（樹林）,38,4535.0515319436445,4.535051531943645
4779,桃園市平鎮區,廣達里,廣達里廣成街10號,121.2084,24.9558,平鎮區婦幼活動中心,廣興里、廣達里,202,"水災,震災,土石流",蕭志珊,03-4572105#2205,是,否,否,True,平鎮,45,556.8745833900317,0.5568745833900317
4780,新北市鶯歌區,北鶯里,仁愛路55號,121.354434,24.955861,北鶯里活動中心,全區,37,"水災,震災,土石流,海嘯",楊祚榮,02-26780202,是,否,是,True,新北（樹林）,38,3033.8324356077114,3.0338324356077115
4782,新北市土城區,頂福里,中央路4段205號,121.414403,24.95623,頂埔國小,頂福里 頂埔里 頂新里 祖田里,873,"水災,震災,土石流,海嘯",劉志峰,02-22686800-830,是,是,是,True,新北（樹林）,38,3218.240916082655,3.2182409160826553
4783,新北市樹林區,柑園里,柑園街一段353號,121.389362,24.956328,柑園國小,東園、西園、南園、北園、柑園,467,"震災,土石流,海嘯",事務組長周憲昆,26802507#232,是,是,否,True,新北（樹林）,38,1000.4578325125372,1.000457832512537
4787,桃園市八德區,大成里,建國路1199號5樓,121.2962,24.9567,大忠里集會所,大和里、大忠里,105,"水災,震災",劉銘勳,03-3625058,是,否,否,True,桃園,40,4303.00161023904,4.30300161023904
4788,桃園市八德區,大成里,建國路1199號4樓,121.2962,24.9567,大慶 大華里集會所,大慶里、大華里,105,"水災,震災",龔苾珍,928849305,是,否,否,True,桃園,40,4303.00161023904,4.30300161023904
4789,桃園市八德區,大成里,建國路1199號,121.2962,24.9567,大成活動中心,大成里、大和里、大愛里,105,"水災,震災",吳金銃,03-3680662,是,否,否,True,桃園,40,4303.00161023904,4.30300161023904
4790,新北市新店區,文中里,新北市新店區文中路38號,121.5392,24.9567,文山國中,文中里、廣明里、文明里、國校里、新店里、張南里,703,"水災,震災,土石流",吳英同,02-29112281#1209,是,是,否,True,新店,39,2277.656767363899,2.277656767363899
4792,新北市鶯歌區,西鶯里,中正一路203號,121.3536,24.9572,西鶯里活動中心,西鶯里、東湖里,207,"水災,震災,土石流,海嘯",楊祚榮,02-26780202,是,否,是,True,新北（樹林）,38,3154.7553438438467,3.154755343843847
4795,桃園市八德區,大安里,和平路548號,121.3042,24.9576,大安活動中心,大安里、大湳里,147,"水災,震災",江淑珍,03-3653813,是,否,否,True,桃園,40,4111.287102067432,4.111287102067432
4796,新北市新店區,文中里,新北市新店區北宜路一段39巷32號,121.5399,24.9577,文中廣明活動中心,文明里、光明里、張南里、文中里、國校里、新店里、美潭里、青潭里、員潭里、雙坑里、太平里、廣明里,45,"水災,土石流",吳英同,02-29112281#1209,是,否,否,True,新店,39,2172.950657182767,2.172950657182767
4799,新北市鶯歌區,永吉里,鶯歌區德昌二街2號,121.3329,24.9588,永吉國小,永吉里,440,"水災,震災,土石流,海嘯",楊祚榮,02-26780202,是,是,是,True,桃園,40,4873.641176732246,4.873641176732246
4800,新北市土城區,頂埔里,中央路4段55-12號,121.417311,24.958966,頂埔市民活動中心,頂埔里 沛陂里 頂福里 頂新里 祖田里,60,"水災,震災,土石流,海嘯",林忠謀,02-22678936,是,否,是,True,新北（樹林）,38,3584.6193942227615,3.5846193942227615
4803,桃園市中壢區,五權里,正大街55號,121.204444,24.959254,中壢區婦幼館,五福里、五權里,100,"震災,土石流",余潔雯,03-4271801#1210,是,否,否,True,平鎮,45,717.898086060025,0.717898086060025
4805,新北市坪林區,漁光里,大舌湖35號,121.746242,24.959584,新北市坪林區坪林國小漁光校區,漁光里,62,"水災,震災,土石流,海嘯",吳志?,02-26656213#13,是,是,是,True,汐止,40,15900.401106613404,15.900401106613405
4807,桃園市中壢區,中央里,元化路159號,121.228005,24.959848,中壢區社福館,中央里、中建里、永興里、石頭里,100,"水災,震災,土石流",余潔雯,03-4271801#1210,是,否,否,True,中壢,50,969.091310603324,0.969091310603324
4808,桃園市中壢區,過嶺里,雙福路9號,121.176781,24.959978,中壢區過嶺社區活動中心,過嶺里,55,"水災,震災,土石流",余潔雯,03-4271801#1210,是,否,否,True,平鎮,45,2860.222495231505,2.860222495231505
4810,桃園市中壢區,中央里,元化路182-2號,121.227251,24.960342,中壢區聯合長壽俱樂部〈松鶴會館〉,中央里、興南里,100,"水災,震災,土石流",余潔雯,03-4271801#1210,是,否,否,True,中壢,50,964.4221408616344,0.9644221408616344
4811,桃園市中壢區,忠義里,中華路二段369-1號,121.237458,24.960534,中壢區德義、仁義、忠義、普義里集會所,仁義里、忠義里、普義里、德義里,50,"水災,震災,土石流",余潔雯,03-4271801#1210,是,否,否,True,中壢,50,1785.602336729499,1.785602336729499
4813,新北市新店區,頂城里,新北市新店區安康路一段9-1號,121.532147,24.960733,頂城市民活動中心,頂城里、太平里、美城里,119,"震災,土石流,海嘯",吳英同,29112281#1209,是,否,否,True,新店,39,1912.858686136439,1.912858686136439
4814,桃園市八德區,大智里,大智里福國北街220號,121.295,24.9608,八德市綜合大樓三樓,大福里、大正里、大宏里、大智里、大慶里、陸光里,182,"水災,震災",吳淳洋,03-3752690,是,否,否,True,桃園,40,3889.5000651458563,3.8895000651458562
4815,新北市土城區,永寧里,永寧路32巷10弄10號,121.42864,24.961098,永寧市民活動中心,永寧里 大安里,30,"水災,土石流,海嘯",周清芳,02-22696053,是,否,是,True,土城,40,3336.3304960142355,3.3363304960142353
4817,新北市新店區,公崙里,新北市新店區安忠路36號,121.5142,24.9613,安坑國小,安昌里、德安里、明城里、小城里、公崙里、雙城里、日興里、玫瑰里,901,"水災,震災,土石流",吳英同,02-291122811#1209,是,是,否,True,新店,39,2962.724184903694,2.9627241849036943
4818,桃園市中壢區,中山里,榮民路396號,121.261501,24.96168,中壢區中正、中山里集會所,中山里、中正里、中興里、自信里、篤行里,50,"水災,震災,土石流",余潔雯,03-4271801#1210,是,否,否,True,中壢,50,4128.510823845888,4.128510823845888
4821,桃園市中壢區,光明里,新明路223號,121.216903,24.962185,中壢區光明、新明、永光里集會所,永光里、光明里、新明里,50,"水災,震災,土石流",余潔雯,03-4271801#1210,是,否,否,True,中壢,50,1097.5869250053393,1.0975869250053392
4823,新北市土城區,永寧里,永寧路18號,121.430192,24.962522,土城國中,大安里 永寧里 沛陂里,1384,"水災,震災,土石流,海嘯",劉明志,02-22675135-401,是,否,是,True,土城,40,3113.988782024642,3.1139887820246424
4828,桃園市八德區,大智里,福國北街221號,121.2968,24.9634,大智里集會所,大智里、大同里,23,"水災,震災",邱繼村,03-3612969,是,否,否,True,桃園,40,3565.6237923970634,3.5656237923970635
4831,新北市土城區,沛陂里,三民路23巷8弄9號,121.419474,24.963872,沛陂市民活動中心,沛陂里 永寧里 頂埔里,50,"水災,震災,土石流",林阿城,02-22681535,是,否,是,True,土城,40,3868.140815077523,3.8681408150775227
4832,宜蘭縣頭城鎮,,頭城鎮大里里濱海路六段251號,121.92,24.9639,大里里-大里社區活動中心,大里、石城,184,"水災,震災",蕭藍愛杏,03-9781156,是,否,否,True,基隆,44,24405.92578810219,24.40592578810219
4835,桃園市八德區,茄苳里,永豐路170號,121.2786,24.9649,茄白活動中心,茄苳里、白鷺里,136,"水災,震災",劉勝峰,03-3626758,是,否,否,True,桃園,40,4243.725614466685,4.243725614466685
4842,新北市新店區,柴埕里,新北市新店區安興路1號,121.5149,24.9663,及人高中,柴埕里、安和里,2774,"水災,震災,土石流",吳英同,02-291122811209,是,是,否,True,新店,39,2607.5395280700654,2.6075395280700655
4843,新北市新店區,五?里,新北市新店區中興路一段253號,121.544,24.9664,五峰國中,五峰里、長春里、新德里、張北里,1103,"水災,震災,土石流",吳英同,02-29112281#1209,是,是,否,True,新店,39,1353.3458922210166,1.3533458922210166
4846,新北市鶯歌區,鳳鳴里,鶯歌區永和街33號,121.3318,24.9671,鳳鳴國中,鳳福里、鳳祥里,527,"水災,震災,土石流,海嘯",楊祚榮,02-26780202,是,是,否,True,桃園,40,4082.947001611788,4.082947001611788
4848,桃園市中壢區,莊敬里,強國路46號,121.259528,24.967453,中壢區自強、自治里集會所,自治里、自信里、自強里、興仁里,50,"水災,震災,土石流",余潔雯,03-4271801#1210,是,否,否,True,中壢,50,4132.78947440611,4.13278947440611
4855,新北市新店區,柴埕里,新北市新店區安興路25號,121.5149,24.9688,安康高中,柴埕里、安和里、新和里、永平里、柴埕里、下城里,1119,"水災,震災,土石流",吳英同,02-29112281#1209,是,是,否,True,新店,39,2491.150111354095,2.491150111354095
4857,新北市鶯歌區,鳳鳴里,鶯歌區永和街120號,121.3351,24.9691,鳳鳴國小,鳳鳴里、大湖里,342,"水災,震災,土石流,海嘯",楊祚榮,02-26780202,是,是,是,True,桃園,40,4156.666590180053,4.156666590180054
4858,桃園市八德區,大仁里,桃鶯路南僑巷76號,121.3264,24.9696,大仁里集會所,大仁里,110,"水災,震災",張國平,03-3629076,是,否,否,True,桃園,40,3521.5156257589297,3.5215156257589295
4860,桃園市中壢區,水尾里,新生路598巷22號,121.224783,24.970735,中壢區水尾社區活動中心,水尾里、忠福里、興和里,40,"水災,震災,土石流",余潔雯,03-4271801#1210,是,否,否,True,中壢,50,1959.0017794494868,1.9590017794494867
4861,新北市樹林區,中山里,佳園路一段34號,121.392558,24.971116,育德國小,樂山、山佳、中山,484,"震災,土石流,海嘯",事務組長王心巧,26805557#131,是,是,否,True,新北（樹林）,38,2610.957098287006,2.610957098287006
4863,桃園市八德區,高明里,永豐路572巷21號2樓,121.2759,24.9716,高明里集會所,高城里、高明里、永豐里、茄明里,105,"水災,震災",呂峻安,03-3702472,是,否,否,True,桃園,40,3896.964355419343,3.896964355419343
4864,新北市新店區,中正里,新北市新店區三民路３６號,121.5366,24.9717,中正國小,國豐里、明德里、新生里、新德里、張北里、五?里,1001,"水災,震災,土石流",吳英同,02-29112281#1209,是,是,否,True,新店,39,623.103246035478,0.6231032460354781
4866,新北市土城區,埤塘里,興城路17號,121.441935,24.972383,土城國小,員仁里 土城里 長風里 員信里 埤塘里 大安里,958,"水災,震災,土石流,海嘯",趙麗玲,02-22700177-851,是,是,是,True,土城,40,1505.6528580664185,1.5056528580664186
4868,新北市雙溪區,泰平里,溪尾寮46號,121.827,24.9727,泰平里活動中心,泰平里,100,"水災,震災,土石流",宋翔怡,02-24931111#124,是,否,否,True,基隆,44,18601.915389676473,18.601915389676474
4869,新北市樹林區,中山里,中山路三段40號2樓,121.39436,24.972721,山佳市民活動中心,東山、樂山、山佳、中山,80,"水災,震災,土石流,海嘯",游文瑩,02-26812106#1615,是,否,否,True,新北（樹林）,38,2843.1489597269324,2.8431489597269324
4870,桃園市中壢區,永福里,南園二路90號,121.233494,24.972729,中壢區永福、忠福、幸福里集會所,永福里、幸福里、忠福里,50,"水災,震災,土石流",余潔雯,03-4271801#1210,是,否,否,True,中壢,50,2463.2591419991472,2.4632591419991474
4871,新北市鶯歌區,中湖里,中湖街25號,121.3481,24.973,中湖里活動中心,中湖里、大湖里、鳳鳴里、鳳祥里、鳳福里,119,"水災,震災,土石流,海嘯",楊祚榮,02-26780202,是,否,否,True,新北（樹林）,38,4455.011783008662,4.455011783008662
4872,新北市鶯歌區,中湖里,中湖街25號,121.3481,24.973,中湖國小,中湖里,465,"水災,震災,土石流,海嘯",楊祚榮,02-26780202,是,是,否,True,新北（樹林）,38,4455.011783008662,4.455011783008662
4875,新北市新店區,新安里,新北市新店區寶橋路8號,121.5439,24.9737,北新國小　,大豐里、大同里,1737,"水災,震災,土石流",吳英同,02-29112281#1209,是,是,否,True,新店,39,730.9160919060639,0.7309160919060639
4877,新北市土城區,清和里,青雲路368號4樓,121.458661,24.973802,清化市民活動中心,清化里 清和里,30,"水災,土石流",袁慧如,02-22615380,是,否,否,True,土城,40,1185.5399918579399,1.18553999185794
4878,新北市土城區,清和里,青雲路368號1樓,121.458661,24.973802,清和市民活動中心,清和里 清化里,30,"水災,震災,土石流",張源寶,02-22745669,是,否,是,True,土城,40,1185.5399918579399,1.18553999185794
4880,新北市樹林區,樂山里,中和街38號3樓,121.389871,24.973944,樂山市民活動中心,樂山、中山,61,"水災,震災,土石流",江翊榕,26812106#1617,是,否,否,True,新北（樹林）,38,2833.1518343070866,2.8331518343070865
4882,桃園市新屋區,笨港里,2鄰29-5號,121.026312,24.974502,松柏會老人文康活動中心,笨港里,0,"水災,震災",蕭秀卿,4778168,是,否,是,True,湖口,39,8338.167544106038,8.338167544106039
4883,桃園市桃園區,中德里,國際路一段575號,121.2892,24.975,中山社區活動中心,中德,45,"水災,震災,土石流",呂理陽,03-3611518,是,否,否,True,桃園,40,2704.137610144881,2.704137610144881
4884,新北市新店區,福民里,新北市新店區中央路93號,121.5318,24.9756,新店高中,百忍里、福民里、中山里、中央里、百福里、和平里、頂城里、中正里,1307,"水災,震災,土石流",吳英同,02-29112281#1209,是,是,否,True,新店,39,629.7287708955123,0.6297287708955123
4886,新北市樹林區,山佳里,中山路三段5號,121.401678,24.975774,山佳國小,東山、山佳,654,"水災,震災,土石流,海嘯",事務組長林清輝,26806673轉831,是,是,否,True,新北（樹林）,38,3483.549922131593,3.4835499221315933
4887,桃園市桃園區,福林里,延平路326號,121.3139,24.976,福豐國中,本市大樹林區各里,105,"水災,震災,土石流",楊錦珠,03-3669547#513,是,是,是,True,桃園,40,2258.620349206948,2.258620349206948
4888,新北市新店區,百和里,新北市新店區民族路112號,121.5355,24.9761,耕莘健康管理專科學校,百和里、江陵里、建國里、福德里、中央里、中華里、仁愛里、百忍里,87,"水災,震災,土石流",吳英同,02-29112281#1209,是,是,否,True,新店,39,261.42311361294384,0.26142311361294385
4890,臺北市文山區,,文山區指南路3段38巷5-2號,121.5836,24.9764,指南國小,指南里,20,"水災,震災",張心怡,02-29393546#21,是,否,否,True,新店,39,4627.2191702652235,4.6272191702652234
4891,桃園市中壢區,忠孝里,元生二街126號,121.209151,24.976697,中壢區中原、忠孝、和平里原住民集會所,忠孝里,50,"水災,震災,土石流",余潔雯,03-4271801#1210,是,否,否,True,平鎮,45,2699.2843869245194,2.6992843869245196
4892,新北市新店區,大豐里,新北市新店區民族路110號,121.5376,24.9769,大豐社福館,大鵬里、忠孝里、復興里、信義里、寶安里、寶興里、寶福里、中山里、和平里、江陵里、大同里、大豐里、明德里、新安里、國豐里、忠誠里、百和里、建國里、仁愛里、張北里、德福里、百忍里、中正里、五峰里、長春里、中央里、福民里、百福里、中華里、新德里、中興里、新生里、下城里、頂城里,1540,"水災,震災,土石流",吳英同,02-29112281#1209,是,否,否,True,新店,39,39.93828252141013,0.03993828252141013
4893,桃園市中壢區,復興里,長樂街55號,121.249838,24.977376,中壢區復興、復華里集會所,復華里、復興里,50,"水災,震災,土石流",余潔雯,03-4271801#1210,是,否,否,True,中壢,50,3900.6321707812135,3.9006321707812135
4894,桃園市桃園區,福林里,介新街20號,121.3077,24.9774,建國國中,本市大樹林區各里,70,"水災,土石流",嚴林揚,03-3630081#540,是,是,否,True,桃園,40,1936.5853947399955,1.9365853947399956
4895,新北市新店區,大豐里,新北市新店區23143民族路108號,121.5382,24.9776,大豐國小,仁愛里、國豐里、明德里、大豐里、大同里、百和里、忠誠里、忠孝里、寶興里、信義里、大鵬里,5794,"水災,震災,土石流",吳英同,02-29112281#1209,是,是,否,True,新店,39,59.73538247640908,0.059735382476409075
4897,桃園市桃園區,大林里,大原路31號,121.3202,24.9778,大林社區活動中心,大林,89,"水災,震災,土石流",楊春風,03-3612328,是,否,否,True,桃園,40,2421.033288235825,2.421033288235825
4899,桃園市中壢區,福德里,光華三街10號,121.258069,24.97792,中壢區內壢、成功、福德里集會所,內壢里、成功里、福德里,50,"水災,震災,土石流",余潔雯,03-4271801#1210,是,否,否,True,中壢,50,4578.064919749779,4.578064919749779
4900,新北市土城區,員林里,員林街15號1樓,121.442984,24.978282,員林市民活動中心,員林里 員福里 埤塘里 土城里 員仁里 長風里 員信里,77,"水災,震災,土石流",蔡黃地,02-22610593,是,否,否,True,土城,40,1012.11538451649,1.01211538451649
4903,桃園市桃園區,福林里,陽明三街33號,121.3072,24.9794,陽明社區活動中心,福林、南門,65,"水災,震災,土石流",李振華,03-3678977,是,否,否,True,桃園,40,1710.2695048819162,1.710269504881916
4904,桃園市中壢區,文化里,文化路383-20號,121.250258,24.979431,中壢區文化里集會所,內定里、文化里,50,"水災,震災,土石流",余潔雯,03-4271801#1210,是,否,否,True,中壢,50,4089.5877446873264,4.089587744687327
4905,新北市中和區,華新里,中和區華新街143巷12號,121.506,24.9799,竹林中學,備用頂南里、華新里、橫路里、內南里、正南里）,430,"水災,震災,土石流,海嘯",劉師政,02-22482688#286,是,是,是,True,新店,39,3222.0209201801385,3.2220209201801384
4906,宜蘭縣頭城鎮,,頭城鎮石城里（路）40-8號,121.9498,24.9799,石城里-石城社區活動中心,石城里,67,"水災,震災,海嘯",沈榮華,03-9781117,是,否,否,True,基隆,44,25297.600451010156,25.297600451010155
4908,新北市石碇區,豐田里,華梵路1號,121.6921,24.98,華梵大學于藝館3樓,彭山里、豐田里,100,"水災,震災,土石流,海嘯",陳靜瑤/楊朝欽,02-26632102#2422/#2462,是,是,是,True,汐止,40,10865.073810776648,10.865073810776648
4910,新北市土城區,青山里,明德路1段74-1號1樓,121.464447,24.98031,青山市民活動中心,青山里 清水里 清溪里 永富里,18,"水災,震災,土石流",姚韋華,02-22734192,是,否,是,True,土城,40,1294.18757342282,1.2941875734228199
4911,新北市土城區,青山里,明德路1段74-1號2樓,121.464447,24.98031,永富市民活動中心,清水里 永富里 青山里,25,"水災,土石流",黃思儀,02-22644813,是,否,否,True,土城,40,1294.18757342282,1.2941875734228199
4914,新北市土城區,廷寮里,永豐路240-1號,121.467199,24.980803,廷寮市民活動中心,廷寮里 永豐里 金城里,80,"水災,震災,土石流,海嘯",洪焜猛,02-22626089,是,否,是,True,土城,40,1560.2319670531554,1.5602319670531553
4916,臺北市文山區,,文山區木新路3段155巷7號,121.561,24.9809,力行國小,樟新里、樟腳里、老泉里,30,"水災,震災",吳阿理,02-29363995#821,是,否,是,True,新店,39,2379.6472495364083,2.3796472495364083
4919,新北市樹林區,大同里,大同街43號,121.417421,24.981493,大同國小,大同、彭厝、和平、彭福、東陽、彭興、中華、太順,450,"水災,震災,土石流,海嘯",事務組長沈炳育,86865486轉842,是,是,否,True,土城,40,3478.851557550146,3.478851557550146
4920,新北市樹林區,樹東里,鎮前街467號,121.410902,24.981593,東陽市民活動中心,樹德、樹西、樹東、樹北、東山、東陽、圳福、中華、太順,78,"震災,土石流,海嘯",何錦綢,02-26812106#1614,是,否,否,True,土城,40,4136.39495453836,4.1363949545383605
4921,新北市樹林區,和平里,忠孝街30號,121.42394,24.981755,彭福國小,和平、彭厝、彭福、彭興、太順,1704,"水災,震災,土石流,海嘯",事務祖長王鴻萍,86866589#803,是,是,否,True,土城,40,2820.1209294138025,2.8201209294138025
4922,新北市土城區,永富里,明德路1段72號,121.465311,24.982013,清水高中,永富里 永豐里 金城里 清水里 清和里 清化里 清溪里 ?廷里平和里 廷寮里 延壽里 安和里 延吉里 延和里 青山里 延祿里,1033,"水災,震災,土石流,海嘯",林呈隆,02-22707801-400,是,是,是,True,土城,40,1359.0712902534908,1.3590712902534907
4923,桃園市桃園區,福林里,介壽路199號,121.3081,24.9821,福林、豐林、福安、大豐里聯合集會所（陽明公園管理中心）,豐林、大豐、福安、玉山、泰山,131,"水災,震災,土石流",卓維順,3348058#1109,是,是,否,True,桃園,40,1431.3092155410252,1.4313092155410252
4924,新北市中和區,華新里,中和區工專路111號,121.5076,24.9822,華夏科技大學,頂南里、華新里、華南里、忠孝里、橫路里、內南里、正南里,1447,"水災,震災,土石流,海嘯",劉師政,02-22482688＃286,是,是,是,True,新店,39,3096.263902655206,3.096263902655206
4925,新北市土城區,青雲里,清水路141巷18號B1,121.458501,24.98237,"青雲,柑林市民活動中心",青雲里 柑林里,50,土石流,廖特青 張育誠,02-22659858 02-22736647,是,否,否,True,土城,40,670.5826306556667,0.6705826306556667
4926,新北市土城區,日和里,擺接堡路1號,121.439585,24.982977,裕德高中,日和里 員林里 員福里,975,"水災,震災,土石流,海嘯",簡嘉良,02-82617889-225,是,是,是,True,土城,40,1240.34075241729,1.24034075241729
4927,新北市土城區,學府里,學府路1段241號,121.45038,24.983308,新北高工,學府里 明德里 學士里 樂利里 日新里 日和里 貨饒里 裕生里中正里,2785,"水災,震災,土石流,海嘯",洪儒,02-22612483-30,是,是,是,True,土城,40,172.68331843387898,0.172683318433879
4928,桃園市桃園區,雲林里,昆明路95號,121.3144,24.9834,建國國小,本市中路區各里,280,"水災,土石流",黃柏嵐,03-3636660#512,是,是,否,True,桃園,40,1571.298467540879,1.571298467540879
4929,臺北市文山區,,文山區辛亥路7段67號,121.5547,24.9834,實踐國中,樟林里,300,"水災,震災",吳佳晉,02-22362852#150,是,否,否,True,新店,39,1840.396048435952,1.840396048435952
4930,新北市土城區,青雲里,金城路2段247號,121.456842,24.983456,中正國中,中正里 柑林里 青雲里,415,"水災,震災,土石流,海嘯",林碧文,02-22628456-815,是,是,是,True,土城,40,513.2623438965903,0.5132623438965903
4931,新北市樹林區,和平里,中華路8號,121.422804,24.983502,樹林高級中學,樹東、大同、和平、彭厝、彭福、樹北、彭興,1404,"震災,土石流,海嘯",總務主任林浩吉,86852011#2112,是,是,否,True,土城,40,2935.4702959131814,2.9354702959131815
4932,臺北市文山區,,文山區忠順街1段4號,121.5575,24.9836,實踐國小,樟文里、樟樹里,75,"水災,震災",蔡宗儒,02-29360725#140,是,否,否,True,新店,39,2112.7438412499696,2.1127438412499697
4933,新北市樹林區,東昇里,中山路二段80號2樓,121.415159,24.984222,東昇市民活動中心,樹南、東陽、東昇、樹福、中華,214,"水災,震災,土石流,海嘯",陳雅晴,02-268121061613,是,否,否,True,土城,40,3710.033550388434,3.710033550388434
4934,新北市土城區,清溪里,金城路2段356號,121.461508,24.984402,清水國小,清溪里 柑林里 永豐里 ?廷里 平和里 廷寮里 延壽里 安和里青雲里 延吉里 延和里 金城里 延祿里,597,"水災,震災,土石流,海嘯",劉員池,02-22618316-401,是,是,是,True,土城,40,995.7983220122745,0.9957983220122745
4936,新北市新店區,永安里,新店市安和路三段100號,121.5182,24.9846,新和國小,永安里、新和里、永平里,648,"水災,震災,土石流",吳英同,02-29112281#1209,是,是,否,True,新店,39,2138.8595207018143,2.138859520701814
4937,臺北市文山區,,臺北市文山區指南路3段2巷14號,121.5783,24.9849,北政國中,試院、華興、明義、明興、木柵、木新、順興、忠順、樟林、樟腳、樟樹、樟新、樟文、萬興、政大、指南、老泉里,20,"水災,震災",陳友城,29393651#51,是,否,否,True,新店,39,4178.540285079772,4.178540285079772
4939,新北市土城區,日新里,裕生路65號,121.447559,24.985602,樂利國小,日新里 裕生里 貨饒里 日和里 埤林里 瑞興里 樂利里 學府里復興里 學成里 學士里 明德里,1168,"水災,震災,土石流,海嘯",李明憲,02-22662568-831,是,是,是,True,土城,40,551.868842670427,0.5518688426704269
4942,新北市土城區,廣福里,學府路一段99巷底2樓,121.457766,24.985909,廣興市民活動中心,廣興里 廣福里,50,"水災,土石流",張淑玲,02-22625088,是,否,否,True,土城,40,704.0112715244471,0.7040112715244471
4943,新北市土城區,廣福里,學府路一段99巷底1樓,121.457766,24.985909,廣福市民活動中心,廣福里 埤林里 瑞興里 復興里 學成里 廣興里,50,"水災,震災,土石流",丁科秀,02-22629394,是,否,是,True,土城,40,704.0112715244471,0.7040112715244471
4944,新北市樹林區,樹南里,復興路395號,121.415677,24.986051,育林國小,樹南、樹人、坡內、東昇、育英、樹興,135,"水災,震災,土石流,海嘯",事務組長 杜炳倫,26832112#303,是,是,否,True,土城,40,3673.7469355004214,3.6737469355004215
4945,新北市樹林區,樹南里,復興路395號,121.415677,24.986051,育林國中,樹南、樹人、坡內、東昇、育林、樹興,574,"水災,震災,土石流,海嘯",事務組長潘怡娟,26841160#122,是,是,否,True,土城,40,3673.7469355004214,3.6737469355004215
4946,新北市中和區,忠孝里,中和區興南路2段3巷17號,121.5085,24.9862,中和國中,頂南里、華新里、東南里、華南里、忠孝里、崇南里、景南里、橫路里、內南里、壽南里、外南里、復興里、和興里、景平里、景新里、景福里、興南里、景本里、福南里、正南里,2649,"水災,震災,土石流,海嘯",劉師政,02-22482688＃286,是,是,是,True,新店,39,3118.6605485152127,3.1186605485152126
4947,桃園市桃園區,中山里,國際路一段1070號,121.2902,24.9864,中山國小,本市中路區各里,212,"水災,震災,土石流",林居城,03-2203012#51,是,是,否,True,桃園,40,1755.3113105387442,1.7553113105387443
4948,桃園市桃園區,中山里,中平路118號,121.2928,24.9867,中山、中平、中原、中泰、中聖五里聯合集會所,中山、中原、中平、中聖、中泰、中路,339,"水災,震災,土石流",卓維順,3348058#1109,是,否,否,True,桃園,40,1518.3468058082503,1.5183468058082503
4949,新北市中和區,忠孝里,中和區興南路1段135巷24號,121.5091,24.9867,興南國小,東南里、華南里、忠孝里、崇南里、景南里、壽南里、景平里、景新里、景福里、景安里、景文里、興南里、景本里、中興里、吉興里,1278,"水災,震災,土石流,海嘯",劉師政,02-22482688#286,是,是,是,True,新店,39,3079.739455863195,3.0797394558631948
4950,新北市土城區,廣福里,學府路1段127號,121.454896,24.986953,廣福國小,瑞興里 復興里 埤林里 學成里 日新里 貨饒里 樂利里 廣福里 學府里 裕生里 中正里 學士里 明德里 廣興里,608,"水災,震災,土石流,海嘯",施杰翰,02-22626782-100,是,是,是,True,土城,40,578.0226330838343,0.5780226330838343
4951,桃園市桃園區,建國里,建成街88號一、二樓,121.3155,24.987,建國、雲林里聯合集會所建國公園管理中心,建國、雲林,191,"水災,震災,土石流",卓維順,3348058#1109,是,是,否,True,桃園,40,1360.8088913229376,1.3608088913229377
4953,新北市板橋區,堂春里,金門街289號,121.4309,24.9873,溪洲國小,溪洲、溪福、堂春、成和、溪北、崑崙,1021,"震災,土石流,海嘯",謝瀚頡組長,2686770551,是,是,否,True,土城,40,2181.127969996403,2.181127969996403
4954,臺北市文山區,明義里,文山區木柵路2段138巷61號,121.5626,24.9874,明道國小,明義里、明興里、忠順里、順興里,42,"水災,震災",莊文玲,02-29392821#14,是,否,否,True,新店,39,2747.897562060337,2.747897562060337
4955,臺北市文山區,,文山區木柵路3段102巷12號,121.5677,24.9875,木柵國中,木柵里、忠順里、順興里,30,"水災,震災",余鎮遠,02-29393031#600,是,否,是,True,新店,39,3228.2733419058018,3.2282733419058016
4956,桃園市龜山區,兔坑里,大同路918號,121.35073,24.987578,兔坑社區活動中心,兔坑里、福源里,120,"水災,震災,海嘯",詹文峰,03-3207928,是,否,是,True,桃園,40,4682.966259842559,4.682966259842559
4957,臺北市文山區,,文山區試院路2號,121.55,24.9876,永建國小,試院里、華興里,30,"水災,震災",陳佳雯,02-22363855#125,是,否,是,True,新店,39,1686.3998654207494,1.6863998654207495
4958,桃園市龜山區,幸福里,幸福一街38號1樓,121.33609,24.988014,幸福社區活動中心,幸福里,82,"水災,震災,土石流,海嘯,坡地災害",林文德,03-3290331,是,否,是,True,桃園,40,3224.423842994673,3.224423842994673
4960,桃園市桃園區,南門里,復興路303號,121.3044,24.9886,南門國小,本市埔子區各里,159,"水災,土石流",吳成豪,03-3370576#510,是,是,否,True,桃園,40,679.5919965798435,0.6795919965798435
4961,桃園市龜山區,山福里,中興路152號,121.331807,24.988719,山福集會所,山福里、中興里,120,"水災,震災,土石流,海嘯",劉德豐,03-3191223,是,否,是,True,桃園,40,2785.784981175079,2.785784981175079
4963,新北市土城區,安和里,延和路23號,121.464774,24.988807,安和國小,安和里 延和里 延壽里 平和里 延祿里 ?廷里 延吉里,2293,"水災,震災,土石流,海嘯",黃富聰,02-22603451-131,是,是,是,True,土城,40,1477.5459082032075,1.4775459082032076
4965,桃園市桃園區,汴洲里,水汴一路112號,121.3111,24.9889,汴洲社區活動中心,汴洲,178,"水災,震災,土石流",邱垂雲,03-3255924,是,否,否,True,桃園,40,890.3720677675955,0.8903720677675955
4967,新北市中和區,景南里,中和區景新街467巷37號,121.515,24.9893,景新國小,安和里、安平里、中安里、泰安里、秀山里、秀成里、秀福里、秀景里、秀明里、秀峰里、秀仁里、秀義里、東南里、崇南里、景南里、景平里、景新里、秀水里、宜安里、安順里、秀士里、興南里、景本里,897,"水災,震災,土石流,海嘯",劉師政,02-22482688＃286,是,是,是,True,新店,39,2660.4413429700453,2.6604413429700453
4968,桃園市桃園區,龍鳳里,國豐二街6號,121.2805,24.9895,龍岡社區活動中心,龍鳳、龍岡、龍安、中信、龍祥、龍壽、龍山,92,"水災,震災,土石流",黃進強,03-3696213,是,否,否,True,桃園,40,2540.1863358068003,2.5401863358068004
4969,臺北市文山區,,文山區景文街108號,121.5408,24.9895,景美國小,景美里、景行里、景東里,74,"水災,震災",莊琬婷,02-29322151#130,是,否,是,True,新店,39,1393.7818581472231,1.3937818581472232
4970,新北市中和區,中興里,中和區復興路301巷6號,121.5019,24.9896,復興國小,外南里、復興里、和興里、景安里、景文里、福南里、中興里、吉興里,946,"水災,土石流,海嘯",劉師政,02-22482688＃286,是,是,否,True,永和,39,3365.3556902666633,3.3653556902666635
4971,臺北市文山區,,臺北市木柵路3段220號10樓,121.5701,24.9896,行政中心大禮堂,木新里、老泉里,60,"水災,震災",周如倩,29365522#324,是,否,否,True,新店,39,3539.481482132988,3.5394814821329876
4972,新北市板橋區,溪北里,篤行路二段132號,121.4305,24.9897,沙崙國小,溪北、崑崙、成和、堂春、溪福、溪洲,1692,震災,王亭雅組長,26812764832,是,是,否,True,土城,40,2298.141759387143,2.2981417593871427
4973,新北市中和區,外南里,南山路236號6樓,121.5065,24.9897,復興大樓圖書館,備用（壽南里、復興里、外南里、和興里、景福里、景文里、景安里、福南里、中興里、吉興里）,25,"水災,震災,土石流,海嘯",劉師政,02-22482688#286,是,否,是,True,永和,39,3181.777907656362,3.181777907656362
4974,桃園市龜山區,大同里,明德路203巷10號,121.343269,24.989757,大同社區活動中心,大同里,133,"水災,震災,土石流,海嘯",施昭玲,03-3200962,是,否,是,True,桃園,40,3901.4064853511286,3.9014064853511288
4975,桃園市中壢區,內厝里,月眉路1段2號,121.179172,24.989775,中壢區內厝活動中心,內厝里,55,"震災,土石流",余潔雯,03-4271801#1210,是,否,否,True,平鎮,45,4802.270051208089,4.802270051208089
4976,桃園市龜山區,山德里,頂興路2巷14號,121.328351,24.989945,山德社區活動中心,山德里、山頂里,68,"水災,震災,土石流,海嘯",林俐玲,03-3207676,是,否,是,True,桃園,40,2415.0832925144077,2.415083292514408
4978,新北市樹林區,樹西里,育英街176號,121.418101,24.99003,樹林國小,保安、潭底、樹德、樹西、樹人、坡內、樹興、樹福、文林、育林,304,"水災,震災,土石流,海嘯",事務組長黃奎瑋,26812014轉832,是,是,否,True,土城,40,3508.029098135679,3.5080290981356788
4979,新北市中和區,錦中里,中和區圓通路292號,121.4893,24.9901,錦和國小,備用,1173,"水災,震災,土石流,海嘯",劉師政,02-22482688#286,是,是,是,True,土城,40,3871.554545665663,3.871554545665663
4980,臺北市文山區,,文山區木柵路3段191號,121.5702,24.9903,木柵國小,木新里、木柵里,155,"水災,震災",林光媚,02-29391234#130,是,否,否,True,新店,39,3579.452976700538,3.579452976700538
4981,新北市石碇區,石碇里,石碇西街15號,121.659,24.9903,石碇國小,石碇里、潭邊里、隆盛里、烏塗里、彭山里、豐林里、永安里、格頭里,109,"水災,震災,土石流,海嘯",李炳坤/李玳辰,02-26631244#13/#29,是,是,是,True,汐止,40,8609.72019087089,8.60972019087089
4982,臺北市文山區,萬興里,文山區秀明路2段114號,121.5766,24.9904,萬興國小,指南里、政大里、萬興里,125,"水災,震災",錢宜黎,02-29381721#131,是,否,是,True,新店,39,4182.346210345627,4.182346210345627
4983,新北市板橋區,華德里,四川路二段245巷60號,121.4528,24.9917,信義國小,華德、信義、華東,1024,震災,郭逸涵組長,89667817122,是,是,否,True,土城,40,1020.3447053252497,1.0203447053252497
4985,桃園市桃園區,文化里,民權路67號,121.3102,24.9923,桃園國小,本市市中心區各里,212,"水災,土石流",劉弘峰,03-3322268#511,是,是,否,True,桃園,40,588.4541028939041,0.5884541028939041
4986,新北市中和區,錦中里,中和區錦和路163號,121.4911,24.9925,錦和中學,仁和里、中正里、建和里、力行里、錦和里、錦昌里、灰里、德行里、中山里、碧河里、錦中里、錦盛里、正行里,2543,"水災,震災,土石流,海嘯",劉師政,02-22482688＃286,是,是,是,True,永和,39,3719.9191377846546,3.7199191377846548
4987,桃園市龜山區,新路里,中山街26號,121.337823,24.992506,龜山區公所本所（三樓禮堂）,全區,200,"水災,震災,土石流,海嘯",蔡政宏,03-3203711213,是,否,是,True,桃園,40,3321.8200843872205,3.3218200843872205
4989,桃園市桃園區,文昌里,民族路110號三、四樓,121.3091,24.9926,市中心區聯合里集會所文明、文昌、文化、南華里,文昌、文化、長美、南華,129,"水災,震災,土石流",卓維順,3348058#1109,是,否,否,True,桃園,40,474.87889320083985,0.47487889320083987
4990,臺北市文山區,,文山區景中街27號,121.5429,24.993,景美國中,景行里、景華里、景東里原收容人數101人，修為80人？,80,"水災,震災",張光耀,02-89353130#501,是,否,否,True,新店,39,1822.5546708192383,1.8225546708192382
4992,桃園市桃園區,光興里,縣府路7號,121.3015,24.9939,桃園市公所禮堂,光興、中正、西門、文中、中興,64,"水災,震災,土石流",陳錫恩,03-3348058#1211,是,否,否,True,桃園,40,365.0623254687659,0.3650623254687659
4993,新北市中和區,嘉慶里,中和區連城路460號,121.4783,24.994,中和高中,平河里、信和里、仁和里、灰里、嘉穗里、文元里、民安里、明德里、嘉慶里,2072,"水災,震災,土石流,海嘯",劉師政,02-22482688#286,是,是,否,True,板橋,40,2888.4882589703834,2.8884882589703835
4994,臺北市文山區,,文山區景福街225號,121.5387,24.9941,溪口國小,景慶里、景仁里,90,"水災,震災",劉家森,29350955＃715,是,否,是,True,新店,39,1871.8181266772397,1.8718181266772396
4995,桃園市龜山區,龜山里,中興路一段50號,121.338374,24.994116,龜山社區活動中心,龜山里,70,"水災,震災,土石流,海嘯",張慶圳,03-3505657,是,否,是,True,桃園,40,3369.0755846912684,3.3690755846912683
4996,新北市中和區,秀山里,中和區立人街2號,121.5212,24.9942,秀山國小,安和里、秀山里、秀成里、秀福里、秀景里、秀明里、秀峰里、秀仁里、秀水里、秀義里、秀士里,4228,"水災,震災,土石流,海嘯",劉師政,02-22482688＃286,是,是,是,True,新店,39,2517.4640920714273,2.5174640920714273
4997,新北市板橋區,五權里,廣和街31號,121.4624,24.9945,重慶國小,五權、廣福、和平、重慶、大豐、仁愛、華德,2135,"水災,震災,土石流,海嘯",方素英組長,29565592305,是,是,否,True,土城,40,1700.1248546977376,1.7001248546977377
4998,桃園市龜山區,新路里,永安街77號,121.334421,24.994912,新路社區活動中心,新路里、陸光里、新興里,60,"水災,震災,土石流,海嘯",黃清桃,03-3204836,是,否,是,True,桃園,40,2969.466208593819,2.969466208593819
4999,桃園市龜山區,大同里,大同路23號,121.341548,24.994986,壽山高級中學,龜山里,796,"水災,震災,土石流,海嘯",陳瑋哲,3501778#511,是,否,是,True,桃園,40,3688.9473153307426,3.6889473153307426
5000,桃園市桃園區,東門里,東國街14號,121.3149,24.9952,東門國小,本市市中心區各里,550,"水災,震災,土石流",劉玫鳳,03-3322057#512,是,是,否,True,桃園,40,1000.292084724932,1.000292084724932
5002,新北市永和區,智光里,永和區智光里中正路100號,121.5143,24.9957,智光商工,智光里、潭墘里、潭安里、民族里、民本里,722,"震災,土石流,海嘯",張傳奇,29432491#220,是,是,否,True,永和,39,2367.980171853947,2.367980171853947
5003,桃園市中壢區,芝芭里,啟文路175號,121.203831,24.995705,中壢市芭里社區活動中心,芝芭里,50,"水災,震災,土石流",余潔雯,03-4271801#1210,是,否,否,True,平鎮,45,4753.82025643518,4.753820256435181
5004,桃園市桃園區,西門里,莒光街2號,121.3048,24.9958,桃園國中,本市中路區各里,70,"水災,土石流",劉秀娥,03-3353070,是,是,否,True,桃園,40,122.42122431849957,0.12242122431849957
5005,臺北市文山區,,文山區木柵路4段77號,121.5719,24.9959,木柵高工,博嘉里、萬美里、萬芳里,169,"水災,震災",蔡明雄,02-22300506#601,是,否,否,True,新店,39,4018.309804577502,4.018309804577502
5006,臺北市文山區,興安里,文山區景華街150巷21號,121.5482,24.9961,景興國小,興安里、興福里、景東里,126,"水災,震災",張郁敏,02-29329438#41,是,否,否,True,新店,39,2340.8217315353186,2.3408217315353186
5007,臺北市文山區,,文山區景興路46巷2號,121.5443,24.9962,景興國中,景華里、萬有里,100,"水災,震災",朱美銀,02-29323794#130,是,否,否,True,新店,39,2202.8155195669515,2.2028155195669514
5008,臺北市文山區,興得里,興隆路三段222號,121.5443,24.9962,臺北市文山運動中心,全區,189,震災,劉宜庭,2570-2330轉6423,是,否,否,True,新店,39,2202.8155195669515,2.2028155195669514
5009,桃園市龜山區,嶺頂里,西嶺頂24號,121.342294,24.996761,嶺頂社區活動中心,嶺頂里、新嶺里,68,"水災,震災,土石流,海嘯",呂博夫,03-3293595,是,否,是,True,桃園,40,3770.944207036487,3.770944207036487
5010,桃園市龜山區,大同里,自強東路269號,121.345413,24.997386,自強國小,大同里,700,"水災,震災,土石流,海嘯",陳光華,3590758#51,是,否,是,True,桃園,40,4089.686284228946,4.089686284228946
5011,桃園市桃園區,三民里,中山東路128號,121.3207,24.9976,三民里集會所,三民、萬壽,36,"水災,震災,土石流",卓維順,3348058#1109,是,否,否,True,桃園,40,1616.2905013309246,1.6162905013309246
5012,新北市樹林區,潭底里,千歲街59號,121.426072,24.997757,文林國小,圳安、保安、潭底、圳福、文林、圳民,1151,"震災,土石流",事務組長安臺興,26812625轉841,是,是,否,True,土城,40,3102.120561071711,3.102120561071711
5013,桃園市龜山區,龜山里,自強西路66號,121.338533,24.997776,龜山國中,龜山里,100,"水災,震災,土石流,海嘯",陳怡真,3205681#512,是,否,是,True,桃園,40,3401.419499855417,3.4014194998554172
5014,桃園市桃園區,朝陽里,朝陽街63號,121.3129,24.9978,北門、朝陽二里聯合活動中心,北門、朝陽、民生、中和,69,"水災,震災,土石流",卓維順,3348058#1109,是,否,否,True,桃園,40,867.2801117995604,0.8672801117995603
5015,新北市永和區,民族里,永和區民族里民權路60號,121.5199,24.998,民權市民活動中心,民治里、永元里、永安里、民族里、民權里、潭墘里、潭安里、民本里、智光里、民生里、秀得里、民富里、秀元里,125,"水災,震災,土石流,海嘯",王晨燁,29282828#111,是,否,否,True,永和,39,2135.584558784623,2.1355845587846227
5016,桃園市桃園區,青溪里,鎮撫街41號,121.3145,24.9981,青溪、成功、東門里集會所,青溪、成功、東門、東山,88,"水災,震災,土石流",卓維順,3348058#1109,是,否,否,True,桃園,40,1029.3331775389802,1.0293331775389802
5017,新北市板橋區,重慶里,國慶路221號,121.4632,24.9982,重慶國中,鄉雲、廣德、大豐、仁愛、重慶、和平、廣福、五權、華德、信義、華東,2826,"水災,震災,土石流,海嘯",陳冠樺組長,29543001504,是,是,否,True,板橋,40,1698.9893940446075,1.6989893940446075
5019,桃園市桃園區,永興里,三民路3段22號,121.3078,24.9983,成功國小,本市中路區各里,212,"水災,土石流",鄭頌穎,03-3322772#352,是,是,否,True,桃園,40,487.48330420967903,0.48748330420967906
5020,新北市深坑區,阿柔里,阿柔里阿柔洋62號,121.6072,24.9983,阿柔市民活動中心,阿柔、昇高、萬順里,57,"震災,土石流,海嘯",羅定國林進發,2.66E+15,是,否,是,True,松山,39,6412.4699826465385,6.412469982646538
5021,新北市板橋區,崑崙里,大觀路三段50巷30號,121.4313,24.9984,溪崑國中,崑崙、成和、溪北、溪洲、溪福、堂春,785,"水災,震災",彭素櫻組長,26869729383,是,是,是,True,土城,40,2720.114405402636,2.720114405402636
5022,新北市中和區,自強里,中和區莒光路200號,121.4719,24.9985,自強國小,民享里、瑞穗里、明穗里、清穗里、自強里、德穗里、民生里、國光里、壽德里、明德里、民有里、員富里、冠穗里、國華里,562,"水災,震災,土石流,海嘯",劉師政,02-22482688＃286,是,是,是,True,板橋,40,2086.5536888797487,2.0865536888797487
5023,臺北市文山區,,文山區景福街21巷5號,121.5388,24.9987,志清國小,景仁里、萬隆里、萬祥里,35,"水災,震災",王信傑,02-29323875#40,是,否,是,True,新店,39,2381.261218721711,2.381261218721711
5024,新北市中和區,明穗里,中和區莒光路191號,121.4726,24.9988,自強國中,積穗里、民享里、員山里、嘉新里、民安里、安穗里、瑞穗里、明穗里、清穗里、自強里、德穗里、民生里、國光里、壽德里、明德里、民有里、冠穗里、國華里,936,"水災,震災,土石流,海嘯",劉師政,02-22482688#286,是,是,否,True,板橋,40,2107.609909887948,2.107609909887948
5025,臺北市文山區,,臺北市文山區興隆路3段125巷6號,121.5587,24.9988,興華國小,興昌、興光、興得、興家、萬芳、萬美、博嘉,30,"水災,震災",呂昌諭,02-22393070#130,是,否,否,True,新店,39,3189.637042086446,3.189637042086446
5026,新北市中和區,文元里,中和區員山路154號,121.4814,24.9991,積穗國小,平河里、信和里、仁和里、中正里、建和里、灰里、積穗里、員山里、嘉穗里、文元里、嘉新里、安穗里、錦中里、錦盛里、員富里、嘉慶里,545,"水災,震災,土石流,海嘯",劉師政,02-22482688#286,是,是,是,True,板橋,40,2761.5599579026452,2.7615599579026453
5027,桃園市桃園區,青溪里,自強路80號,121.3182,24.9997,青溪國小,本市埔子區各里,210,"水災,震災,土石流",王志宏,03-3347883#510,是,是,否,True,桃園,40,1442.014863793448,1.442014863793448
5028,新北市永和區,民權里,永和區民權里得和路202號,121.5214,24.9997,秀朗國小,民權里、永元里、民本里、民生里、秀得里、民富里、秀元里、民樂里、民治里、民族里、秀林里、勵行里、得和里、智光里,2124,"水災,震災,土石流,海嘯",劉思亭,02-29420451#5502,是,是,否,True,永和,39,1984.0291836077984,1.9840291836077983
5029,新北市中和區,漳和里,中和區中和路100號,121.5016,24.9999,中和國小,中原里、連和里、連城里、力行里、枋寮里、漳和里、廟美里、福真里、福善里、福美里、福祥里、瓦里、福和里、佳和里、安樂里、新南里、南山里、德行里、中山里、碧河里、正行里,2866,"水災,震災,土石流,海嘯",劉師政,02-22482688＃286,是,是,是,True,永和,39,2406.4362437892883,2.406436243789288
5031,臺北市士林區,蘭雅里,中山北路六段392號,121.0,25.0,士東國小,蘭雅里,63,,吳志豪,02-28710064,否,否,否,True,觀音,53,9241.499571206803,9.241499571206804
5032,新北市中和區,嘉新里,中和區民安街66號,121.4798,25.0004,積穗國中,平河里、信和里、積穗里、民享里、員山里、嘉穗里、文元里、嘉新里、民安里、安穗里、瑞穗里、明穗里、清穗里、自強里、德穗里、民生里、國光里、壽德里、民有里、員富里、嘉穗里、冠穗里、國華里,597,"水災,震災,土石流,海嘯",劉師政,02-22482688＃286,是,是,否,True,板橋,40,2547.4128367376898,2.54741283673769
5033,臺北市文山區,,文山區興隆路3段115巷1號,121.5588,25.0005,萬芳高中,興光里、興得里,131,"水災,震災",張盈霏,02-22309585#500,是,否,否,True,新店,39,3339.4688332024384,3.3394688332024383
5034,新北市深坑區,萬順里,萬順里北深路3段107巷26號,121.6041,25.0008,萬順市民活動中心,萬順、萬福、阿柔3里,22,"震災,土石流,海嘯",楊文得-許添丁,26622208-26621959,是,否,否,True,松山,39,6026.368983810991,6.0263689838109915
5036,桃園市桃園區,永安里,中正五街315號,121.3033,25.001,永安、長安、長德三里聯合活動中心（永康公園管理中心）,永安、長德、長安、東埔、信光,196,"水災,震災,土石流",卓維順,3348058#1109,是,是,否,True,桃園,40,717.575255406002,0.7175752554060021
5038,新北市中和區,枋寮里,廟美街6巷3號2、4樓,121.5011,25.0014,鶴齡交誼中心,備用（廟美里、新南里、南山里）,82,"水災,震災,土石流,海嘯",劉師政,02-22482688#286,是,否,是,True,永和,39,2311.16557766301,2.3111655776630102
5039,新北市中和區,枋寮里,中和區廣福路41號,121.5034,25.0016,南山高中,連和里、連城里、力行里、枋寮里、漳和里、廟美里、福真里、福善里、福美里、福祥里、瓦里、福和里、佳和里、安樂里、安平里、中安里、泰安里、宜安里、安順里,2130,"水災,震災,土石流,海嘯",劉師政,02-22482688＃286,是,是,否,True,永和,39,2146.318641832123,2.146318641832123
5040,臺北市文山區,,文山區興隆路2段235號,121.5508,25.0017,興德國小,興豐里、興邦里、興業里,30,"水災,震災",朱雅菁,02-29329431#35,是,否,否,True,古亭,39,2997.3635692276393,2.9973635692276392
5041,新北市深坑區,深坑里,深坑里文化路41號,121.6183,25.0017,深坑國中,深坑、埔新、昇高、土庫4里,304,"水災,震災,土石流,海嘯",陳春男-林玉葉,2662145510-2662145517,是,是,是,True,松山,39,6683.375806063931,6.683375806063931
5042,新北市深坑區,深坑里,深坑里文化路45號,121.6169,25.0018,深坑國小,深坑、埔新、阿柔,632,"水災,震災,土石流,海嘯",張嘉榮-陳佑瑜,02-26624675,是,是,是,True,松山,39,6590.686245123392,6.590686245123392
5043,臺北市文山區,萬美里,文山區萬和街1號,121.5673,25.0019,萬芳國小,萬芳里、萬美里,135,"水災,震災",何寶妍,2230-1232#31,是,否,否,True,新店,39,4044.0334806240107,4.044033480624011
5044,新北市樹林區,金寮里,保安街二段151號,121.415438,25.002028,武林國小,三多、三福、三興、圳安、潭底、?獠、光興、金寮,822,"震災,土石流,海嘯",事務組長陳寶賢,26812475轉831,是,是,否,True,土城,40,4264.322082463029,4.264322082463029
5045,臺北市文山區,,文山區木柵路4段159巷14之1號,121.5758,25.0021,博嘉國小,博嘉里,30,"水災,震災",陳逸儒,02-22302585#130,是,否,否,True,新店,39,4725.138206230724,4.7251382062307234
5046,桃園市龜山區,精忠里,光峰路141號,121.343353,25.002285,精忠集會所,精忠里,114,"水災,震災,土石流,海嘯",吳陳巧珠,03-2134389,是,否,是,True,桃園,40,3960.7850999671405,3.9607850999671403
5047,新北市板橋區,中山里,大觀路二段59巷31號,121.4477,25.0023,中山國小,中山、大安、復興、聚安、龍安、福安、浮洲、華中、僑中、大觀、歡園,1136,震災,林柏丞組長,22755313222,是,是,否,True,板橋,40,1619.4745746888777,1.6194745746888777
5048,臺北市文山區,興旺里,文山區福興路2號,121.5519,25.0024,興隆國小,興旺里、興泰里,133,"水災,震災",張仁傑,02-29323131#511,是,否,是,True,古亭,39,3025.5358026252916,3.0255358026252916
5049,新北市深坑區,深坑里,深坑里北深路2段166號,121.6147,25.0025,深坑市民活動中心,深坑、埔新、萬福里,36,"水災,震災,土石流,海嘯",張松林-張阿免,26622723-26624911,是,否,否,True,松山,39,6399.098410838678,6.399098410838678
5051,新北市中和區,枋寮里,中和區廣福路39號,121.5055,25.0027,漳和國中,福和里、安樂里、安和里、安平里、中安里、泰安里、秀山里、秀成里、秀福里、秀景里、秀明里、秀峰里、秀仁里、秀水里、宜安里、安順里、秀義里、秀士里,1067,"水災,震災,土石流,海嘯",劉師政,02-22482688＃286,是,是,是,True,永和,39,1923.156689588664,1.923156689588664
5054,新北市板橋區,福星里,重慶路157號,121.4627,25.0033,後埔國小,廣德、福德、仁愛、福星、大豐、華興、鄉雲、華貴、華福、華東、景星 、重慶、後埔、湳興、國泰、和平、廣福、五權、福星,703,"水災,震災",林淑茹組長,29614142-50,是,是,否,True,板橋,40,1146.0507516272012,1.1460507516272012
5055,新北市永和區,得和里,永和區得和里秀朗路一段201號,121.5186,25.0035,復興商工,永安里、大新里、福和里、得和里、店街里、永樂里、永元里、雙和里、安和里、協和里、水源里,827,"水災,震災,土石流,海嘯",羅保羅,02-29262121223,是,是,否,True,永和,39,1513.157399867785,1.513157399867785
5056,新北市永和區,潭墘里,永和區潭墘里秀朗路一段120號,121.517,25.0036,永和國小,潭墘里、永安里、潭安里、大新里、雙和里、安和里、水源里、店街里、永樂里、得和里、民治里、民權里、保平里、福和里,1329,"水災,震災,土石流,海嘯",賀仲民,29214615#401,是,是,否,True,永和,39,1485.9121650463658,1.4859121650463658
5057,臺北市文山區,,臺北市文山區興隆路1段68號,121.5405,25.0039,武功國小,景美、景行、景東、景華、景慶、景仁、萬有、萬祥、萬隆、萬和、萬年、萬盛、興豐、興邦、興旺、興泰、興業、興安、興福里,50,"水災,震災",陳冠任,02-29314360#19,是,否,否,True,古亭,39,2155.2700010189,2.1552700010189
5059,新北市永和區,秀和里,永和區秀和里永利路71號,121.5209,25.004,福和國中,福林里、光明里、永貞里、永福里、秀林里、秀朗里、秀成里、大新里、民樂里、福和里、秀和里、河濱里、民生里、秀得里、店街里、民富里、秀元里、永樂里,1401,"水災,震災,土石流,海嘯",黃議賢,02-29289493#261,是,是,否,True,永和,39,1512.772603359249,1.512772603359249
5061,新北市深坑區,萬福里,萬福里北深路3段152號,121.6047,25.0044,東南科技大學,萬順、萬福、深坑,916,"水災,震災,土石流,海嘯",王辰祉-黃志衡,86625802-86625802-86625800夜,是,是,是,True,松山,39,5696.039561182923,5.696039561182922
5063,新北市板橋區,福星里,成都街30號,121.4616,25.0048,忠孝國中,華貴、華興、華福、景星、留侯、流芳、赤松、黃石、挹秀、湳興、新興、福星、廣德、後埔、華福、鄉雲、華東,191,"水災,震災,土石流,海嘯",黃莉晴組長,29631350232,是,是,否,True,板橋,40,952.3527619990423,0.9523527619990423
5064,臺北市文山區,,文山區羅斯福路5段170巷32號,121.5367,25.0048,萬福國小,萬年里、萬和里、萬盛里,32,"水災,震災",呂昌諭,02-22393070#130,是,否,否,True,古亭,39,1893.6465887727259,1.8936465887727258
5065,臺北市文山區,,文山區福興路80號,121.5497,25.0049,興福國中,興旺里、興泰里,300,"水災,震災",詹琦斌,02-29322024#400,是,否,否,True,古亭,39,2676.0417226851005,2.6760417226851003
5066,新北市深坑區,昇高里,昇高里旺耽路25號,121.6287,25.0049,昇高市民活動中心,昇高、阿柔、賴仲3里,87,"水災,震災,土石流,海嘯",李傳震潘淑妙,2.66E+15,是,否,是,True,汐止,40,6903.537042352648,6.9035370423526485
5067,新北市板橋區,國泰里,實踐路93巷51號,121.4664,25.005,實踐國小,民族、福祿、福德、國泰、後埔、福丘、景興、福星、大豐、重慶、仁愛、和平、廣福、華德,1018,"水災,土石流",黃宜寧組長,29531233142,是,是,否,True,板橋,40,1178.5384235689155,1.1785384235689156
5068,新北市平溪區,東勢里,竿蓁林62-1號,121.7508,25.0052,東勢市民活動中心,東勢里,25,"水災,震災,土石流",李元裕,02-24951510#151,是,否,否,True,汐止,40,12997.02099642358,12.99702099642358
5069,新北市平溪區,嶺腳里,嶺腳寮14號,121.7508,25.0052,嶺腳市民活動中心,嶺腳里、東勢里、望古里,47,"水災,震災,土石流",李元裕,02-24951510#151,是,否,是,True,汐止,40,12997.02099642358,12.99702099642358
5072,新北市中和區,福美里,莊敬路49巷29弄2號,121.5016,25.0061,山北市民活動中心,備用漳和區,92,"水災,震災,土石流,海嘯",劉師政,02-22482688#286,是,否,否,True,永和,39,1913.3548058347792,1.9133548058347791
5074,臺北市文山區,,文山區辛亥路4段103號,121.5585,25.0063,辛亥國小,興昌里、興光里、興泰里,30,"水災,震災",劉正湖,02-29357282#141,是,否,否,True,古亭,39,3323.5957113165277,3.3235957113165275
5075,新北市樹林區,?寮里,三多路101號,121.414672,25.006414,三多國中,三多、三福、三興、圳安、?寮、光興、金寮、圳民、圳生、三龍,847,"震災,土石流,海嘯",事務組長林正忠,86881501#502,是,是,否,True,新莊,41,3931.4101165201096,3.9314101165201096
5076,新北市永和區,秀和里,永和區秀和里國中路111號,121.5233,25.0067,永和國中,秀和里、河濱里、永福里、福林里、永貞里、秀林里、秀朗里、秀成里、竹林里、豫溪里、光明里、民樂里,1109,"水災,震災,土石流,海嘯",劉康君,29218878#203,是,是,否,True,永和,39,1341.6264924188558,1.341626492418856
5077,桃園市觀音區,保生里,觀音鄉保生村十四鄰五號,121.07162,25.006913,保生國民小學,保生村、大潭村、武威村,100,,楊愛玲,4732054#51,否,否,否,True,觀音,53,3369.4747858982623,3.3694747858982623
5078,新北市永和區,永貞里,永和區永貞里福和路125巷20號,121.5216,25.0071,育才國小,永貞里、河濱里、福林里、光明里、永福里、秀成里、竹林里、秀和里,207,"水災,震災,土石流,海嘯",詹心儀,29214630#630,是,是,是,True,永和,39,1219.8406487313928,1.2198406487313929
5079,桃園市桃園區,信光里,正康三街139號,121.307,25.0072,北門國小,本市埔子區各里,64,"水災,震災,土石流",朱振良,03-3250959#530,是,是,否,True,桃園,40,1397.9298385340478,1.3979298385340477
5080,桃園市桃園區,忠義里,大業路一段135號,121.3158,25.0074,大業國小,大興里,106,"水災,震災,土石流",蔡兆琛,03-3337771#510,是,是,否,True,桃園,40,1778.4042042437443,1.7784042042437442
5081,新北市石碇區,永定里,靜安路一段245號,121.688,25.0078,永定國小,豐田里、永定里、中民里、光明里,330,"水災,震災,土石流,海嘯",剛慶嚴/呂洸杰,02-26631288#22/#23,是,是,是,True,汐止,40,8036.30874521654,8.036308745216541
5082,新北市永和區,保安里,永和區保安里保生路25號,121.5057,25.0081,永平國小,保安里、雙和里、安和里、保順里、水源里、保平里、協和里、前溪里、和平里、大同里、中溪里,943,"震災,土石流,海嘯",郭俊尉,29259879#402,是,是,否,True,永和,39,1455.2632575521823,1.4552632575521822
5083,新北市板橋區,浮洲里,大觀路一段30號,121.4493,25.0086,大觀國小,湳興、浮洲、華中、僑中、大觀、歡園,1784,"水災,震災",江勃宏組長,29603373831,是,是,否,True,板橋,40,1062.2529463579692,1.0622529463579693
5084,桃園市桃園區,三元里,三元街289號,121.3234,25.0087,三元、忠義里集會所,忠義、三元,122,"水災,震災,土石流",卓維順,3348058#1109,是,否,否,True,桃園,40,2418.3666815708607,2.418366681570861
5085,桃園市中壢區,洽溪里,民權路4段546號,121.202022,25.008748,中壢區洽溪社區活動中心,青埔里、洽溪里,30,"水災,土石流",余潔雯,03-4271801#1210,是,否,否,True,大園,42,5788.191945036812,5.788191945036813
5087,桃園市桃園區,大有里,大有路220號,121.3205,25.0089,大有國小,本市埔子區各里,212,"水災,震災,土石流",李啟鼎,03-3577715#511,是,是,否,True,桃園,40,2217.2689655344566,2.2172689655344566
5088,桃園市桃園區,大有里,大有路215號,121.3196,25.0093,大有國中,本市會稽區各里,70,"水災,震災,土石流",饒恕寬,03-2613299#511,是,是,否,True,桃園,40,2186.683381132814,2.1866833811328137
5089,新北市深坑區,土庫里,土庫里北深路1段83巷8弄36號,121.6346,25.01,土庫第1市民活動中心,土庫、賴仲、昇高里,100,"水災,震災,土石流,海嘯",高太郎里長李錫鈞,2.66E+15,是,否,否,True,汐止,40,6261.035933288239,6.261035933288239
5090,新北市石碇區,豐林里,楓子林32-1號,121.6423,25.0101,石碇綜合活動大樓,石碇里、潭邊里、隆盛里、烏塗里、彭山里、豐田里、永定里、中民里、光明里、豐林里、永安里、格頭里,200,"水災,震災,土石流,海嘯",?志明/王俞婷,02-26631080#251#229,是,否,是,True,汐止,40,6220.339230778964,6.220339230778964
5091,新北市板橋區,深丘里,漢生東路215號,121.4709,25.0102,海山高中,海山、九如、正泰、雙玉、深丘、香丘、長安、東安、東丘、民生、福丘、福祿、民族、國泰、福壽,2122,"水災,震災",王玟婷組長,29517475#300,是,是,否,True,板橋,40,1272.3204051577472,1.2723204051577472
5092,桃園市中壢區,月眉里,11鄰135-1號,121.184493,25.01027,中壢區月眉社區活動中心,月眉里,55,"水災,震災,土石流",余潔雯,03-4271801#1210,是,否,否,True,大園,42,5906.343935976592,5.906343935976592
5093,桃園市龜山區,龍壽里,龍校街30號,121.387488,25.010772,龍壽國小,龍壽里,100,"水災,震災,海嘯",夏寶珠,03-3296554#51,是,否,是,True,新莊,41,5450.977029754507,5.450977029754507
5094,新北市板橋區,黃石里,文化路一段23號,121.4582,25.0108,板橋國小,留侯、流芳、赤松、黃石、挹秀、自強、光華、湳興、民權、民安、建國、社後、金華、光榮、漢生、香雅,641,"水災,震災",黃世榮主任,29686834831,是,否,否,True,板橋,40,245.15541888828645,0.24515541888828646
5095,新北市永和區,保安里,永和區保安里永平路205號,121.5086,25.0108,永平高中,豫溪里、保安里、中溪里、協和里、保平里、新生里、大同里、前溪里、和平里、下溪里、信義里、保順里、仁愛里、忠義里、後溪里,5315,"震災,土石流,海嘯",林宛蓉,2231-9670轉232,是,是,否,True,永和,39,1037.577058933403,1.0375770589334028
5096,新北市板橋區,浮洲里,僑中一街1號,121.4485,25.0112,大觀國中,湳興、浮洲、華中、僑中、大觀、歡園、大安、福安、聚安、龍安、中山、復興,1611,"水災,震災,土石流,海嘯",林鳳穎組長,22725015831,是,是,否,True,板橋,40,1044.785003101402,1.044785003101402
5097,臺北市大安區,學府里,大安區羅斯福路4段113巷13號,121.5388,25.0112,民族國中,學府里2,139,水災,李培彰,02-27322935#234,是,否,是,True,古亭,39,1398.7275232897168,1.3987275232897167
5098,臺北市大安區,臥龍里,辛亥路三段55號,121.5388,25.0112,臺北市大安運動中心,龍淵、臥龍里,389,震災,鄭景中,2570-2330轉6424,是,否,否,True,古亭,39,1398.7275232897168,1.3987275232897167
5099,新北市板橋區,黃石里,文化路一段25號,121.4591,25.0117,板橋高中,留侯、流芳、赤松、黃石、挹秀、湳興、社後、金華、自強、光華、建國、光榮、民權、民安、漢生、新興,1136,"水災,震災,土石流,海嘯",柳欽元組長,29602500430,是,是,否,True,板橋,40,147.515614534915,0.147515614534915
5100,桃園市桃園區,春日里,春日路1080號,121.3086,25.0118,會稽國小,新埔里,70,"水災,土石流",黃正山,03-3252982#510,是,是,否,True,桃園,40,1927.3278985173374,1.9273278985173374
5101,臺中市大甲區,南陽里,大甲區南陽里中山路一段720號,121.465467,25.012024,大甲高中活動中心,南陽、薰風、中山、大甲、朝陽、順天,598,"水災,震災,海嘯",蕭建華,04-26877165,是,否,是,True,板橋,40,694.3270041331515,0.6943270041331515
5102,臺北市大安區,學府里,臺北市大安區基隆路4段41巷68弄2號,121.5429,25.0124,公館國小,學府里,50,"水災,震災",柯怡安,27351734#230,是,否,否,True,古亭,39,1624.9580754493031,1.6249580754493032
5103,新北市石碇區,隆盛里,八分寮45號,121.6426,25.0127,石碇高中,石碇里、潭邊里、隆盛里、烏塗里、永定里、中民里、光明里、豐林里,963,"水災,震災,土石流,海嘯",洪瑜堅/蔡育萃,02-26631224#300/301,是,是,是,True,汐止,40,5933.276009833353,5.933276009833353
5104,新北市永和區,上林里,永和區上林里竹林路79號,121.5193,25.0129,網溪國小,豫溪里、中興里、竹林里、上林里、正興里、永興里、桂林里,853,"水災,震災,土石流,海嘯",林盈宏,8926-4470轉800,是,是,否,True,永和,39,545.4909497942795,0.5454909497942795
5106,新北市板橋區,東丘里,民生路一段30之1號,121.4768,25.0137,民生公園市民活動中心,東丘、九如、長壽、居仁、正泰、海山、東安、民生、長安,292,"水災,震災,土石流,海嘯",黃素玲,02-29541201,是,否,否,True,板橋,40,1831.973219378111,1.831973219378111
5107,臺北市中正區,東門里,信義路一段1號,121.535,25.0137,臺北市中正運動中心,東門里、文祥里、三愛里、文北里,250,震災,紀孟祺,02-25702330-6427,是,否,否,True,古亭,39,942.0162020058415,0.9420162020058415
5109,桃園市桃園區,會稽里,興一街65巷50號,121.3161,25.0142,會稽社區活動中心,寶山、大有、會稽,52,"水災,震災,土石流",陳宇鎮,03-3251566,是,否,否,True,桃園,40,2431.889539281254,2.4318895392812543
5110,臺北市大安區,學府里,大安區羅斯福路4段21號,121.5352,25.0142,銘傳國小,大學里,161,"水災,震災",連瑞琦,02-23639815#16,是,否,否,True,古亭,39,910.1075418266379,0.9101075418266379
5111,新北市永和區,勵行里,永和區勵行里竹林路34號,121.5173,25.0145,竹林小學,中興里、勵行里、光復里、復興里、上林里、網溪里、正興里、永興里、桂林里、後溪里,58,"水災,震災,土石流,海嘯",陳兆玉,3233-0272,是,是,是,True,永和,39,294.5278971605075,0.29452789716050753
5112,新北市中和區,中原里,中和區光環路2段1號,121.4829,25.0148,光復國小,中原里,855,"水災,震災,土石流,海嘯",劉師政,02-22482688#286,是,是,否,True,板橋,40,2454.238773141428,2.454238773141428
5114,新北市雙溪區,長源里,9鄰柑腳3號,121.804558,25.01513,柑林國小,長源里、外柑里,133,"水災,震災,土石流",宋翔怡,02-24931111#124,否,否,否,True,基隆,44,13406.201859195884,13.406201859195884
5116,新北市永和區,文化里,永和區文化里文化路133號,121.5116,25.0155,頂溪國小,文化里、仁愛里、永成里、忠義里、中溪里、上溪里、新生里、大同里、新?里、下溪里、信義里、後溪里,888,"震災,土石流,海嘯",廖嘉民,2921-2058#401,是,是,否,True,永和,39,503.1981834045317,0.5031981834045317
5117,新北市永和區,新?里,永和區新?里文化路172號,121.512,25.0157,及人國小,新?里、文化里、仁愛里、永成里、忠義里、河堤里、頂溪里、上溪里、新生里、下溪里、信義里,1041,"水災,震災,土石流,海嘯",陳浙雲,29212145#11,是,是,否,True,永和,39,457.83817085135166,0.45783817085135164
5118,新北市雙溪區,長源里,柑腳19號,121.8028,25.0157,長源社區活動中心,長源里、外柑里,172,"水災,震災,土石流",宋翔怡,02-24931111#124,是,否,否,True,基隆,44,13288.106172332306,13.288106172332306
5120,新北市貢寮區,福連里,福連街1號,121.9888,25.0162,福連國小,福連里,300,"水災,震災,土石流",李煥榮,02-24991194#103,是,是,是,True,基隆,44,26252.42920040443,26.25242920040443
5121,桃園市中壢區,山東里,山東一路39號,121.173726,25.01621,中壢區山東社區活動中心,山東里,100,"水災,震災,土石流",余潔雯,03-4271801#1210,是,否,否,True,大園,42,5749.3808566234175,5.749380856623417
5122,新北市貢寮區,龍崗里,嵩陽路42號,121.9071,25.0164,貢寮國中,貢寮里、雙玉里、龍崗里、吉林里,661,"水災,震災,土石流,海嘯",陳致棋,02-24941941#130,是,是,否,True,基隆,44,19393.796258343016,19.393796258343016
5123,新北市樹林區,三福里,三福街52號,121.4059,25.016651,三多國小,三多、三福、三興、圳安、?獠、光興、金寮、圳生、三龍,807,"震災,土石流,海嘯",事務組長董俊良,26880689#145,是,是,否,True,新莊,41,3575.415152959846,3.575415152959846
5124,桃園市桃園區,同安里,新埔六街140號,121.3018,25.0167,同安里集會所,同安、慈文,61,"水災,震災,土石流",卓維順,3348058#1109,是,否,否,True,桃園,40,2456.998936870451,2.456998936870451
5125,新北市板橋區,富貴里,光環路一段7號,121.4828,25.0168,光復高中,港嘴、振義、振興、光復、埔墘、富貴、長壽、居仁、福壽、福翠、龍翠、九如、正泰、雙玉,416,土石流,黃建國組長,29582366141,是,是,否,True,板橋,40,2472.3888227863604,2.4723888227863604
5126,新北市永和區,頂溪里,忠孝街26巷8號,121.5153,25.0169,忠孝市民活動中心,文化里、永成里、勵行里、上溪里、河堤里、頂溪里、光復里、復興里、新?里、網溪里,85,"水災,震災,土石流,海嘯",陳威光,29249622,是,否,否,True,永和,39,102.13748816705342,0.10213748816705343
5127,新北市貢寮區,福隆里,東興街35號,121.9487,25.0171,福隆國小,福隆里,430,"水災,震災,土石流,海嘯",林琪濟,02-24991449#12,是,是,否,True,基隆,44,22722.932234814685,22.722932234814685
5128,桃園市龜山區,龍華里,萬壽路一段422巷22弄43-1號,121.400544,25.017485,龍華社區活動中心,龍華里,150,"水災,震災,海嘯",許森能,02-82001127,是,否,是,True,新莊,41,3943.342933353766,3.943342933353766
5129,新北市新莊區,雙鳳里,新北大道七段437號,121.4257,25.0175,丹鳳國小,雙鳳里,297,"震災,土石流,海嘯",邱雋弘,02-29929891,是,是,否,True,新莊,41,2369.1450443963367,2.369145044396337
5130,新北市板橋區,歡園里,中和區中原里光環路二段1號,121.484,25.0177,光復國小,福壽、居仁、富貴、長壽、光復、埔墘、久如、正泰,855,"水災,震災,土石流",吳麥生組長,32348645661,是,是,否,True,板橋,40,2609.947743704574,2.609947743704574
5133,新北市板橋區,光仁里,永豐街42之8號,121.4741,25.0181,埔墘國小,介壽、埔墘、雙玉、振興、振義、廣新、玉光、光仁、西安、東丘、民生、九如、正泰、港嘴、埤墘、莊敬、華江、永安、光復,628,"水災,震災",顧琪芳組長,29616690311,是,是,否,True,板橋,40,1657.9844735306206,1.6579844735306206
5136,新北市貢寮區,福隆里,福隆里福隆街60號,121.9457,25.0184,福隆青少年活動中心,福隆里,403,"震災,土石流",吳憲彰,02-24991456,是,否,否,True,基隆,44,22390.70683119328,22.39070683119328
5137,桃園市龜山區,迴龍里,宏慶街34巷48-1號,121.410691,25.018416,迴龍社區活動中心,迴龍里,93,"水災,震災,土石流,海嘯",林天章,02-82009283,是,否,是,True,新莊,41,3088.077016272716,3.088077016272716
5138,新北市板橋區,新民里,文化路一段188巷56號,121.4676,25.0185,中山國中,民權、民安、新民、漢生、公館、忠誠、介壽、百壽、華江、玉光、光仁、廣新、埤墘、莊敬、雙玉、香丘、西安、幸福、海山,2280,"震災,土石流,海嘯",何秀滿組長,22508250232,是,是,否,True,板橋,40,1089.8699756862607,1.0898699756862607
5139,新北市雙溪區,外柑里,外柑腳49號,121.807814,25.018517,外柑市民活動中心,外柑里、長源里、上林里。,72,"水災,震災,土石流",宋翔怡,02-24931111#124,否,否,否,True,基隆,44,13169.871772204096,13.169871772204097
5140,桃園市桃園區,會稽里,大有路789號,121.3154,25.0187,快樂國小,本市會稽區各里,70,"水災,震災,土石流",陳毓梅,03-3580001#137,是,是,否,True,桃園,40,2856.775529861907,2.856775529861907
5141,臺北市大安區,芳和里,臺北市大安區臥龍街170號,121.5503,25.0187,芳和國中,芳和、黎孝里,30,"水災,震災",何孟蒔,02-27321961#501,是,否,是,True,古亭,39,2104.282680504334,2.104282680504334
5142,臺北市中正區,,中正區汀州路3段四號,121.5265,25.019,螢橋國中,林興里、文盛里、富水里、水源里,52,水災,陳正泰,02-23688667#230,是,否,否,True,古亭,39,356.1675145918822,0.3561675145918822
5143,桃園市龜山區,迴龍里,萬壽路一段168號,121.405433,25.019376,迴龍國中小學,迴龍里,500,"水災,震災,海嘯",林立人,02-82096088#512,是,否,是,True,新莊,41,3421.1345142407386,3.4211345142407383
5144,桃園市桃園區,瑞慶里,永安北路500號,121.2925,25.0194,同德社區活動中心,瑞慶、寶慶、寶安、同德、中寧、南埔、中埔、明德、北埔、中成,111,"水災,震災,土石流",徐麗玉,03-3021077,是,否,否,True,桃園,40,3011.9115566741807,3.0119115566741805
5145,新北市板橋區,香社里,中正路325巷30號,121.4533,25.0194,國光國小,社後、香社、香雅、中正、自立、光榮、國光、港尾、港德、金華,1211,"水災,震災",陳金鶴組長,29680611702,是,是,否,True,板橋,40,894.6316892611827,0.8946316892611827
5146,臺北市大安區,芳和里,臺北市大安區臥龍街129號,121.5496,25.0195,大安國小,黎和、黎元里,60,水災,楊金龍,02-27322332#831,是,否,否,True,古亭,39,2026.7062066633903,2.0267062066633903
5147,臺北市大安區,芳和里,大安區臥龍街100號,121.5491,25.0196,和平高中,臥龍、虎嘯里,300,"水災,震災",楊廣銓,02-27324300#151,是,否,否,True,古亭,39,1975.6797463880598,1.9756797463880598
5148,新北市板橋區,莊敬里,民生路二段120號,121.4708,25.0197,板橋莊敬市民活動中心,莊敬、埤墘、華江、介壽、百壽,188,"水災,震災,土石流,海嘯",高惠華,02-22514289,是,否,否,True,板橋,40,1433.509940987137,1.433509940987137
5149,桃園市桃園區,新埔里,南通路65號,121.3056,25.0201,新埔里活動中心,新埔,140,"水災,震災,土石流",卓維順,3348058#1109,是,否,否,True,桃園,40,2812.8410941969532,2.812841094196953
5150,新北市貢寮區,貢寮里,長泰路18-2號,121.9075,25.0206,貢寮市民活動中心,貢寮里、雙玉里、龍崗里、吉林里,176,"水災,震災,土石流,海嘯",吳珮羽,02-24941601#255,是,否,是,True,基隆,44,19128.621146532998,19.128621146532996
5151,臺北市大安區,古風里,大安區羅斯福路3段,121.5285,25.0207,古亭國小,古風、古莊、龍泉里,62,"水災,震災",林勝和,02-23639795#831,是,否,否,True,古亭,39,107.064631043584,0.107064631043584
5152,桃園市桃園區,西埔里,富國路681巷19弄路口,121.2805,25.0209,西埔里活動中心,西埔,25,"水災,震災,土石流",卓維順,3348058#1109,是,否,否,True,桃園,40,3812.161741312443,3.812161741312443
5153,新北市新莊區,南港里,四維路186巷2號,121.421825,25.021171,四維市民活動中心,福營區瓊林.營盤.丹鳳.雙鳳.和鳳.富國.國泰.豐年.福營.龍鳳.裕民.祥鳳.富民.泰豐.龍福里,300,"水災,震災",邱雋弘,02-29929891#135,是,否,是,True,新莊,41,2150.2899833969745,2.1502899833969744
5154,新北市新莊區,裕民里,裕民路136號,121.4162,25.0212,裕民行政大樓,福營區瓊林.營盤.丹鳳.雙鳳.和鳳.富國.國泰.豐年.福營.龍鳳.裕民.祥鳳.富民.泰豐.龍福里,300,水災,邱雋弘,02-29929891#135,是,否,是,True,新莊,41,2481.3568466893626,2.4813568466893625
5155,桃園市桃園區,春日里,至善街133號,121.3126,25.0216,春日里活動中心,春日、大興,28,"水災,震災,土石流",許美玉,3348058#1218,是,否,否,True,桃園,40,3075.414138408521,3.075414138408521
5156,新北市新莊區,立廷里,中平路385號,121.4278,25.0216,中平國中,立廷.中港.中原.中信.中平.中隆里,1384,"震災,土石流,海嘯",邱雋弘,02-29929891,是,是,否,True,新莊,41,1874.4453658377395,1.8744453658377396
5157,桃園市桃園區,莊敬里,新埔七街169巷13號,121.2999,25.0219,莊敬社區活動中心,莊敬、自強,53,"水災,震災,土石流",李朝貴,03-3258666,是,否,否,True,桃園,40,3055.3418321011827,3.055341832101183
5158,新北市新莊區,中平里,中和街193號,121.418,25.0219,榮富國小,中信里.中平里.中港里＆中隆里,2819,"水災,土石流,海嘯",邱雋弘,02-29929891,是,是,否,True,新莊,41,2304.435754579875,2.304435754579875
5159,新北市貢寮區,雙玉里,學苑街7號,121.9151,25.022,貢寮國小,貢寮里、雙玉里、龍崗里、吉林里,633,"震災,土石流,海嘯",莊金坤,02-24941274#213,是,是,否,True,基隆,44,19636.571623733962,19.63657162373396
5161,新北市平溪區,白石里,9鄰靜安路2段241號,121.7247,25.0221,白石市民活動中心,白石里、薯榔里,49,"水災,震災,土石流",李元裕,02-24951510#151,是,否,否,True,汐止,40,9775.855652814796,9.775855652814796
5162,新北市板橋區,幸福里,英士路179號,121.4585,25.0225,文德國小,新翠、德翠、新海、公館、幸福、文德、新生、金華、港德、國光、漢生、港尾、忠誠、新埔、吉翠、滿翠、明翠、陽明、朝陽,1207,震災,許文浩組長,2257719363,是,是,否,True,板橋,40,1055.503527401623,1.055503527401623
5163,新北市平溪區,薯榔里,靜安路二段63號,121.728154,25.022689,薯榔市民活動中心,薯榔里、菁桐里、白石里,61,"水災,震災,土石流",李元裕,02-24951510#151,是,否,是,True,汐止,40,10047.67845482431,10.047678454824311
5164,桃園市蘆竹區,大竹里,大竹路國中巷35號,121.258528,25.02289,大竹國中,大竹里、蘆竹里、新興里、富竹里等大竹地區,0,"水災,震災",趙文峰,03-3520000ext.176,是,是,否,True,桃園,40,5634.6044075359205,5.63460440753592
5165,臺北市萬華區,全德里,大同區萬大路346號,121.4993,25.023,萬大國小,壽德里、日祥里、興德里,66,"水災,震災",李惠怡,02-23037654#312,是,否,否,True,永和,39,1840.5401980446452,1.8405401980446452
5168,臺北市萬華區,全德里,臺北市萬華區東園街195號,121.4978,25.0231,東園國小,保德里、華中里、全德里、銘德里、榮德里,102,震災,張瑞庭,02-23034803#1501,是,否,否,True,永和,39,1986.210214068093,1.9862102140680928
5169,臺北市萬華區,福星里,西寧南路6之1號,121.4978,25.0231,臺北市萬華運動中心,福興里、萬壽里、西門里,226,震災,莊耘,2570-2330轉6429,是,否,否,True,永和,39,1986.210214068093,1.9862102140680928
5170,臺北市中正區,河堤里,中正區汀州路2段180號,121.5226,25.0232,河堤國小,河堤里、頂東里、板溪里,30,"水災,震災",陳昱至,02-23677144#831,是,否,否,True,古亭,39,758.4771622820784,0.7584771622820784
5171,桃園市龜山區,長庚里,80號B1,121.357412,25.023311,長庚醫護社區活動文康中心,長庚里,200,"水災,震災,土石流,海嘯,坡地災害",鄭順隆,03-3282426,是,否,是,True,林口,34,6111.0266912410025,6.111026691241002
5172,新北市平溪區,菁桐里,菁桐街65-1號,121.7262,25.0235,菁桐市民活動中心,菁桐里、薯榔里,104,"水災,震災,土石流",李元裕,02-24951510#151,是,否,是,True,汐止,40,9831.569444997333,9.831569444997333
5173,新北市平溪區,石底里,靜安路二段295號,121.7336,25.0235,平溪國中,石底里、平溪里、嶺腳里,710,"水災,震災,土石流",李元裕,02-24951510#151,是,是,是,True,汐止,40,10492.191461207016,10.492191461207016
5174,新北市平溪區,菁桐里,菁桐街45號,121.7266,25.0236,菁桐國小,菁桐里、白石里,310,"水災,震災,土石流",李元裕,02-24951510#151,是,是,否,True,汐止,40,9861.651627693505,9.861651627693506
5175,桃園市龜山區,大崗里,忠義路二段491號,121.353653,25.023863,大崗社區活動中心,大崗里、大湖里、大華里,272,"水災,震災,土石流,海嘯",陳清華,03-3282434,是,否,是,True,桃園,40,5876.7782270975395,5.87677822709754
5176,臺北市大安區,龍門里,大安區新生南路3段33號,121.5348,25.0239,龍安國小,龍門、龍坡里,120,"水災,震災",張振茂,02-23632077#730,是,否,是,True,古亭,39,642.7069951715995,0.6427069951715995
5177,桃園市大園區,五權里,14鄰中正東路二段541號,121.230923,25.023949,五權社區活動中心,五權里,100,"水災,震災,海嘯",黃崇得,03-3813160,是,否,否,True,大園,42,5006.223791933953,5.006223791933953
5178,新北市板橋區,中正里,中正路437號,121.4542,25.024,板橋國中,新生、社後、香社、香雅、中正、自立、自強、光華、建國、光榮、國光、港尾、金華、港德、民權、宏翠、仁翠,1628,"震災,土石流",蕭麗真主任,2.97E+11,是,是,否,True,板橋,40,1302.060542263942,1.302060542263942
5179,新北市新莊區,立志里,中港一街142號,121.4138,25.0242,中港國小,中泰.立志.立基.立廷.中宏.中全.中和.中港.立功.中誠里,695,"水災,土石流,海嘯",邱雋弘,02-29929891,是,是,否,True,新莊,41,2426.586467159503,2.426586467159503
5181,新北市新莊區,昌平里,昌平街200號,121.4238,25.0243,昌平國小,昌平里.昌信里.昌明里,635,"水災,震災,土石流,海嘯",邱雋弘,02-29929891,是,否,否,True,新莊,41,1750.4799223443558,1.750479922344356
5182,臺北市中正區,永功里,中正區中華路2段465號,121.5106,25.0246,古亭國中,永功里、永昌里,66,"水災,震災",顏錦江,02-23090986#510,是,否,是,True,永和,39,1019.953564040145,1.019953564040145
5183,新北市平溪區,石底里,公園街17號2樓,121.7371,25.0247,平溪市民活動中心,石底里、平溪里、嶺腳里、東勢里,106,"水災,震災,土石流",李元裕,02-24951510#151,是,是,是,True,汐止,40,10750.954341274466,10.750954341274467
5184,桃園市蘆竹區,大竹里,大竹路556號,121.258678,25.02483395,大竹國小,宏竹里、上竹里、新莊里、中福里,260,"水災,震災",趙文峰,03-3520000ext.176,是,是,是,True,桃園,40,5744.308443139522,5.744308443139522
5185,新北市板橋區,新海里,新海路181號,121.4597,25.0249,新埔國中,新生、金華、港德、公館、幸福、文德、陽明、新埔、宏翠、仁翠、新翠、朝陽、吉翠、滿翠、明翠、德翠、新海、中正、國光、忠誠,3276,"水災,震災",吳國菁組長,22572275512,是,是,否,True,板橋,40,1325.3124184254614,1.3253124184254614
5186,臺北市中正區,螢雪里,中正區詔安街29號,121.5144,25.0249,螢橋國小,螢雪里、螢圃里、網溪里,63,"水災,震災",王昭傑,23054620109,是,否,否,True,永和,39,895.9447094682367,0.8959447094682368
5187,臺北市大安區,龍門里,大安區建國南路2段269號,121.538,25.0249,龍門國中,龍生、龍陣、龍淵里,300,震災,金多齊,02-27330299#1402,是,否,否,True,古亭,39,975.8464030380538,0.9758464030380538
5188,新北市新莊區,興漢里,中正路211號,121.4225,25.0253,新莊國中,榮和里.興漢里,1370,"震災,土石流,海嘯",邱雋弘,02-29929891,是,是,否,True,新莊,41,1728.739224798766,1.7287392247987659
5189,新北市平溪區,平湖里,大湖10號,121.7813,25.0256,平湖市民活動中心,平湖里、南山里、十分里、新寮里,71,"水災,震災,土石流",李元裕,02-24951510#151,是,否,否,True,基隆,44,11670.716154289059,11.670716154289059
5190,桃園市大園區,橫峰里,中山南路二段435號,121.213508,25.025624,橫峰社區活動中心,橫峰里,100,"水災,震災,海嘯",羅志全,03-3869030,是,否,否,True,大園,42,4072.72541934866,4.07272541934866
5191,新北市新莊區,泰豐里,豐年街57號之5,121.4283,25.0258,豐年市民活動中心,福營區瓊林.營盤.丹鳳.雙鳳.和鳳.富國.國泰.豐年.福營.龍鳳.裕民.祥鳳.富民.泰豐.龍福里,100,"水災,震災",邱雋弘,02-29929891#135,是,否,是,True,新莊,41,1413.2838923948966,1.4132838923948967
5192,臺北市萬華區,新安里,萬華區西藏路125巷31號,121.5033,25.026,新和國小,新忠里、新和里、忠貞里、凌霄里、騰雲里,79,震災,梁世建,02-23038298#31,是,否,是,True,永和,39,1648.2769016706968,1.6482769016706968
5193,臺北市信義區,三張里,臺北市信義區松仁路226號,121.5686,25.026,吳興國小,三張里,60,土石流,吳次寶,27200226#50,是,否,否,True,松山,39,2843.8907434038797,2.84389074340388
5194,新北市板橋區,華翠里,莒光路163號,121.4736,25.0261,莒光國小,華江、華翠、莒光、忠翠、港嘴、永安、埤墘、松翠、龍翠、江翠、純翠、溪頭、聯翠、柏翠、嵐翠、文翠、青翠、溪頭、福翠、振興、雙玉、廣新、莊敬、文聖、文化、松柏、懷翠,428,"水災,震災",蘇賢龍組長,22517272109,是,是,否,True,板橋,40,2094.2655935888074,2.0942655935888075
5195,桃園市桃園區,汴洲里,桃園巿莊敬路1段71號,121.3038,25.0263,汴洲里老人活動中心,汴洲、新埔,178,"水災,震災,土石流",林宜蓁,3348058#1211,是,否,否,True,桃園,40,3501.0480123470616,3.5010480123470615
5196,桃園市龜山區,舊路里,振興路1278巷29號-振天宮,121.36753,25.02646,舊路社區活動中心,舊路里,60,"水災,震災,土石流,海嘯",李松鶴,03-3298813,是,否,是,True,林口,34,5711.346919673449,5.711346919673448
5197,臺北市萬華區,日善里,萬華區東園街73巷23號6樓,121.4988,25.0266,西園國小,日善里,30,"水災,震災",林淑華,02-23030257#125,是,否,否,True,永和,39,2062.110702360936,2.062110702360936
5198,新北市平溪區,平溪里,平溪街56號,121.7376,25.0272,平溪國小,平溪里,525,"水災,震災,土石流",李元裕,02-24951510#151,是,是,是,True,汐止,40,10681.403431512552,10.681403431512551
5200,臺北市萬華區,和德里,萬華區興義街2號,121.4927,25.0276,雙園國中,孝德里、銘德里、和德里、錦德里、和平里、榮德里、華中里、頂碩里、新忠里、新安里、忠貞里、雙園里、新和里，日祥里,30,"水災,震災",章譽鐘,02-23030827#140,是,否,是,True,萬華,34,2599.8353855301216,2.5998353855301217
5201,臺北市萬華區,日善里,萬華區西藏路213號,121.4962,25.0285,華江高中,日善里、忠德里,300,"水災,震災",陳昭葳,02-23019946#105,是,否,否,True,萬華,34,2321.144978197882,2.321144978197882
5202,臺北市信義區,三張里,信義區松仁路158巷1號,121.5679,25.0286,信義國中,三張里,361,水災,劉志賢,02-27236771#511,是,否,是,True,松山,39,2605.2132156120324,2.6052132156120322
5204,新北市板橋區,文化里,松江街63號,121.4684,25.0289,江翠國中,明翠、宏翠、滿翠、朝陽、吉翠、仁翠、江翠、純翠、溪頭、聯翠、文化、華江、松翠、柏翠、龍翠、華翠、莒光、忠翠、松柏、嵐翠、文聖、懷翠、文翠、青翠、埤墘、莊敬、永安,2895,"水災,震災,土石流,海嘯",賴建男組長,22568560/2251800761,是,是,否,True,板橋,40,2019.298888419198,2.019298888419198
5205,新北市雙溪區,上林里,內平林60號,121.832,25.029,上林國小,上林里、平林里、外柑里、長源里。,1309,"水災,震災,土石流",宋翔怡,02-24931111轉124,是,是,否,True,基隆,44,13258.65501425676,13.258655014256759
5206,臺北市萬華區,,萬華區西藏路201號,121.4987,25.0291,萬華國中,新安里,50,"水災,震災",張幸愉,02-23394567#130,是,否,否,True,萬華,34,2142.7381063161115,2.1427381063161115
5207,新北市新莊區,雙鳳里,雙鳳路75號5樓,121.4431,25.0294,牡丹心市民活動中心,福營區瓊林.營盤.丹鳳.雙鳳.和鳳.富國.國泰.豐年.福營.龍鳳.裕民.祥鳳.富民.泰豐.龍福里,300,"水災,土石流",邱雋弘,02-29929891#135,是,否,是,True,新莊,41,1430.3009378951829,1.430300937895183
5208,臺北市大安區,龍雲里,大安區大安路2段99號,121.5461,25.0294,建安國小,群英、群賢、全安、法治里,30,"水災,震災",李昀容,02-27077719#140,是,否,否,True,古亭,39,1932.927168826512,1.932927168826512
5209,新北市板橋區,龍翠里,文聖街86號,121.4772,25.0295,文聖國小,嵐翠、文聖、福翠、懷翠、龍翠、松柏、港嘴、松翠、柏翠、華翠、忠翠、文翠、青翠,1023,震災,楊吉文組長,22530782813,是,是,否,True,板橋,40,2617.278498943684,2.617278498943684
5210,臺北市中正區,忠勤里,中正區中華路2段307巷17號,121.5062,25.0296,忠義國小,忠勤里、廈安里,100,水災,范綱發,02-23038752#230,是,否,否,True,永和,39,1728.6165485352785,1.7286165485352785
5211,臺北市中正區,,中華路2段291號地下室,121.5045,25.0297,中華區民活動中心,廈安里、忠勤里,35,"水災,震災",張為閔,02-23416721,是,否,否,True,永和,39,1843.5226408131416,1.8435226408131415
5212,臺北市信義區,景聯里,信義區基隆路2段99號,121.558,25.0297,三興國小,景聯里、嘉興里、景勤里,77,"水災,震災",蘇雪玲,27364687#51,是,否,否,True,古亭,39,3042.188143637432,3.042188143637432
5214,臺北市大安區,龍安里,大安區新生南路2段36號,121.5335,25.0304,新生國小,龍安、錦安里,35,"水災,震災",吳盈瑩,02-23913122#230,是,否,否,True,古亭,39,1155.3527100304393,1.1553527100304393
5215,新北市新莊區,瓊林里,瓊泰路85號,121.4467,25.0306,瓊泰市民活動中心,福營區瓊林.營盤.丹鳳.雙鳳.和鳳.富國.國泰.豐年.福營.龍鳳.裕民.祥鳳.富民.泰豐.龍福里,150,震災,邱雋弘,02-29929891#135,是,否,是,True,新莊,41,1649.3074086223269,1.649307408622327
5216,臺北市大安區,龍雲里,大安區大安路2段63號,121.5462,25.0307,大安國中,龍雲、義安、德安、臨江里,274,"水災,震災",林志豪,02-27557131#103,是,否,否,True,古亭,39,2017.7164111040433,2.0177164111040433
5217,臺北市萬華區,綠堤里,萬華區長順街2號,121.4913,25.0308,大理高中,綠堤里,300,"水災,震災",洪焌維,02-23026959#141,是,否,是,True,萬華,34,2419.88055699846,2.4198805569984603
5218,新北市新莊區,自立里,自立街229號,121.4433,25.0309,思賢國小,自立.仁愛.思賢.自強.仁義.中美.自信.思源.中華里,285,"水災,震災,土石流,海嘯",邱雋弘,02-29929891,是,是,否,True,新莊,41,1342.1742300248904,1.3421742300248904
5219,臺北市萬華區,雙園里,萬華區莒光路315號,121.4975,25.0309,雙園國小,雙園里、頂碩里,109,水災,魯俊賢,02-23061893#131,是,否,是,True,萬華,34,2025.7504755207508,2.0257504755207507
5221,臺北市萬華區,綠堤里,萬華區艋舺大道389號,121.4938,25.0312,大理國小,綠堤里、和平里、糖部里,84,"水災,震災",郭渝葶,23064311#1400,是,否,否,True,萬華,34,2217.753099902853,2.217753099902853
5222,臺北市中正區,龍光里,中正區南海路56號,121.5122,25.0312,建國中學,龍光里、龍興里、南福里,300,"水災,震災",王鼎中,02-23034381#501,是,否,否,True,永和,39,1626.547632490471,1.6265476324904709
5223,臺北市大安區,福住里,大安區新生南路2段32號,121.5331,25.0312,金華國中,福住、新龍里,300,"水災,震災",侯姿吟,02-33931799#501,是,否,是,True,古亭,39,1226.542719156602,1.226542719156602
5224,臺北市信義區,景新里,信義區松勤街60號,121.5632,25.0318,信義國小,三張、景新、西村里,150,水災,蔡育婷,02-27204005#832,是,否,否,True,松山,39,2546.081862756986,2.546081862756986
5225,新北市雙溪區,共和里,中山路41巷6號,121.8661,25.0318,共和社區活動中心,共和里、魚行里、雙溪里、新基里。,100,"水災,震災,土石流",宋翔怡,02-24931111#124,是,否,是,True,基隆,44,15191.285770619259,15.19128577061926
5226,臺北市大安區,龍圖里,大安區復興南路2段52號,121.5432,25.0319,大安高工,龍圖、仁慈、住安里,100,"水災,震災",劉家豪,02-27091630#1401,是,否,否,True,古亭,39,1860.2448517810192,1.8602448517810193
5227,臺北市大安區,永康里,大安區愛國東路79巷11號,121.5277,25.0322,金華國小,永康、光明、錦泰、錦華里,56,"水災,震災",游秀靜,02-23917402#830,是,否,是,True,古亭,39,1297.591198369805,1.297591198369805
5228,臺北市中正區,新營里,中正區愛國東路158號,121.5221,25.0323,中正國中,新營里、龍福里,300,"水災,震災",朱文源,02-23916697#501,是,否,是,True,古亭,39,1497.8117686568276,1.4978117686568275
5229,新北市板橋區,柏翠里,文化路二段413號,121.4742,25.0324,江翠國小,江翠、純翠、溪頭、聯翠、松翠、柏翠、文翠、青翠、懷翠、福翠、港嘴、龍翠、華翠、忠翠、文化、松柏、文聖、嵐翠,784,"震災,土石流,海嘯",蔡瓊如組長,22526880231,是,是,否,True,板橋,40,2662.4078851619315,2.6624078851619317
5230,臺北市信義區,松隆里,信義區松山路654號,121.5786,25.0327,永春高中,松光、國業、廣居里,300,"水災,震災",劉育成,27272983#501,是,否,否,True,松山,39,1916.2709194394217,1.9162709194394216
5231,新北市新莊區,營盤里,中正路510號,121.4341,25.0329,輔仁大學,營盤里,705,"震災,土石流,海嘯",邱雋弘,02-29929891,是,是,否,True,新莊,41,584.5415744909511,0.5845415744909511
5232,基隆市中正區,中正里,台北市信義區信義路五段5號,121.56234,25.033152,台北世貿一館,基隆市安樂區新崙理、武崙里、中崙里、內寮里,4245,,張聞松,27255200分機2247,否,否,否,True,松山,39,2485.673589850289,2.485673589850289
5233,新北市雙溪區,共和里,東榮街54號,121.8672,25.0334,雙溪國小,魚行里、共和里、雙溪里。,1013,"震災,土石流",宋翔怡,02-24931111-124,是,是,否,True,基隆,44,15144.920188997106,15.144920188997107
5234,臺北市萬華區,華江里,萬華區環河南路2段250巷42弄2號,121.4912,25.0341,華江國小,華江里,37,"水災,震災",吳瓊慧,02-23064352#14,是,否,否,True,萬華,34,2179.8734377515343,2.1798734377515343
5235,新北市新莊區,立人里,中正路86號,121.4417,25.0342,新莊國小,立人.思源.文衡.文聖.興漢.榮和.文德.文明.恆安.立德里,1029,"水災,震災,土石流,海嘯",邱雋弘,02-29929891,是,是,是,True,新莊,41,1018.0795312823445,1.0180795312823445
5237,新北市雙溪區,平林里,梅竹蹊3號,121.8632,25.0349,雙溪高中,平林里、雙溪里、新基里、共和里、魚行里、三港里、三貂里、牡丹里、泰平里,1376,"水災,震災,土石流",宋翔怡,02-24931111-124,是,是,否,True,基隆,44,14741.400320929812,14.741400320929811
5238,臺北市中正區,南門里,中正區廣州街6號,121.5091,25.0352,南門國小,南門里、愛國里,30,"水災,震災",林育農,02-23715052#401,是,否,否,True,萬華,34,1257.152001518609,1.257152001518609
5239,臺北市中正區,南門里,中正區廣州街6號,121.5091,25.0352,南門國中,南門里、愛國里,151,"水災,震災",楊啟明,02-23142775#61,是,否,否,True,萬華,34,1257.152001518609,1.257152001518609
5240,新北市雙溪區,平林里,外平林52號,121.849136,25.035598,平林市民活動中心,平林里、上林里、泰平里,79,"水災,震災,土石流",宋翔怡,02-24931111#124,否,否,否,True,基隆,44,13718.096402900761,13.71809640290076
5241,臺北市萬華區,青山里,萬華區和平西路3段235號,121.4962,25.0356,龍山國小,柳鄉里、青山里,50,"水災,震災",李志強,02-23082977#730,是,否,是,True,萬華,34,1693.9949908923782,1.6939949908923781
5242,臺北市信義區,三張里,松勤路100號,121.5733,25.0356,臺北市信義運動中心,三張、景新、安康、三犁、西村里,200,震災,莊耘,2570-2330轉6429,是,否,否,True,松山,39,1682.6736475378445,1.6826736475378445
5244,基隆市中正區,中正里,台北市信義區松壽路6號,121.563833,25.035701,台北市世貿三館,基隆市安樂區內寮里,1000,,紀家鈺,02-277181211分機1336,是,否,否,True,松山,39,2175.404422386335,2.175404422386335
5245,新北市新莊區,中原里,中信街168號,121.4505,25.0358,中信國小,中原里.中信里.中榮里,1084,"水災,震災,土石流,海嘯",邱雋弘,02-29929891,是,否,否,True,新莊,41,1832.2846590665254,1.8322846590665254
5246,臺北市大安區,敦安里,大安區安和路1段60號,121.5524,25.0358,仁愛國小,敦安、敦煌、光信、通化、通安里,53,"水災,震災",林宜靜,02-27095010#401,是,否,否,True,古亭,39,2854.2426413097805,2.8542426413097806
5248,新北市新莊區,立基里,中平路135號,121.4525,25.0359,新莊高中,立基里,933,"水災,震災,土石流,海嘯",邱雋弘,02-29929891,是,是,否,True,新莊,41,2031.2528576117413,2.0312528576117415
5249,臺北市萬華區,富福里,臺北市萬華區南寧路46號,121.5046,25.036,龍山國中,富福里,367,水災,楊炳煌,23362789#500,是,否,是,True,萬華,34,1212.115284956359,1.2121152849563588
5250,臺北市信義區,安康里,信義區松仁路95巷20號,121.5711,25.0364,博愛國小,安康里,80,震災,朱榮富,23450616#400,是,否,否,True,松山,39,1686.3539709652387,1.6863539709652386
5251,臺北市信義區,安康里,信義區松德路168巷15號,121.5723,25.0364,興雅國中,安康里,151,震災,柯景煌,02-27232771#500,是,否,是,True,松山,39,1635.511394172047,1.635511394172047
5252,新北市新莊區,立人里,中正路108號,121.453731,25.036593,私立恆毅高級中學,恆安里、立仁里、榮和里,604,"水災,震災,土石流,海嘯",邱雋弘,02-29929891,是,是,否,True,新莊,41,2147.9008134951127,2.1479008134951125
5253,新北市新莊區,忠孝里,建中街116巷3弄2號,121.4451,25.0369,新泰市民活動中心,新莊區海山.全安.榮和.興漢.文德.文明.文聖.文衡.全泰.忠孝里,250,"水災,震災",邱雋弘,02-29929891#135,是,否,是,True,新莊,41,1277.0214187885265,1.2770214187885265
5254,新北市新莊區,和平里,思源路485號,121.4564,25.037,頭前國中,思源.幸福.昌平.昌隆.仁愛.仁義.信義.和平.昌明.昌信.自信.福基.福興.頭前.化成里,2352,"水災,震災,土石流,海嘯",邱雋弘,02-29929891,是,是,否,True,新莊,41,2414.195211190991,2.414195211190991
5255,臺北市信義區,中行里,臺北市信義區福德街221巷15號,121.5853,25.0371,?公國中,中行,30,"水災,震災",黃福全,02-27261481#400,是,否,否,True,松山,39,1580.2977089749943,1.5802977089749943
5256,臺北市中正區,建國里,中正區公園路21號,121.5153,25.0375,弘道國中,建國里、黎明里、光復里,87,震災,林鴻儒,02-23715520#500,是,否,否,True,萬華,34,1241.4766339570974,1.2414766339570975
5257,臺北市大安區,敦安里,大安區仁愛路4段130號,121.5507,25.0375,仁愛國中,建安、建倫、華聲、車層、正聲里,125,"水災,震災",廖志偉,02-23255823#168,是,否,否,True,古亭,39,2837.9929073490707,2.837992907349071
5258,臺北市大安區,民炤里,大安區仁愛路3段22號,121.535,25.0376,幸安國小,民炤、民輝、和安里,200,震災,林冠廷,02-27074191#3300,是,否,是,True,古亭,39,1960.6876238600057,1.9606876238600057
5259,新北市新莊區,光明里,龍安路452號,121.4438,25.0378,光華國小,光華.光明.民安.光和.光正.光榮.西盛里,963,"水災,震災,土石流,海嘯",邱雋弘,02-29929891,是,是,否,True,新莊,41,1140.4585992212171,1.140458599221217
5260,臺北市萬華區,福音里,臺北市萬華區桂林路64號,121.5027,25.038,老松國小,福音里、富民里、仁德里,50,"水災,震災",湯順禎,02-23361266#130,是,否,否,True,萬華,34,1081.7036127137728,1.081703612713773
5262,臺北市中正區,東門里,中正區仁愛路1段2-4號,121.5209,25.0387,東門國小,東門里、文祥里、三愛里,100,"水災,震災",林郁玲,02-23413542#23,是,否,否,True,萬華,34,1564.8856321978158,1.5648856321978157
5263,臺北市信義區,中行里,信義區福德街253號,121.5865,25.0389,福德國小,中行里、中坡里、大道里,105,"水災,震災",林君豪,02-27277992#21,是,否,否,True,松山,39,1464.7270623303777,1.4647270623303776
5264,新北市泰山區,貴和里,明志路三段365號,121.4266,25.0394,貴和市民活動中心,貴賢里、貴子里、貴和里,76,"水災,土石流,海嘯,核子事故",詹淑美,02-29099551#1402,是,否,否,True,新莊,41,616.0257363414315,0.6160257363414315
5267,臺北市信義區,興隆里,臺北市信義區光復南路271號,121.5578,25.0402,光復國小,西村、正和、興隆、中興、景新、新仁、興雅、敦厚、廣居、安康,40,"水災,震災",吳建億,27585076#830,是,否,是,True,松山,39,2363.950477409004,2.3639504774090043
5268,臺北市南港區,舊莊里,舊莊街一段100號,121.61735,25.040245,舊庄國小,舊莊里、中研里、九如里,92,,林思瀅,922424372,否,否,否,True,汐止,40,3727.5239486478063,3.7275239486478062
5270,臺北市大安區,義村里,大安區忠孝東路3段248巷30號,121.5412,25.0403,懷生國中,義村、昌隆、誠安、仁愛、光武里,300,"水災,震災",謝淑慧,02-27215078#330,是,否,否,True,古亭,39,2477.6052627249305,2.4776052627249303
5271,桃園市龜山區,南上里,民生北路一段356巷386-1號,121.300096,25.040457,南上社區活動中心,南上里、南美里,60,"水災,震災,土石流,海嘯",詹有銘,03-3252390,是,否,是,True,桃園,40,5091.181055129552,5.091181055129552
5273,新北市泰山區,貴子里,工專路84號,121.4206,25.0417,明志科技大學,貴子里、貴賢里、貴和里,1803,"水災,震災,土石流,海嘯,核子事故",詹淑美,02-29099551#1402,是,是,是,True,新莊,41,1269.840638587509,1.269840638587509
5274,新北市新莊區,中美里,中港路172號,121.455157,25.041825,中港第一市民活動中心,頭前區和平、幸福、頭前、福基、昌明、昌平、化成、信義、仁義、仁愛、思賢、思源、自強、自立、自信、福興、昌隆、昌信,75,"水災,震災",邱雋弘,02-29929891#135,是,否,是,True,新莊,41,2325.8064963313727,2.325806496331373
5275,新北市平溪區,十分里,十分街66巷1號,121.775807,25.04193,老人文康活動中心,十分里、望古里、南山里、平湖里、新寮里,127,"水災,震災,土石流",李元裕,02-24951510#151,是,否,是,True,基隆,44,9793.114935379452,9.793114935379451
5276,新北市新莊區,全安里,新莊路527號,121.4565,25.0423,全安市民活動中心,新莊區海山.全安.榮和.興漢.文德.文明.文聖.文衡.全泰.忠孝里,200,"水災,震災",邱雋弘,02-29929891#135,是,否,是,True,新莊,41,2468.823382147382,2.4688233821473817
5277,苗栗縣三義鄉,龍騰村,4鄰外庄10號,121.533012,25.042385,龍騰活動中心,龍騰村、西湖村,20,"水災,震災,土石流",吳陳貞蓉.李明華,037-881418,是,否,是,True,中山,45,2307.367695288603,2.307367695288603
5278,苗栗縣三義鄉,雙潭村,2鄰雙連潭40-1號,121.533012,25.042385,雙潭活動中心,雙潭村,20,"水災,震災,土石流",魏勝男.吳建宣,037-871023,是,否,是,True,中山,45,2307.367695288603,2.307367695288603
5279,苗栗縣三義鄉,鯉魚潭村,鯉魚口2鄰47-2號,121.533012,25.042385,鯉魚潭活動中心室內,"鯉魚潭村,西湖村,龍騰村",50,"水災,震災,土石流",李明華,037-881002,是,否,是,True,中山,45,2307.367695288603,2.307367695288603
5280,苗栗縣三義鄉,廣盛村,6鄰廣盛80號,121.533012,25.042385,建中國民小學活動中心室內,廣盛村、雙潭村、雙湖村,50,"水災,震災,土石流,海嘯",林芳玉,037-872007,是,否,是,True,中山,45,2307.367695288603,2.307367695288603
5281,苗栗縣三義鄉,西湖村,4鄰上湖64號,121.533012,25.042385,西湖村活動中心室內,西湖村,50,"水災,土石流,海嘯",賴水木,037-874307,是,否,是,True,中山,45,2307.367695288603,2.307367695288603
5282,苗栗縣苑裡鎮,上館里,4鄰62-7號,121.533012,25.042385,上?里民眾活動中心,玉田里 南勢里 泰田里 上?里,50,"水災,震災,土石流",解振昌,037-743028,是,否,否,True,中山,45,2307.367695288603,2.307367695288603
5283,苗栗縣三灣鄉,銅鏡村,1鄰小銅鑼圈9之11號,121.533012,25.042385,銅鏡社區活動中心,銅鏡村,50,"水災,土石流,海嘯",徐盛發,037-831653,是,否,是,True,中山,45,2307.367695288603,2.307367695288603
5284,苗栗縣三義鄉,西湖村,4鄰上湖64號,121.533012,25.042385,西湖村活動中心室外,西湖村,150,"震災,海嘯",賴水木,037-874307,否,是,是,True,中山,45,2307.367695288603,2.307367695288603
5285,苗栗縣三義鄉,鯉魚潭村,1鄰鯉魚口10-1號,121.533012,25.042385,鯉魚潭村活動中心室外,西湖村 龍騰村 鯉魚潭村,150,震災,李明華,037-881002,否,是,是,True,中山,45,2307.367695288603,2.307367695288603
5286,苗栗縣三義鄉,廣盛村,6鄰廣盛80號,121.533012,25.042385,建中國民小學操場室外,廣盛村 雙湖村 雙潭村 勝興村,300,震災,林芳玉,037-872007#132,否,是,是,True,中山,45,2307.367695288603,2.307367695288603
5287,苗栗縣苑裡鎮,舊社里,10鄰110-1號2樓,121.533012,25.042385,苑裡鎮立托兒所,社苓里 舊社里 山腳里 泰田里,300,"水災,震災",陳海琪,037-744224,是,否,是,True,中山,45,2307.367695288603,2.307367695288603
5288,苗栗縣苑裡鎮,苑東里,13鄰興隆2-1號,121.533012,25.042385,苑裡鎮老人文康中心,苑東里 苑坑里 中正里 福田里,300,"水災,震災,海嘯",傅金鳳,869599,是,否,是,True,中山,45,2307.367695288603,2.307367695288603
5290,苗栗縣苑裡鎮,客庄里,1鄰2號,121.533012,25.042385,苗栗縣立苑裡高中操場,客庄里,1000,震災,洪溫惠,037-861042-623,否,是,否,True,中山,45,2307.367695288603,2.307367695288603
5291,苗栗縣苑裡鎮,舊社里,10鄰47號,121.533012,25.042385,山腳國小田徑場,山腳里、舊社里、福田里1-9鄰、南勢里5-14鄰、社苓里13.14鄰石鎮里、泰田里10鄰,1000,震災,陳明助,037-745024,否,是,否,True,中山,45,2307.367695288603,2.307367695288603
5292,苗栗縣苑裡鎮,社苓里,51-1號,121.533012,25.042385,苑裡鎮中山國小操場,山柑里、社苓里,1000,震災,鍾國鼎,037-743564,否,是,否,True,中山,45,2307.367695288603,2.307367695288603
5293,苗栗縣苑裡鎮,客庄里,中正路10鄰1段32號鎮立游泳池旁,121.533012,25.042385,苑裡鎮立體育場,客庄里、苑南里、苑北里、中正里、房裡里,2000,震災,陳梅如,869299,否,是,否,True,中山,45,2307.367695288603,2.307367695288603
5294,雲林縣土庫鎮,奮起里,綺湖96號,121.533012,25.042385,綺湖社區活動中心,奮起里,78,"水災,震災",吳義正,05-6623430,是,否,是,True,中山,45,2307.367695288603,2.307367695288603
5295,新北市三峽區,插角里,插角25-1號,121.533012,25.042385,大有市民活動中心,有木里、插角里,148,"水災,震災,土石流",吳香其,02-26711017分機207,是,否,否,True,中山,45,2307.367695288603,2.307367695288603
5296,新北市貢寮區,美豐里,雞母嶺街6-6號,121.533012,25.042385,豐珠國中小活動中心,美豐、真理、仁里,369,"水災,海嘯",黃士綺,02-24903727,是,是,否,True,中山,45,2307.367695288603,2.307367695288603
5298,嘉義縣大埔鄉,西興村,菜瓜坪4號之1,121.533012,25.042385,西興村活動中心前廣場,西興村,50,"水災,震災",茄苳村幹事,05-2521310-28,否,是,否,True,中山,45,2307.367695288603,2.307367695288603
5302,嘉義縣溪口鄉,坪頂村,中正東路103號,121.533012,25.042385,溪口國中室外,溪東村等14村,300,震災,簡淑玲校長,2691050#112,否,是,否,True,中山,45,2307.367695288603,2.307367695288603
5303,嘉義縣鹿草鄉,松竹村,69號,121.533012,25.042385,竹園國小室外,松竹村,400,震災,涂慶波,05-3650524-12,否,是,否,True,中山,45,2307.367695288603,2.307367695288603
5304,嘉義縣鹿草鄉,三角村,毛蟹行11號,121.533012,25.042385,後塘國小室外,三角村,500,震災,何雪鳳,05-375254812,否,是,否,True,中山,45,2307.367695288603,2.307367695288603
5305,彰化縣永靖鄉,港西村,彰化縣永靖鄉永社路266號,121.533012,25.042385,老人文康活動中心,全鄉,50,"水災,震災,土石流,海嘯",呂美玲,048-8221191-21,是,否,是,True,中山,45,2307.367695288603,2.307367695288603
5306,彰化縣永靖鄉,港西村,彰化縣永靖鄉永社路267號,121.533012,25.042385,永靖鄉立托兒所,全鄉,200,"水災,震災,土石流,海嘯",林宗憶,048-8238746,是,否,是,True,中山,45,2307.367695288603,2.307367695288603
5307,臺中市梧棲區,安仁里,民生街15之89巷1號,121.533012,25.042385,梧棲國小活動中心,安仁,200,"水災,震災,土石流",蔡宗名,04-26562834#1731,是,是,是,True,中山,45,2307.367695288603,2.307367695288603
5308,臺東縣長濱鄉,樟原村,1鄰6號,121.533012,25.042385,樟原社區活動中心,樟原村,40,"水災,震災,土石流,海嘯",江金安,089-881069,是,是,是,True,中山,45,2307.367695288603,2.307367695288603
5309,臺東縣長濱鄉,三間村,7鄰11號,121.533012,25.042385,三間社區活動中心,三間村,80,"水災,震災,土石流,海嘯",王蘊萍,089-831640,是,是,是,True,中山,45,2307.367695288603,2.307367695288603
5310,臺東縣長濱鄉,三間村,南溪16鄰5-7號,121.533012,25.042385,三間村南溪國小,三間村,180,"水災,震災,土石流",高蓮妹,089-881253,是,是,是,True,中山,45,2307.367695288603,2.307367695288603
5312,臺南市新化區,太平里,民生路269號,121.533012,25.042385,新化區聯合活動中心,視需要開設不分里,490,"水災,震災",林景昌,06-5905356,否,否,否,True,中山,45,2307.367695288603,2.307367695288603
5313,臺北市中正區,幸福里,臺北市中正區濟南路1段71號,121.5238,25.0424,成功高中,幸福里、文北里,30,"水災,震災",鄭隆傑,23216256#231,是,否,否,True,萬華,34,1660.558579553231,1.6605585795532312
5314,臺北市南港區,,南港區舊莊街1段1號,121.6172,25.0424,胡適國小,中研里、九如里,30,"水災,震災",陳谷易,02-27824949#930,是,否,是,True,汐止,40,3556.478183573446,3.556478183573446
5315,新北市新莊區,龍鳳里,龍安路72號,121.4444,25.0426,丹鳳高中,民有里.光正里.光明里.成德里.龍安里.龍?里.民安里,1337,"水災,震災,土石流,海嘯",邱雋弘,02-29929891,是,是,否,True,新莊,41,1305.66304412174,1.30566304412174
5316,臺北市中正區,梅花里,中正區忠孝東路2段101號,121.5317,25.0428,忠孝國小,梅花里、幸市里,30,"水災,震災",林瑞慧,02-23918170#832,是,否,否,True,中山,45,2228.662963754367,2.228662963754367
5317,新北市泰山區,新明里,新生路2號,121.4317,25.043,明志國小,泰友里、明志里、新明里、貴子里、貴和里、貴賢里,1024,"土石流,海嘯,核子事故",詹淑美,02-29099551#1402,是,是,是,True,新莊,41,562.7468509057845,0.5627468509057846
5318,臺北市信義區,永春里,信義區松山路287巷5號,121.5791,25.043,永吉國小,永春里、永吉里、大道里、松光里,53,"水災,震災",宋宏毅,87858111#700,是,否,否,True,松山,39,776.9386363416662,0.7769386363416662
5320,臺北市萬華區,西門里,萬華區成都路98號,121.5035,25.0432,西門國小,西門里、菜園里、新起里,95,"水災,震災",籃玉君,02-23113519#1131,是,否,是,True,萬華,34,580.9337499318219,0.5809337499318219
5322,臺北市信義區,新仁里,信義區基隆路1段156號,121.5658,25.0439,松山高中,新仁、六藝、敦厚、雅祥里,300,"水災,震災",莊明煌,27535968-268,是,否,是,True,松山,39,1458.6380597912819,1.4586380597912818
5323,新北市平溪區,十分里,十分街157號,121.7774,25.0439,十分國小,十分里、南山里、新寮里、望古里、平湖里,175,"水災,震災,土石流",李元裕,02-24951510#151,是,是,是,True,基隆,44,9605.818796230758,9.605818796230759
5324,桃園市蘆竹區,興榮里,光明路一段123號,121.288977,25.04435395,光明國中操場,南崁區,200,"水災,震災,土石流",陳春發,03-311-4355,否,是,是,True,桃園,40,5731.665722938469,5.7316657229384695
5325,臺北市信義區,永春里,信義區松山路225巷48號,121.5789,25.0447,永春國小,永春里、永吉里、大道里、松光里,115,"水災,震災",朱榮富,02-27641314#630,是,否,否,True,松山,39,587.789880660968,0.587789880660968
5327,臺北市南港區,成福里,臺北市南港區東新街108巷23號,121.587751,25.045069,成德國中,聯成里、合成里、成福里、萬福里、鴻福里、新光里、百福里,300,,陳章玄,02-26515636#401,否,否,否,True,松山,39,1071.8766898390015,1.0718766898390015
5328,新北市新莊區,營盤里,中正路386號,121.4472,25.0451,國泰國小,忠孝.國泰.海山.福營.營盤里,1036,"水災,震災,土石流,海嘯",邱雋弘,02-29929891,是,是,否,True,新莊,41,1680.3883527579596,1.6803883527579597
5329,臺北市中山區,埤頭里,中山區安東街16巷2號,121.5417,25.0453,懷生國小,埤頭里、朱園里、朱崙里,30,"水災,震災",曾韻任,02-27710846#510,是,否,否,True,中山,45,2432.0358863529386,2.4320358863529385
5331,臺北市南港區,成福里,東新街118巷86號,121.5896,25.0455,修德國小,百福里、仁福里、合成里、成福里、聯成里、萬福里、鴻福里、玉成里,95,"水災,震災",張雅祺,02-27880500#151,是,否,否,True,松山,39,1215.7298983053565,1.2157298983053566
5332,新北市新莊區,頭前里,化成路231號,121.4566,25.0456,頭前國小,化成里、頭前里＆福基里,610,"震災,土石流,海嘯",邱雋弘,02-29929891,是,是,否,True,新莊,41,2574.485949304774,2.574485949304774
5334,高雄市林園區,北汕里,北汕路58巷2號,121.517414,25.046238,高雄市林園區汕尾國民小學,全區,400,"水災,震災",陳谷庭,07-3719971,否,否,是,True,萬華,34,953.2009606986848,0.9532009606986848
5335,臺北市萬華區,福星里,萬華區中華路1段66號,121.5089,25.0463,福星國小,福星里、萬壽里,50,"水災,震災",蘇鈺琇,02-23144668#106,是,否,否,True,萬華,34,96.30200311447325,0.09630200311447325
5336,臺北市南港區,玉成里,臺北市南港區玉成街69號,121.5822,25.0466,臺北市南港運動中心,合成里、玉成里、萬福里,240,"水災,震災",林美如,25702330#6425,是,否,否,True,松山,39,522.4792895248626,0.5224792895248626
5337,臺北市信義區,雅祥里,信義區基隆路1段83巷9號,121.5701,25.0467,興雅國小,雅祥、敦厚、六藝里,198,"水災,震災",吳杏惠,02-27618156~611,是,否,否,True,松山,39,933.354008472012,0.933354008472012
5338,臺北市南港區,,南港區東新街65號,121.5869,25.0469,成德國小,聯成里、萬福里、成福里、鴻福里,200,"水災,震災",吳錫賓,02-27851376#151,是,否,否,True,松山,39,904.1415558770443,0.9041415558770443
5339,桃園市蘆竹區,南崁里,南崁路150號,121.295049,25.046998,蘆竹區公所三樓禮堂,南崁里、南興里、南榮里、錦中里,0,水災,趙文峰,03-3520000ext.176,是,否,是,True,桃園,40,5878.040831833753,5.878040831833753
5340,新北市泰山區,義學里,民生路30號,121.4347,25.0472,義學國中,義學里、義仁里、泰友里、全興里、泰友里,606,"震災,土石流,海嘯",詹淑美,02-29099551#1402,是,是,是,True,新莊,41,1045.9697183226363,1.0459697183226362
5341,新北市泰山區,義學里,民生路33號,121.4347,25.0472,義學國小,義學里、義仁里、同榮里、全興里、泰友里,952,"水災,土石流,海嘯,核子事故",詹淑美,02-29099551#1402,是,是,是,True,新莊,41,1045.9697183226363,1.0459697183226362
5342,新北市汐止區,福山里,民權街2段90號,121.618882,25.047641,白雲國小,福山里、宜興里、東勢里、橫科里,96,"水災,震災,土石流,海嘯",宋怡穎,02-26411111#120,是,是,是,True,汐止,40,3023.159450928915,3.023159450928915
5343,桃園市龜山區,南美里,南上路99號,121.297367,25.047711,南美國小,南美里,60,"水災,震災,土石流,海嘯",蔡本元,3126250#512,是,否,是,True,桃園,40,5920.891242615595,5.920891242615594
5344,新北市新莊區,四維里,四維路9號,121.4447,25.0482,福營行政大樓,福營區瓊林.營盤.丹鳳.雙鳳.和鳳.富國.國泰.豐年.福營.龍鳳.裕民.祥鳳.富民.泰豐.龍福里,200,"水災,震災",邱雋弘,02-29929891#135,是,是,是,True,新莊,41,1673.0223058209158,1.6730223058209157
5345,臺北市信義區,四育里,信義區松隆路161號,121.5741,25.0483,永吉國中,五常里、五權里、富台里,97,"水災,震災",黃獻司,02-27649066#120,是,否,是,True,松山,39,492.59059394382825,0.49259059394382826
5347,新北市泰山區,義仁里,明志路二段185號,121.4273,25.0487,義仁市民活動中心,明志里、義學里、義仁里、泰友里、新明里,55,"水災,震災,土石流,海嘯,核子事故",詹淑美,02-29099551#1402,是,否,否,True,新莊,41,1298.9816390874466,1.2989816390874467
5348,臺北市松山區,吉祥里,松山區八德路4段101號,121.5611,25.0487,中崙高中,吉祥里、復盛里、新聚里、東光里,300,"水災,震災",呂虹毅,02-27535316#400,是,否,否,True,松山,39,1772.7835932451976,1.7727835932451976
5349,臺北市松山區,中正里,臺北市松山區敦化北路1號,121.5501,25.049,臺北市松山運動中心,美仁里、中正里、中華里、敦化里,180,"水災,震災",劉宜庭,02-25702330#6423,是,否,否,True,中山,45,2801.233650137758,2.801233650137758
5350,臺北市松山區,中正里,松山區敦化北路2號,121.5485,25.0491,敦化國小,中正里、美仁里、敦化里,56,"水災,震災",王培成,2741-4065#130,是,否,否,True,中山,45,2659.396363803808,2.659396363803808
5351,臺北市中山區,興亞里,中山區松江路70巷11號,121.5319,25.0494,長安國中,正守里、正義里、中原里、興亞里、朱園里、埤頭里、朱崙里、力行里,41,"水災,震災",張吉元,02-25112382#106,是,否,否,True,中山,45,1534.5573022589165,1.5345573022589165
5352,臺北市中山區,興亞里,中山區吉林路15號,121.5302,25.0497,長安國小,正守里、正義里、正得里、民安里、中吉里、興亞里、朱園里,300,"水災,震災",?泰安,25617600#130,是,否,否,True,中山,45,1450.5293914380586,1.4505293914380586
5354,新北市三重區,五谷里,三重區五谷王北街46號,121.4755,25.0502,興穀國民小學,谷王里、頂崁里、中興里、德厚里、五谷里,299,"水災,震災,土石流,海嘯",許明枝,02-29862345#493,是,是,否,True,菜寮,37,2150.4478058255186,2.1504478058255185
5355,臺北市大同區,建泰里,臺北市大同區長安西路37之1號,121.5197,25.0503,建成國中,建泰里、光能里、建明里、建功里,55,"水災,震災",鄭惠文,25587042#650,是,否,否,True,萬華,34,1255.9143928934275,1.2559143928934275
5356,新北市汐止區,橫科里,橫科路119號,121.620181,25.05045,橫科里活動中心,橫科里、福山里、宜興里、東勢里,74,"水災,震災,土石流,海嘯",宋怡穎,02-26411111#120,是,否,是,True,汐止,40,2718.7086792277632,2.7187086792277633
5357,臺北市中山區,力行里,中山區龍江路62號,121.5402,25.0506,中正國小,朱園里、埤頭里、朱崙里、力行里、復華里,76,"水災,震災",鄭博仁,02-25070932#105,是,否,否,True,中山,45,1897.374793056926,1.8973747930569258
5358,桃園市蘆竹區,吉祥里,吉林路160號,121.300993,25.05063298,南崁國小,羊稠里、營盤里、五福里、長壽里,0,"水災,震災",趙文峰,03-3520000ext.176,是,是,是,True,桃園,40,6207.365112780354,6.207365112780354
5360,桃園市龜山區,大華里,文化七路116號,121.365307,25.050955,文華國小,大華里,50,"水災,震災,土石流,海嘯",俞國華,3279014#511,是,否,是,True,林口,34,2994.522033835547,2.994522033835547
5361,臺北市大同區,玉泉里,大同區西寧北路32號,121.5082,25.0512,忠孝國中,玉泉里、永樂里,131,"水災,震災",虞慧欣,02-25524890#71,是,否,是,True,萬華,34,520.7769229813852,0.5207769229813851
5362,臺北市松山區,慈祐里,松山區八德路4段746號,121.5793,25.0512,松山國小,慈祐里,95,"水災,震災",蔡任哲,02-27672907#632,是,否,否,True,松山,39,150.00408306308546,0.15000408306308546
5364,桃園市蘆竹區,瓦窯里,仁愛路一段2號,121.29348,25.051391,蘆竹區婦幼館,瓦窯里、五福里、錦興里,0,"水災,震災",趙文峰,03-3520000ext.172,是,是,是,True,桃園,40,6384.944507012946,6.384944507012946
5365,新北市新莊區,國泰里,瓊泰路116號,121.4474,25.0514,豐年國小,國泰.海山.豐年.泰豐.瓊林.全安里,1128,"水災,震災,土石流,海嘯",邱雋弘,02-29929891,是,是,否,True,新莊,41,2114.8830918559493,2.1148830918559494
5366,新北市新莊區,忠孝里,公園一路91號,121.4554,25.0514,新泰國小,忠孝里.立言里,106,"震災,土石流,海嘯",邱雋弘,02-29929891,是,是,否,True,新莊,41,2748.049299731549,2.7480492997315493
5368,臺北市松山區,中正里,松山區南京東路3段300號,121.5468,25.0515,敦化國中,中正里、美仁里,389,水災,詹琦斌,02-87717890#50,是,否,否,True,中山,45,2372.9518042523177,2.3729518042523177
5369,臺北市松山區,中正里,臺北市松山區南京東路4段10號,121.5446,25.0517,臺北體育館,美仁里、中正里、中華里、敦化里、復建里、東勢里、復勢里,1000,"水災,震災",江丹桂,02-25702330#6512,是,否,否,True,中山,45,2172.3974702913742,2.1723974702913744
5370,桃園市龜山區,文化里,文化二路168號,121.370832,25.051707,大崗國中,大崗里、文化里,700,"水災,震災,土石流,海嘯",陳月枝,3280888#511,是,否,是,True,林口,34,2960.6419925191703,2.9606419925191703
5371,臺北市南港區,中南里,臺北市南港區忠孝東路七段382號,121.6073,25.0519,臺北市極限運動訓練中心,中南里、新富里、新光里、南港里,50,震災,余可文,02-25702330#6511,是,否,否,True,松山,39,2902.440432847968,2.902440432847968
5373,桃園市龜山區,樂善里,樂安街7-1號,121.382177,25.052012,樂善社區活動中心,樂善里、文化里,60,"水災,震災,海嘯",陳榮鋒,03-3287198,是,否,是,True,林口,34,3333.721335057609,3.333721335057609
5374,新北市新莊區,信義里,昌明街1號,121.4576,25.0522,福壽市民活動中心,頭前區和平.幸福.頭前.福基.昌明.昌平.化成.信義.仁義.仁愛.思賢.思源.自強.自立.自信.福興.昌隆.昌信里,120,"水災,震災",邱雋弘,02-29929891#135,是,否,是,True,新莊,41,2983.019272665387,2.983019272665387
5375,臺北市松山區,東光里,臺北市松山區三民路5號,121.5636,25.0522,西松國小,慈祐里、東光里、吉祥里、復建里、復勢里、復源里、吉仁里,50,"水災,震災",羅文琪,27609221#203,是,否,否,True,松山,39,1534.1230060604846,1.5341230060604847
5376,桃園市龜山區,大坑里,大坑路1段1003巷18號,121.328662,25.05223,大坑社區活動中心,大坑里,33,"水災,震災,土石流,海嘯",鄭進源,03-3229270,是,否,是,True,林口,34,4684.640529459498,4.6846405294594975
5377,桃園市蘆竹區,五福里,仁愛路二段1號,121.297216,25.052285,南崁高中,營盤里、瓦窯里、羊稠里、五福里、中山里等南崁地區,400,"水災,震災,土石流",趙文峰,03-3520000ext.173,是,是,否,True,桃園,40,6425.396057731445,6.425396057731445
5378,桃園市大園區,埔心里,埔心街82-4號2樓,121.225524,25.052378,埔心社區活動中心,埔心里、大海里,280,"水災,震災,海嘯",林萬益,03-3818996,是,是,否,True,大園,42,2510.4092816179004,2.5104092816179002
5379,臺北市南港區,,南港區向陽路21號,121.595,25.0525,南港高中,西新里、新光里,435,"水災,震災",陳政翊,02-27837863#241,是,否,是,True,松山,39,1676.7156444067994,1.6767156444067994
5380,新北市新莊區,民全里,民安路261號,121.4661,25.0529,民安國小,民安.四維.成德.後港.八德.民有.後德.建福.民全.民本里,1184,"水災,震災,土石流,海嘯",邱雋弘,02-29929891,是,是,否,True,菜寮,37,2330.0157419421935,2.3300157419421934
5381,新北市雙溪區,三港里,三港7號,121.878,25.053,三港集會所,三港里,63,"水災,震災,土石流",宋翔怡,02-24931111#124,是,否,否,True,基隆,44,14585.488981888122,14.585488981888123
5382,臺北市南港區,,向陽路31號,121.594769,25.05364,玉成國小,西新里、東新里、玉成里、新光里、東明里、合成里、重陽里,30,,李奇在,02-27836049#150,否,否,否,True,松山,39,1679.489496443372,1.679489496443372
5383,新北市新莊區,富國里,富國路105號,121.4445,25.0538,福營國中,富民.民安.民全.萬安.後港.西盛.富國.民本.四維.後德.建安.建福.福營.營盤.南港.瓊林.成德.龍安.民有.八德,319,"水災,震災,土石流,海嘯",邱雋弘,02-29929891,是,是,否,True,新莊,41,2130.6943651958954,2.1306943651958954
5384,臺北市南港區,,南港區富康街1巷42號,121.6187,25.0541,誠正國中,三重里、新富里、中南里、中研里、舊莊里、九如里,143,"水災,震災",蔡銘坤,27828094#1500,是,否,否,True,汐止,40,2604.762137522405,2.604762137522405
5385,新北市泰山區,同榮里,公園路33號,121.4282,25.0546,同榮國小,義學里、同榮里、義仁里,931,"水災,震災,土石流,海嘯,核子事故",詹淑美,02-29099551#1402,是,是,否,True,新莊,41,1892.2191890332672,1.8922191890332671
5386,新北市三重區,光明里,集美街212號,121.4915,25.0547,新北市立三重高中,成功里、福祉里、福民里、重明里、光明里、光正里、同安里、同慶里、菜寮里、永春里、中正里、吉利里、福德里　　,897,"水災,震災,土石流,海嘯",許明枝,02-29862345#493,是,是,否,True,萬華,34,1893.8837986625247,1.8938837986625248
5387,臺北市中山區,中原里,中山區長春路116號,121.5296,25.0547,吉林國小,康樂里、中山里、中庄里、中吉里、中原里,117,"水災,震災",蕭錦玲,02-25219196#850,是,否,否,True,中山,45,903.4170713207104,0.9034170713207105
5388,新北市貢寮區,真理里,仁愛路79號3樓,121.926916,25.054775,澳底圖書館,真理里、仁里里,157,海嘯,楊俊生、吳淑華,02-24903203,是,否,否,True,基隆,44,18740.79348804082,18.740793488040822
5389,桃園市蘆竹區,五福里,五福六路1號,121.298375,25.054812,南崁國中,五福里、羊稠里、營盤里、中山里,370,"水災,震災",趙文峰,03-3520000#176,是,是,是,True,桃園,40,6690.571984029068,6.690571984029067
5390,臺北市中山區,中央里,中山區長春路165號,121.5339,25.0549,長春國小,松江里、江寧里、江山里、中央里、朱馥里、龍洲里、復華里,47,"水災,震災",陳瑞呈,02-25024366#151,是,否,否,True,中山,45,1111.8578456064563,1.1118578456064563
5391,新北市貢寮區,真理里,延平街10號,121.9246,25.0549,澳底國小大禮堂,真理里、仁里里,479,"水災,震災,土石流",葉勁輝,02-24901432#212,是,是,是,True,基隆,44,18525.086812210357,18.525086812210358
5393,臺北市中山區,中央里,中山區長春路167號,121.5351,25.055,大同高中,松江里、江寧里、江山里、中央里、朱馥里、龍洲里、復華里,300,"水災,震災",吳榮達,02-25054269#130,是,否,否,True,中山,45,1188.617882779324,1.188617882779324
5394,新北市新莊區,立泰里,新泰路359號,121.4594,25.0551,新泰國中,中華.中和.中誠.中宏.中全.中泰.立志.立基.立廷.立言.立泰.思賢.忠孝.立德.立功.自立.自強,743,"震災,土石流,海嘯",邱雋弘,02-29929891,是,是,否,True,菜寮,37,2667.3985823703197,2.6673985823703195
5395,臺北市大同區,星明里,大同區太原路151號,121.5167,25.0553,日新國小,雙連里、朝陽里、建功里,137,"水災,震災",王勝威,02-25584819#312,是,否,是,True,大同,61,947.3942167255095,0.9473942167255095
5396,新北市汐止區,白雲里,水源路2段112、114號,121.656768,25.05542,白雲里活動中心,白雲里,37,"水災,震災,土石流,海嘯",宋怡穎,02-26411111#120,是,否,是,True,汐止,40,2007.1959652004186,2.0071959652004185
5397,新北市泰山區,同榮里,公園路54號,121.4263,25.0556,泰山體育館,同榮里、同興里、義學里、義仁里、全興里,1280,"水災,震災,土石流,海嘯",詹淑美,02-29099551#1402,是,是,是,True,新莊,41,2050.3411206646406,2.0503411206646405
5398,臺北市松山區,鵬程里,松山區健康路325巷7號,121.5671,25.0556,西松高中,鵬程里、安平里、自強里,255,"水災,震災",林成嶽,25286618#111,是,否,是,True,松山,39,1316.7317533342402,1.3167317533342402
5399,新北市三重區,同安里,三重區大同南路157號,121.4968,25.0561,三光國民小學,成功里、福民里、光正里、同安里、同慶里、吉利里、大同里、中民里、平和里、大安里、仁德里、忠孝里、仁義里、光榮里、光輝里、福星里、福利里、清和里、永興里、福德里,1502,"水災,震災,土石流,海嘯",許明枝,02-29862345#493,是,是,否,True,萬華,34,1549.4356265597999,1.5494356265598
5400,臺北市南港區,,南港區興南街62號,121.602,25.0562,東新國小,南港里、東明里、東新里、重陽里,30,"水災,震災",王詩棠,02-27837577#31,是,否,否,True,松山,39,2457.8670700959497,2.4578670700959497
5401,新北市新莊區,昌隆里,昌隆街63號,121.448,25.0563,昌隆國小,幸福.信義.和平.昌明.昌信.昌隆里,509,"震災,土石流,海嘯",邱雋弘,02-29929891,是,是,否,True,新莊,41,2562.7045313424696,2.5627045313424697
5402,臺北市南港區,,南港區興中路29號,121.6072,25.0563,南港高工,南港里、東新里、東明里,160,"水災,震災",林淑美,02-27825432#1501,是,否,否,True,松山,39,2967.8658551106946,2.9678658551106945
5403,基隆市中正區,中正里,臺北市南港區經貿二路1號,121.617345,25.056376,南港展覽館,基隆市中山區中和里、和慶里、德安里、協和里、文化理,7370,,張世昌,27255200分機5517,是,否,否,True,汐止,40,2607.4625316357724,2.6074625316357722
5404,新北市新莊區,福興里,五工二路50巷2號,121.4556,25.0564,興化國小,福基里.福興里.興珍里,599,"水災,震災,土石流,海嘯",邱雋弘,02-29929891,是,是,否,True,菜寮,37,2917.8829393323467,2.9178829393323467
5405,臺北市松山區,,松山區延壽街401號,121.5565,25.0564,介壽國中,介壽里、東昌里、龍田里原收容人數57人，上修為70人,70,"水災,震災",鄭富珍,02-27664496#500,是,否,否,True,松山,39,2340.933490413664,2.340933490413664
5406,新北市三重區,光明里,三重區集美街10號,121.4879,25.0565,集美國民小學,成功里、福祉里、福民里、過田里、重明里、光田里、光陽里、光明里、光正里、菜寮里、中正里、福德里、同安里、永春里　,104,"震災,土石流,海嘯",許明枝,02-29862345#493,是,是,否,True,菜寮,37,1543.517293792452,1.543517293792452
5407,臺北市大同區,星明里,大同區寧夏路35號,121.5155,25.0565,蓬萊國小,星明里、雙連里、光能里,104,"水災,震災",張沛森,02-25569835#500,是,否,否,True,大同,61,783.4333846640386,0.7834333846640387
5408,臺北市松山區,中華里,松山區敦化北路199巷18號,121.552,25.0565,民生國小,精忠里、中華里原收容人數235人，修為70人，已函文區公所,70,水災,陳嘉瑜,02-27122452#830,是,否,否,True,中山,45,2650.728642139674,2.650728642139674
5409,臺北市松山區,自強里,松山區延壽街168號,121.5629,25.0566,健康國小,自強里、富泰里、東光里,84,"水災,震災",江艾謙,02-25282814#131,是,否,否,True,松山,39,1745.6991712423394,1.7456991712423393
5410,新北市泰山區,同榮里,辭修路7號,121.4285,25.0573,泰山高中,同榮里、同興里、福興里、全興里,650,"水災,震災,土石流,海嘯,核子事故",詹淑美,02-29099551#1402,是,是,是,True,新莊,41,2178.581875292037,2.178581875292037
5411,臺北市南港區,,臺北市南港區惠民街67號,121.6104,25.0575,南港國小,南港里、新富里、中南里、三重里、中研里、九如里,50,"水災,震災",鄭孝存,02-27834678#2301,是,否,否,True,汐止,40,3217.309269477451,3.2173092694774508
5412,新北市泰山區,明志里,明志路二段426號,121.4299,25.0577,明志市民活動中心,明志里、新明里、泰友里,20,"水災,震災,海嘯",詹淑美,02-29099551#1402,是,否,否,True,新莊,41,2200.8663110119273,2.2008663110119273
5413,新北市三重區,菜寮里,三重區中寮街57巷18號,121.4928,25.0578,菜寮市民活動中心,菜寮里、永春里、中正里、吉利里、大同里、中民里、平和里、大安里、忠孝里、仁義里、光輝里、福利里、仁德里　,100,"水災,震災,土石流,海嘯",許明枝,02-29862345493,是,否,是,True,三重,55,1643.6942699043454,1.6436942699043455
5414,桃園市大園區,南港里,16鄰17號,121.168175,25.057905,潮音國小,南港里、北港里,180,,林浚傑組長,03-38602834#512,否,否,否,True,大園,42,3481.555097521585,3.481555097521585
5415,臺北市南港區,南港里,重陽路366號,121.6092,25.0587,育成高中,南港里、東新里、東明里、重陽里、新光里、西新里,375,"水災,震災",李健輝,26530475#551,是,否,是,True,松山,39,3233.377329165297,3.2333773291652967
5416,新北市三重區,光輝里,三重區正義南路62號,121.4988,25.0589,光興國民小學,同慶里、大同里、中民里、平和里、大安里、仁德里、忠孝里、仁義里、光榮里、光輝里、福星里、福利里、清和里、永興里、文化里、錦通里、光華里、大德里　　,600,"水災,震災,土石流,海嘯",許明枝,02-29862345#493,是,是,否,True,大同,61,1554.0673848674671,1.554067384867467
5417,臺北市松山區,精忠里,臺北市松山區民生東路4段97巷7號,121.5519,25.0589,民族國小,東昌里、松基里、中華里、美仁里、福成里,40,"水災,震災",蔡貞瀅,02-27124872#935,是,否,否,True,中山,45,2588.4316545446823,2.5884316545446824
5418,新北市汐止區,中興里,環河街1號,121.629106,25.058956,北峰國小,福德里、環河里、中興里、興福里、康福里、樟樹里、北峰里、北山里、橫科里、湖光里、厚德里、金龍里、忠山里、湖興里、湖蓮里,1067,"震災,土石流,海嘯",宋怡穎,02-26411111#120,是,是,是,True,汐止,40,1430.1822037256306,1.4301822037256307
5419,桃園市大園區,橫峰里,11鄰中正東路160號,121.202671,25.059085,大園國小學生活動中心,橫峰里、田心里,1200,"水災,震災,海嘯",陳俊吉主任,03-3862030#512,是,是,否,True,大園,42,213.0911593618458,0.2130911593618458
5421,新北市汐止區,東山里,汐平路二段76號,121.699553,25.059723,東山國小,東山里,118,"水災,震災,土石流,海嘯",涂志賢總務主任,26416170分機13,是,是,否,True,汐止,40,5970.627008427981,5.970627008427981
5422,臺北市松山區,新東里,松山區新東街30巷1號,121.5673,25.0598,民生國中,新東里、富錦里、三民里、富泰里,100,"水災,震災",王譽書,02-27653433#300,是,否,否,True,松山,39,1575.071798502401,1.575071798502401
5423,新北市三重區,過田里,三重區過圳街19號,121.4881,25.0601,過圳市民活動中心,光陽里、重明里、光田里、福祉里、過田里、錦田里、光明里、中山里　,50,"震災,土石流,海嘯",許明枝,02-29862345493,是,否,否,True,菜寮,37,1212.445267198085,1.212445267198085
5424,臺北市大同區,民權里,大同區錦西街51號,121.5167,25.0601,雙蓮國小,民權里、雙連里,300,"水災,震災",吳希哲,02-25570309#1031,是,否,否,True,大同,61,486.0515276845173,0.48605152768451726
5426,臺北市松山區,民有里,松山區復興北路361巷7號,121.5455,25.0605,中山國中,民有里、松基里,111,"水災,震災",蔡戊己,02-27126701#501,是,否,否,True,中山,45,1925.217002057415,1.9252170020574149
5427,臺北市內湖區,,內湖區新明路22號,121.5908,25.0609,潭美國小,石潭里、週美里,81,"水災,震災",吳秉儒,27917334#231,是,否,否,True,松山,39,1723.4497983171714,1.7234497983171713
5428,新北市雙溪區,牡丹里,中正路64號,121.8515,25.061,中正社區活動中心,牡丹里、三貂里。,76,"水災,震災,土石流",宋翔怡,02-24931111#124,是,否,否,True,基隆,44,11920.563854692511,11.920563854692512
5430,新北市汐止區,自強里,莊敬街33號,121.656653,25.061158,青山國中小,自強里、文化里、復興里、大同里,970,"水災,震災,土石流,海嘯",宋怡穎,02-2641111#120,是,是,是,True,汐止,40,1694.6777583717833,1.6946777583717834
5431,臺北市大同區,民權里,大同區承德路2段235號,121.5185,25.0613,成淵高中,民權里、雙連里,75,"水災,震災",歐建榮,02-25531969#150,是,否,否,True,大同,61,558.9342283218754,0.5589342283218753
5432,臺北市大同區,南芳里,大同區延平北路2段239號,121.5114,25.0614,太平國小,南芳里、延平里,50,"水災,震災",林世浩,02-25532229#830,是,否,否,True,大同,61,294.1745082637474,0.29417450826374736
5433,臺北市大同區,南芳里,臺北市大同區延平北路2段266號,121.5111,25.0617,永樂國小,南芳里、大有里,50,"水災,震災",林淑菁,02-25534882#132,是,否,否,True,大同,61,294.62969721314613,0.29462969721314614
5435,新北市泰山區,楓樹里,楓江路26巷26號,121.4345,25.062,楓樹福泰市民活動中心,楓樹里、福泰里、山腳里,201,"水災,震災,土石流,海嘯,核子事故",詹淑美,02-29099551#1402,是,否,是,True,新莊,41,2669.1052951798024,2.6691052951798024
5437,臺北市中山區,聚葉里,中山區林森北路511號,121.5258,25.062,新興國中,康樂里、中山里、聚盛里、聚葉里、恆安里、晴光里、新庄里、新喜里、新福里、新生里、中庄里、中原里,175,"水災,震災",陳國良,02-25714211#501,是,否,否,True,中山,45,83.62905670862305,0.08362905670862306
5438,臺北市中山區,民安里,中山北路二段44巷2號,121.5258,25.062,臺北市中山運動中心,集英里、聚葉里、聚盛里、圓山里,184,震災,紀孟祺,2570-2330轉6427,是,否,否,True,中山,45,83.62905670862305,0.08362905670862306
5439,桃園市龜山區,公西里,復興街250巷1-1號,121.36028,25.062299,公西社區活動中心,公西里,100,"水災,震災,土石流,海嘯",游春雨,03-3281662,是,否,是,True,林口,34,1815.687649775441,1.815687649775441
5440,新北市泰山區,山腳里,泰林路2段255號,121.4313,25.0623,泰山國小,山腳里、黎明里、福泰里、楓樹里,1283,"水災,震災,土石流,海嘯,核子事故",詹淑美,02-2909-9551#1402,是,是,否,True,新莊,41,2697.4135689512796,2.6974135689512795
5441,臺北市松山區,三民里,臺北市松山區民權東路4段200號,121.5623,25.0625,民權國小,莊敬里、富泰里、介壽里、東榮里、富錦里,80,震災,董欣樂,02-27652327#31,是,否,否,True,松山,39,2150.715953286498,2.150715953286498
5442,新北市三重區,五福里,自強路5段66號,121.4903,25.0626,碧華國民中學,溪美里、五常里、五福里、仁忠里、慈化里、慈祐里、五華里、富華里、五順里,969,"水災,震災,土石流,海嘯",許明枝,02-29862345#493,是,是,否,True,三重,55,1163.9278440752453,1.1639278440752452
5444,桃園市大園區,大園里,和平東路89號1樓,121.200297,25.062655,大園社區活動中心,大園里,140,"水災,震災,海嘯",許文芳,03-3861209,是,否,否,True,大園,42,289.0008492205524,0.2890008492205524
5445,新北市泰山區,黎明里,黎明路23號,121.421,25.0627,黎明市民活動中心,黎明里、大科里、山腳里,21,"水災,土石流,海嘯",詹淑美,02-29099551#1402,是,否,否,True,新莊,41,2974.652836399967,2.974652836399967
5446,新北市雙溪區,三貂里,政光路3號,121.8517,25.0627,牡丹國小,三貂里、牡丹里,320,"水災,震災,土石流",宋翔怡,02-24931111轉124,是,是,否,True,基隆,44,11817.902282783058,11.817902282783058
5447,新北市汐止區,秀山里,仁愛路90號,121.661377,25.062874,秀峰國小,秀山里、秀峰里、福安里、信望里、白雲里、自強里,1185,"水災,震災,土石流,海嘯",宋怡穎,02-26411111#120,是,是,是,True,汐止,40,2108.287981861044,2.108287981861044
5448,臺北市中山區,,臺北市中山區民權東路1段69號,121.5263,25.0629,中山國小,新福里、新喜里、新生里、中庄里、行政里、松江里,290,水災,謝慶順,02-25914085#36,是,否,否,True,中山,45,63.981481635234694,0.06398148163523469
5450,臺北市松山區,莊敬里,松山區民權東路5段1號,121.5643,25.0633,三民國小,東榮里、三民里,100,震災,陳培棕,02-27646080#231,是,否,否,True,松山,39,2062.8418519880765,2.0628418519880767
5451,新北市三重區,重陽里,三重區中正北路107號,121.4892,25.0634,明志國民中學,錦田里、三民里、中山里、大園里、國隆里、重陽里、民生里、重新里、正德里、正義里、幸福里　　,437,"水災,震災,土石流,海嘯",許明枝,02-29862345#493,是,是,否,True,菜寮,37,1028.4259681263798,1.0284259681263797
5452,臺北市大同區,隆和里,大同區重慶北路3段1號,121.5139,25.0635,民權國中,隆和里,30,"水災,震災",洪素真,02-25931951#130,是,否,否,True,大同,61,52.53565816043022,0.052535658160430224
5453,臺北市中山區,下埤里,中山區復興北路430巷1號,121.5431,25.0635,五常國中,行政里、行仁里、行孝里、下埤里,250,震災,黃文盛,02-25014320#102,是,否,否,True,中山,45,1676.7378817471454,1.6767378817471454
5454,新北市汐止區,秀峰里,汐止區新台五路一段268號,121.658894,25.063774,汐止區公所行政中心,禮門里、智慧里、秀峰里、新昌里、白雲里、自強里、文化里、福安里、秀山里,158,"水災,震災,土石流,海嘯",宋怡穎,02-26411111#120,是,否,是,True,汐止,40,1844.868174166231,1.844868174166231
5455,臺北市中山區,下埤里,中山區五常街16號,121.5422,25.0642,五常國小,行政里、行仁里、行孝里、下埤里,97,"水災,震災",龔詩為,02-25023416#831,是,否,否,True,中山,45,1594.2442965498203,1.5942442965498203
5456,臺北市大同區,隆和里,大同區重慶北路3段2號,121.5134,25.0643,大橋國小,隆和里、景星里,86,"水災,震災",楊博仁,02-25944413#145,是,否,是,True,大同,61,109.17483165166317,0.10917483165166317
5457,新北市三重區,正義里,三重區信義西街31號,121.4961,25.0644,正義國民小學,光榮里、福星里、清和里、大園里、國隆里、重新里、正德里、正義里、正安里、自強里、文化里、中央里、雙園里、錦通里、錦安里、長安里、光華里、長生里、開元里、大德里、長元里、長江里,929,"水災,震災,土石流,海嘯",許明枝,02-29862345#493,是,是,否,True,三重,55,938.4856245421656,0.9384856245421657
5458,臺北市中山區,行政里,松江路367號9樓,121.5335,25.0644,行政區民活動中心,大佳里、行政里、行仁里、行孝里,72,"水災,震災",黃崇一,02-25031369#520,是,否,否,True,中山,45,738.7863021062163,0.7387863021062163
5459,新北市三重區,二重里,三重區集美街212號,121.4787,25.0648,私立東海高中,二重里、光陽里、田心里、田安里,408,"水災,震災,土石流,海嘯",許明枝,02-29862345#493,是,是,否,True,菜寮,37,516.2049906526528,0.5162049906526528
5460,臺北市大同區,蓬萊里,大同區大龍街51號,121.5161,25.0648,大同國小,蓬萊里、斯文里、揚雅里,183,"水災,震災",魏子仁,02-25965407#351,是,否,是,True,大同,61,316.4521102462724,0.3164521102462724
5461,桃園市蘆竹區,長興里,長興路四段325之1號,121.267905,25.06484198,長興社區活動中心,長興里、山鼻里、內厝里,250,"水災,震災",趙文峰,03-3520000ext.176,是,否,是,True,大園,42,6610.85955853591,6.61085955853591
5463,新北市泰山區,黎明里,泰林路2段498號,121.426,25.0652,泰山國中,山腳里、黎明里、大科里,1388,"水災,震災,土石流,海嘯,核子事故",詹淑美,02-29099551#1402,是,是,是,True,新莊,41,3086.4013877082207,3.0864013877082206
5464,新北市三重區,二重里,三重區大有街10號,121.478,25.0652,二重國民小學,二重里、田心里、福田里、田中里、田安里、博愛里、永發里、大有里,4404,"水災,震災,土石流,海嘯",許明枝,02-29862345#493,是,是,否,True,菜寮,37,515.6140654444823,0.5156140654444823
5466,新北市三重區,福田里,三重區忠孝路三段89號,121.4805,25.0657,二重國民中學,大有里、二重里、田心里、福田里、田中里、田安里、培德里、博愛里、永發里,845,"水災,震災,土石流,海嘯",許明枝,02-29862345#493,是,是,否,True,菜寮,37,363.90942840578896,0.36390942840578894
5468,新北市新莊區,裕民里,裕民街123號,121.4616,25.0659,裕民國小,裕民里,1127,"水災,震災,土石流,海嘯",邱雋弘,02-29929891,是,是,否,True,菜寮,37,1988.947235397353,1.9889472353973532
5469,新北市汐止區,忠孝里,樟樹二路135號,121.639893,25.06594,樟樹國中,樟樹里、忠孝里、北峰里、北山里、福山里、宜興里、中興里、厚德里、金龍里、福德里、興福里、康福里、忠山里、環河里、東勢里、山光里,2481,"水災,震災,土石流,海嘯",宋怡穎,02-26411111#120,是,是,否,True,汐止,40,98.30409901626874,0.09830409901626874
5470,臺北市大同區,國慶里,大同區昌吉街97號,121.5124,25.066,延平國小,鄰江里、國慶里、國順里,88,"水災,震災",葉尚旻,02-25942439#230,是,否,是,True,大同,61,314.780201734607,0.31478020173460697
5471,新北市三重區,重陽里,三重區重陽路三段3號,121.489,25.0661,修德國民小學,三民里、大園里、國隆里、重陽里、民生里、重新里、正德里、正義里、幸福里、六福里,962,"水災,震災,土石流,海嘯",許明枝,02-29862345#493,是,是,否,True,菜寮,37,864.0124887318893,0.8640124887318893
5472,桃園市大園區,田心里,大觀路118號,121.193358,25.066173,大園區老人文康活動中心,大園里、橫峰里、田心里,700,"水災,震災,海嘯",曾麗琪,03-3865057#22,是,是,否,True,大園,42,1086.8641629964702,1.0868641629964702
5473,新北市三重區,六福里,三重區中正北路113號,121.4845,25.0663,重陽國民小學,三民里、民生里、六福里、田中里、幸福里、六合里,608,"水災,震災,土石流,海嘯",許明枝,02-29862345轉493,是,是,否,True,菜寮,37,457.0090523207485,0.45700905232074845
5474,新北市汐止區,秀峰里,忠孝東路201號,121.661912,25.066456,秀峰高中,義民里、信望里、橋東里、秀峰里、新昌里、福安里、秀山里,1190,"水災,震災,土石流,海嘯",宋怡穎,02-26411111#120,是,是,是,True,汐止,40,2129.1384606720117,2.129138460672012
5475,新北市汐止區,厚德里,樟樹一路141巷2號,121.641767,25.066498,樟樹國小,厚德里、山光里、樟樹里、湖光里、忠孝里、湖蓮里,1292,"水災,震災,土石流,海嘯",宋怡穎,02-26411111#120,是,是,否,True,汐止,40,100.69321911907439,0.10069321911907439
5476,新北市汐止區,智慧里,大同路二段313號,121.654876,25.066688,汐止國小,江北里、智慧里、大同里、禮門里、義民里、復興里、仁德里、忠孝里、山光里、拱北里,810,"震災,土石流,海嘯",宋怡穎,02-26411111#120,是,是,否,True,汐止,40,1419.9994480316127,1.4199994480316127
5477,臺北市內湖區,,內湖區康寧路3段220號,121.6111,25.0669,南湖高中,五分里、南湖里、葫洲里,300,"水災,震災",王駿騏,26308889#111,是,否,否,True,汐止,40,2998.3484051242353,2.9983484051242355
5478,新北市汐止區,禮門里,大同路二段394號,121.658337,25.066957,汐止國中,仁里里、義民里、信望里、禮門里、江北里、大同里、建成里、城中里,1384,"震災,土石流,海嘯",宋怡穎,02-26411111#120,是,是,否,True,汐止,40,1770.0968610892442,1.7700968610892442
5479,新北市林口區,林口里,仁愛路一段2號,121.397844,25.067902,師範大學林口校區體育館,林口里,4587,"水災,海嘯",吳忠信,77148301,是,是,否,True,林口,34,3449.9104199226404,3.4499104199226402
5480,新北市林口區,林口里,中正路100號3樓,121.3717,25.068,林口市民活動中心,林口里、東林里,63,"水災,震災,土石流,海嘯",黃德源,02-26033111#608,是,否,否,True,林口,34,1271.5355756444653,1.2715355756444653
5481,新北市林口區,麗園里,文化一路一段20號,121.3703,25.0681,崇林國中,麗園、東勢里、麗林里,1312,"水災,土石流,海嘯",林煌展,26095829#130,是,是,是,True,林口,34,1198.079517617852,1.198079517617852
5482,新北市三重區,雙園里,三重區雙園街1號,121.4975,25.0682,正義市民活動中心,雙園里、錦通里、錦安里、長安里、光華里、長生里、開元里、大德里、長元里、長江里、三安里、福安里、信安里、安慶里、正安里、自強里、文化里、中央里,100,"水災,震災,土石流,海嘯",許明枝,02-29862345493,是,否,否,True,三重,55,614.4948935014017,0.6144948935014017
5483,臺北市內湖區,,內湖區東湖路115號,121.6158,25.0685,東湖國小,東湖里、安湖里、五分里、樂康里,155,"水災,震災",鄧善明,26339984#125,是,否,否,True,汐止,40,2535.6438903174194,2.535643890317419
5484,新北市林口區,東勢里,忠孝路591號,121.3762,25.0686,麗園國小,東勢、麗園里,945,"水災,震災,土石流,海嘯",吳嘉麟,26091061#752,是,是,否,True,林口,34,1499.683409937262,1.499683409937262
5485,新北市林口區,麗林里,公園路46號,121.3679,25.0687,麗林國小,麗林里、仁愛里,1790,"水災,震災,土石流,海嘯",許修豪,26008457#111,是,是,是,True,林口,34,1057.2856994415517,1.0572856994415518
5486,新北市林口區,東勢里,麗園一街35號3樓,121.377252,25.068777,東勢市民活動中心,東勢里,247,"水災,震災,土石流,海嘯",黃德源,26033111#608,是,否,是,True,林口,34,1565.0078553269072,1.5650078553269073
5487,臺北市內湖區,,臺北市內湖區民權東路6段138號,121.5887,25.0688,新湖國小,湖興里、寶湖里、行善里、湖元里、週美里、石潭里,40,"水災,震災",李之法,27963721#120,是,否,是,True,松山,39,2317.908828303308,2.317908828303308
5488,新北市汐止區,北峰里,明峰街201號,121.627046,25.068806,金龍國小,金龍里、北峰里、北山里、忠山里、湖興里、湖蓮里、湖光里、中興里、福德里、興福里、康福里、環河里、八連里、長青里,600,"水災,震災,土石流,海嘯",宋怡穎,02-26411111#120,是,是,否,True,汐止,40,1417.4381237984003,1.4174381237984002
5489,新北市林口區,麗園里,忠孝路569巷17號,121.373756,25.068979,麗園市民活動中心,麗園里,75,"水災,震災,土石流,海嘯",黃德源,26033111#608,是,否,否,True,林口,34,1300.57395173407,1.30057395173407
5490,臺北市內湖區,,內湖區民權東路6段45號,121.5862,25.0691,三民國中,湖元里、湖興里、寶湖里,300,"水災,震災",涂詩珮,27944772#250,是,否,否,True,松山,39,2249.9552809665106,2.2499552809665104
5491,新北市汐止區,茄苳里,茄苳路225巷35號,121.672058,25.069255,茄苳里活動中心,茄苳里,53,"水災,震災,土石流,海嘯",宋怡穎,02-26411111#120,是,否,是,True,汐止,40,3170.251844398838,3.170251844398838
5492,臺北市大同區,至聖里,大同區大龍街187巷1號,121.5167,25.0693,蘭州國中,至聖里,30,"水災,震災",金惠琳,25918269#500,是,否,是,True,大同,61,740.950968660381,0.740950968660381
5493,臺北市內湖區,湖興里,民權東路6段99號8樓,121.586898,25.069324,內湖區行政大樓,湖興里、湖元里,170,,盧青華,935578581,否,否,否,True,松山,39,2297.9793381425734,2.2979793381425733
5494,新北市汐止區,茄苳里,茄苳路158號,121.669187,25.069578,崇德國小,崇德里、茄苳里、東山里,1275,"水災,震災,土石流,海嘯",宋怡穎,02-26411111#120,是,是,否,True,汐止,40,2886.7295801782457,2.8867295801782458
5495,新北市三重區,培德里,三重區中正北路163號,121.4801,25.0696,新北市立三重商工,福田里、六福里、培德里、永煇里、永發里,1586,"震災,土石流,海嘯",許明枝,02-29862345#493,是,是,否,True,菜寮,37,118.10531102848634,0.11810531102848634
5497,新北市五股區,興珍里,四維路2號,121.4677,25.0698,更寮國民小學,興珍里、更寮里,453,"水災,土石流,海嘯",黃駿逸,02-22916051#113,是,是,是,True,菜寮,37,1347.9021329180978,1.3479021329180978
5498,新北市三重區,福安里,三重區六張街66號,121.4938,25.0702,六張市民活動中心,雙園里、三安里、福安里、信安里、安慶里、尚德里、正安里、自強里,100,"水災,震災,土石流,海嘯",許明枝,02-29862345493,是,否,否,True,三重,55,267.05815515119633,0.26705815515119635
5499,新北市三重區,奕壽里,三重區三和路三段1號,121.4973,25.0704,三重國民小學,錦安里、長安里、長生里、長元里、長江里、長泰里、長福里、介壽里、萬壽里、錦江里、龍濱里、龍門里、秀江里、奕壽里、三安里、安慶里、順德里、承德里、瑞德里、崇德里、中央里、開元里、福安里,709,"水災,震災,土石流,海嘯",許明枝,02-29862345#493,是,是,否,True,三重,55,429.21776231384666,0.4292177623138467
5500,新北市三重區,奕壽里,三重區介壽路26號,121.4999,25.0705,光榮國民中學,長泰里、長福里、介壽里、萬壽里、錦江里、龍濱里、龍門里、秀江里、奕壽里、順德里、承德里、瑞德里、崇德里,1031,"水災,震災,土石流,海嘯",許明枝,02-29862345#493,是,是,否,True,三重,55,657.7559955235225,0.6577559955235225
5501,新北市汐止區,崇德里,茄苳路82號,121.666953,25.070551,崇德橋東市民活動中心,崇德里、橋東里、新昌里、仁德里、建成里,100,"水災,震災,土石流,海嘯",宋怡穎,02-24611111#120,是,否,是,True,汐止,40,2680.4322108008105,2.6804322108008103
5502,臺北市內湖區,,臺北市內湖區康寧路3段200號,121.6107,25.0706,南湖國小,東湖、南湖、五分、蘆洲、葫洲、安湖、大湖、內溝、安泰、樂康、明湖、康寧、金湖、秀湖里,50,"水災,震災",溫博安,26321296#51,是,否,是,True,汐止,40,3075.918026074146,3.075918026074146
5503,臺北市內湖區,,內湖區康寧路3段60號,121.6107,25.0706,明湖國中,南湖里、葫洲里、明湖里,251,"水災,震災",洪陸麒,26320616#510,是,否,否,True,汐止,40,3075.918026074146,3.075918026074146
5504,桃園市大園區,圳頭里,4鄰中華路298號,121.205022,25.070687,大園國中學生活動中心,圳頭里,1300,"水災,震災,海嘯",陳淞景組長,03-3862029#51,是,是,否,True,大園,42,1101.993057751244,1.1019930577512438
5505,新北市三重區,立德里,三重區自強路二段90號,121.4874,25.0707,和平市民活動中心,立德里、六合里、培德里,100,"水災,震災,土石流,海嘯",許明枝,02-29862345493,是,否,否,True,菜寮,37,671.4338490835992,0.6714338490835992
5506,新北市三重區,立德里,三重區中孝路一段70號,121.4874,25.0707,厚德國民小學,信安里、六合里、厚德里、維德里、尚德里、永德里、立德里、永煇里,505,"水災,震災,土石流,海嘯",許明枝,02-29862345#493,是,是,否,True,菜寮,37,671.4338490835992,0.6714338490835992
5507,新北市三重區,立德里,三重區自強路二段93號B1,121.4884,25.0707,老人文康活動中心禮堂,厚德里、維德里、尚德里、永德里、立德里　,100,"水災,震災,土石流,海嘯",許明枝,02-29862345493,是,否,否,True,三重,55,585.0185417809505,0.5850185417809505
5508,新北市三重區,奕壽里,三重區介壽路32號,121.5013,25.0709,光榮國民小學,長泰里、長福里、介壽里、萬壽里、錦江里、龍濱里、龍門里、秀江里、奕壽里、順德里、承德里、瑞德里、崇德里,195,"水災,震災,土石流,海嘯",許明枝,02-29862345#493,是,是,否,True,三重,55,779.4206197409155,0.7794206197409155
5509,臺北市內湖區,,內湖區康寧路3段105號,121.6106,25.0711,明湖國小,明湖里、安湖里、康寧里,137,"水災,震災",向芳誼,26323477#41,是,否,是,True,汐止,40,3095.027303781928,3.095027303781928
5510,嘉義縣六腳鄉,更寮村,更寮村19號,121.467216,25.071216,更寮國小-室內,更寮、古林、正義,20,水災,賴慶源總務主任,05-3796309,是,否,否,True,菜寮,37,1415.8559135724863,1.4158559135724864
5511,新北市汐止區,保新里,大同路三段469號,121.679316,25.071337,保長坑訓練中心,保新里、東山里、保長里、長安里、保安里,1075,"水災,震災,土石流,海嘯",宋怡穎,02-26411111#120,是,是,是,True,汐止,40,3925.653233772922,3.925653233772922
5512,新北市五股區,水碓里,明德路2號,121.4345,25.0714,德音國民小學,德音里、貿商里、德泰里、民義里、水碓里、福德里,146,"水災,土石流,海嘯",黃駿逸,02-22916051#113,是,是,是,True,新莊,41,3708.1552902728513,3.708155290272851
5513,桃園市蘆竹區,內厝里,南山路二段349巷67號,121.287518,25.071722,山鼻內厝聯合里民活動中心,長興里、山鼻里、內厝里,0,"水災,震災",趙文峰,03-3520000ext.176,是,否,是,True,林口,34,7896.381059958333,7.896381059958333
5514,新北市汐止區,保安里,大同路三段553號,121.680851,25.071773,保長國小,保安里、茄苳里、保長里、東山里、崇德里、保新里,470,"水災,震災,土石流,海嘯",宋怡穎,02-26411111#120,是,是,否,True,汐止,40,4085.9272202077877,4.085927220207788
5515,新北市林口區,仁愛里,文化一路1段137號,121.37391,25.071966,仁愛市民活動中心,仁愛里、南勢里,194,"水災,震災,土石流,海嘯",黃德源,26033111#608,是,否,是,True,林口,34,1080.1280683166578,1.0801280683166579
5516,臺北市內湖區,,內湖區康樂街131號,121.6195,25.0723,東湖國中,東湖里、內溝里、安泰里、樂康里,138,"水災,震災",唐廷俊,26330373#651,是,否,是,True,汐止,40,2252.2851564099733,2.2522851564099735
5517,桃園市大園區,北港里,9鄰海墘10-2號,121.164351,25.072941,大園區北港社區活動中心,北港里、南港里,400,水災,蔡?烈,910261517,是,是,否,True,大園,42,4070.8863449417486,4.070886344941749
5518,桃園市大園區,三石里,9鄰三和路5號,121.25823,25.073,三石社區活動中心,三石里,380,"水災,震災,海嘯",沈萬枝,03-3936256,是,是,否,True,大園,42,5775.807148912742,5.775807148912742
5519,臺北市內湖區,,內湖區金湖路363巷8號,121.6013,25.0731,麗湖國小,金湖里、葫洲里,315,"水災,震災",劉松育,26343888＃130,是,否,是,True,松山,39,3433.289047214091,3.433289047214091
5520,臺北市中山區,大佳里,中山區濱江街107號,121.5359,25.0733,大佳國小,大佳里、新庄里、行孝里、新喜里,30,"水災,震災",賴佩莉,02-25035816#110,是,否,是,True,中山,45,1536.9372927165145,1.5369372927165146
5521,臺北市大同區,保安里,大同區哈密街47號,121.5167,25.0734,大龍國小,重慶里、保安里,30,"水災,震災",鍾燕玲,02-25942635#838,是,否,否,True,大同,61,1165.0890247148595,1.1650890247148595
5522,新北市林口區,東勢里,仁愛路二段173號,121.381,25.0736,林口高中,西林里,3099,"水災,震災,土石流,海嘯",宋永豐,26009482#600,是,是,是,True,林口,34,1638.4633851997162,1.6384633851997161
5523,新北市三重區,永德里,三重區大智街260號,121.4887,25.0738,格致高級中學,厚德里、維德里、永德里、永煇里　,1000,"震災,土石流,海嘯",許明枝,02-29862345#493,是,是,是,True,三重,55,531.6793258619019,0.5316793258619019
5524,新北市林口區,南勢里,南勢二街154號,121.359019,25.073835,南勢市民活動中心,南勢里,106,"水災,震災,土石流,海嘯",黃德源,02-26033111#608,是,否,是,True,林口,34,798.6680072949785,0.7986680072949784
5525,新北市林口區,南勢里,南勢街215號,121.3588,25.075,南勢國小,南勢里,534,"水災,震災,土石流,海嘯",蕭麗娟,26091020#830,是,是,是,True,林口,34,751.7227197892632,0.7517227197892632
5526,臺北市大同區,重慶里,臺北市大同區承德路3段336號,121.5199,25.0755,明倫高中,重慶里、老師里,70,"水災,震災",徐榮濱,02-25961567#151,是,否,否,True,大同,61,1499.6946961287995,1.4996946961287996
5527,新北市五股區,德音里,成泰路一段175號,121.4349,25.0758,憲訓中心,德音里、貿商里、德泰里、水碓里,686,"水災,土石流,海嘯",黃駿逸,02-22916051#113,是,否,否,True,新莊,41,4197.020153491727,4.197020153491727
5528,桃園市大園區,後厝里,12鄰中華路595號,121.211571,25.075842,后厝社區活動中心,后厝里,100,水災,林振成,03-3838250,是,否,否,True,大園,42,1880.427686252256,1.880427686252256
5529,臺北市大同區,重慶里,大同區敦煌路19號,121.5179,25.0759,重慶國中,重慶里、保安里,0,"水災,震災",邱貿瑞,02-25948631#240,是,否,否,True,大同,61,1465.4613809689974,1.4654613809689974
5530,臺北市大同區,蓬萊里,大龍街51號,121.5179,25.0759,臺北市大同運動中心,蓬萊里、斯文里、揚雅里、隆和里、民權里、集英里,300,震災,鄭景中,0225702330-6424,是,否,否,True,大同,61,1465.4613809689974,1.4654613809689974
5531,新北市三重區,永盛里,三重區車路頭街133號,121.4846,25.0764,永盛市民活動中心,永盛里、永福里、永清里、永安里、永吉里、永順里、永豐里、福隆里、慈福里、慈生里、慈惠里、慈愛里、福樂里,100,"水災,震災,土石流,海嘯",許明枝,02-29862345493,是,否,否,True,菜寮,37,900.4577203573165,0.9004577203573165
5532,新北市三重區,永盛里,三重區三和路四段216號,121.4865,25.0766,三和國民中學,永盛里、永福里、永清里、永安里、溪美里、福隆里、慈福里、慈生里、慈惠里、慈愛里、永吉里、永順里、永豐里、福樂里、仁華里　,653,"水災,震災,土石流,海嘯",許明枝,02-29862345#493,是,是,否,True,三重,55,859.3382207054644,0.8593382207054644
5534,新北市蘆洲區,得仁里,中山一路415號6樓,121.469,25.0767,得仁市民活動中心,中路里、得勝里、九芎里、得仁里、民和里、永安里、延平里,52,土石流,沈明輝,22811484-119,是,否,是,True,菜寮,37,1486.3753299353275,1.4863753299353275
5535,新北市林口區,湖南里,民治路25號,121.3769,25.0769,林口國中活動中心,西林里、仁愛里,1736,"水災,震災,土石流,海嘯",陳建全,2601-1014#31,是,否,否,True,林口,34,1157.349178328424,1.157349178328424
5536,新北市三重區,永福里,三重區永福街66號,121.4806,25.077,永福國民小學,永盛里、永福里、永清里、永安里、福隆里、慈福里、慈生里、慈愛里、永吉里、永順里、永豐里、福樂里、仁華里　,706,"震災,土石流,海嘯",許明枝,02-29862345#493,是,是,否,True,菜寮,37,892.7120292467874,0.8927120292467874
5537,臺北市內湖區,,內湖區陽光街1號,121.5887,25.077,內湖國中,紫陽里、瑞光里、瑞陽里,233,"水災,震災",林慧靜,27900843#230,是,否,是,True,松山,39,3159.200436552991,3.159200436552991
5538,基隆市七堵區,長安里,長安街31號,121.6928,25.0771,長安里民活動中心,長安里,60,"水災,震災,土石流,海嘯",張聰龍,02-24511858,是,否,是,True,汐止,40,5381.294180610656,5.381294180610657
5539,臺北市中山區,金泰里,中山區樂群2路266巷99號,121.5617,25.0773,濱江國小,成功里、永安里、北安里、金泰里,114,"水災,震災",卓家意,02-85021571#1400,是,否,否,True,松山,39,3472.077660743734,3.472077660743734
5540,新北市林口區,麗林里,公園路59號3樓,121.394,25.0774,麗林市民活動中心,麗林里,236,"水災,震災,土石流,海嘯",黃德源,26033111#608,是,否,是,True,林口,34,2876.79831368447,2.87679831368447
5541,臺北市中山區,劍潭里,中山區明水路325號,121.5416,25.0778,北安國中,劍潭里、大直里、永安里、圓山里、成功里,30,"水災,震災",余賢桄,25333888-240,是,否,否,True,中山,45,2288.3701251595344,2.2883701251595343
5542,臺北市內湖區,,內湖區文德路218號,121.5865,25.0784,內湖高中,紫陽里、瑞光里、瑞陽里,110,"水災,震災",韓國瑾,27977035#309,是,否,否,True,松山,39,3244.9267857556565,3.2449267857556565
5543,臺北市內湖區,港墘里,洲子街12號,121.5865,25.0784,臺北市內湖運動中心,西康里、西安里、西湖里、港華里、港都里、港墘里、港富里,219,震災,林美如,02-25702330#6425,是,否,否,True,松山,39,3244.9267857556565,3.2449267857556565
5544,新北市林口區,湖南里,文化北路1段425號,121.365938,25.078446,新北特殊教育學校,南勢里、湖南里,1383,"水災,震災,土石流,海嘯",陳素惠,02-2600-6768#8001,否,否,是,True,林口,34,67.83002679747504,0.06783002679747505
5545,新北市蘆洲區,民和里,民生街129巷14號,121.4728,25.0785,民生市民活動中心,溪墘里、樹德里、得仁里、民和里,20,"水災,震災,土石流,海嘯",沈明輝,02-22811484-119,是,否,否,True,菜寮,37,1344.610408318109,1.344610408318109
5546,臺北市中山區,永安里,臺北市中山區明水路397巷19弄1號,121.5494,25.0787,永安國小,劍潭里、大直里、成功里、永安里、金泰里、北安里,60,"水災,震災",梁志恒,25335672#230,是,否,是,True,中山,45,2932.548083320855,2.932548083320855
5547,新北市汐止區,長安里,長興街一段50號,121.670529,25.079073,長安市民活動中心,長安里、橋東里、保安里、保長里、拱北里、鄉長里、仁德里、崇德里、建成里、城中里、保新里,89,"水災,震災,土石流,海嘯",宋怡穎,02-26411111#120,是,否,是,True,汐止,40,3318.1386089747375,3.3181386089747376
5548,臺北市內湖區,,內湖區內湖路2段41號,121.5802,25.0791,內湖國小,港富里、湖濱里,150,"水災,震災",黎季昊,27998085#311,是,否,是,True,松山,39,3227.316920568918,3.2273169205689176
5549,新北市汐止區,長安里,長興街一段80號,121.670789,25.079315,長安國小,長安里、橋東里、保安里、保長里、拱北里、鄉長里、烘內里、崇德里、建成里、城中里、保新里,807,"震災,土石流,海嘯",宋怡穎,02-26411111#120,是,是,否,True,汐止,40,3353.3463674360146,3.3533463674360147
5550,新北市五股區,更寮里,更洲路47號,121.4573,25.0794,更新市民活動中心,興珍里、更寮里、集福里,65,"水災,震災,土石流,海嘯",黃駿逸,02-22916051#113,是,否,是,True,菜寮,37,2658.902458193406,2.6589024581934058
5551,臺北市中山區,劍潭里,中山區北安路420號,121.5428,25.0794,大直高中,劍潭里、大直里、成功里、永安里、金泰里、北安里,300,"水災,震災",楊雯仙,02-25334017#141,是,否,否,True,中山,45,2501.399685160536,2.501399685160536
5552,新北市林口區,東林里,粉寮路一段75巷80號,121.395779,25.07957,醒吾高中,東林里,1243,"水災,震災,土石流",吳昭瑾,26012644#1902,是,是,否,True,林口,34,3060.504058153898,3.060504058153898
5553,新北市蘆洲區,溪墘里,信義路65號,121.476051,25.079572,溪墘湧蓮市民活動中心,溪墘里、樹德里、得仁里、民和里,50,"水災,震災,土石流,海嘯",沈明輝,02-22811484-119,是,否,是,True,菜寮,37,1279.2116500721786,1.2792116500721786
5554,新北市林口區,菁湖里,竹林路325號,121.3958,25.0796,竹林山觀音寺活動中心,菁湖里、中湖、東林、湖北,500,"水災,震災,土石流,海嘯",李子昌,26011412#18,是,是,是,True,林口,34,3062.8103909390666,3.0628103909390667
5555,臺北市中山區,金泰里,中山區樂群二路262號,121.5607,25.0796,濱江國中,成功里、永安里、北安里、金泰里,86,"水災,震災",黃秀森,02-8502-0126,是,否,否,True,松山,39,3743.7172853713755,3.7437172853713756
5556,臺北市內湖區,港墘里,內湖路1段520號,121.5754,25.0797,內湖高工,港墘里、港都里、麗山里,245,"水災,震災",韓東賢,26574874#121,是,否,否,True,松山,39,3305.7045989048047,3.305704598904805
5557,臺北市士林區,,士林區通河街16號,121.5229,25.0799,劍潭國小,明勝里、福華里,30,"水災,震災",李孟柔,02-28855491#830,是,否,否,True,中山,45,1976.9148621634702,1.9769148621634702
5558,臺北市內湖區,,內湖區星雲街121號,121.5949,25.08,康寧國小,清白里、紫雲里、紫星里,247,"水災,震災",黃聰欽,27917755,是,否,否,True,松山,39,3707.1993698432984,3.7071993698432983
5559,新北市林口區,中湖里,中山路268號,121.3842,25.0803,佳林國中,湖南里、中湖里、菁湖里,747,"水災,震災,土石流,海嘯",馮維寧,26028555#600,是,是,是,True,林口,34,1904.6989997892927,1.9046989997892927
5560,新北市蘆洲區,溪墘里,中山一路1號,121.48,25.0803,徐匯中學,恆德里、溪墘里、樹德里,784,"水災,震災,土石流,海嘯",沈明輝,02-22811484-119,是,是,否,True,菜寮,37,1261.4657712833541,1.2614657712833541
5561,臺北市中山區,大直里,中山區大直街2號,121.5464,25.0805,大直國小,劍潭里、大直里、成功里、永安里,104,"水災,震災",林秀勤,02-85098286,是,否,否,True,中山,45,2838.3221485807962,2.8383221485807963
5563,新北市蘆洲區,忠義里,長安街96號4樓,121.4619,25.0807,長安市民活動中心,中路里、永康里、忠義里、九芎里、光明里、長安里、永安里、延平里、成功里、永德里,123,"水災,震災,土石流,海嘯",沈明輝,02-22811484-119,是,否,否,True,菜寮,37,2327.55322553072,2.32755322553072
5564,新北市林口區,菁湖里,林口路76號,121.3899,25.0808,林口國小,菁湖里、中湖里,1009,"水災,震災,土石流,海嘯",張憲庭,26011010#831,是,是,是,True,林口,34,2482.0219570815666,2.4820219570815665
5565,基隆市七堵區,實踐里,百一街52-1號,121.7004,25.081,實踐里民活動中心,實踐里,60,"水災,震災,土石流,海嘯",吳麗如,02-24518581,是,否,是,True,汐止,40,6230.1195957122,6.2301195957122
5566,新北市蘆洲區,恆德里,永安北路二段42之6號,121.481944,25.081635,永安兒童公園市民活動中心,恆德里、玉清里、仁義里,87,"水災,震災,土石流,海嘯",沈明輝,02-22811484-119,是,否,是,True,菜寮,37,1408.1041077892407,1.4081041077892407
5567,臺北市內湖區,,內湖區內湖路1段629巷42號,121.5752,25.0817,麗山國中,港華里、港都里、麗山里,82,"水災,震災",徐秀婕,27991867#401,是,否,否,True,松山,39,3528.1510277339676,3.5281510277339674
5568,新北市蘆洲區,中路里,光華路107巷11號,121.4675,25.0821,中路市民活動中心,中路里、光華里、忠義里、九芎里、中華里、光明里、長安里、永安里、延平里,27,"水災,震災,土石流,海嘯",沈明輝,02-22811484-119,是,否,否,True,菜寮,37,1996.0122312648277,1.9960122312648276
5569,新北市林口區,湖南里,民權路101號,121.3729,25.0827,頭湖國小,湖南里、頂福里,819,"水災,震災,土石流,海嘯",謝素君,26080766#830,是,是,否,True,林口,34,911.5934608725196,0.9115934608725196
5570,基隆市七堵區,堵南里,堵南街20之8號,121.6877,25.0827,堵南里民活動中心,堵南里,40,"水災,震災,土石流,海嘯",余佩儒,02-24511868,是,否,是,True,汐止,40,5069.687473888855,5.069687473888854
5573,基隆市七堵區,堵南里,大德路120號,121.6922,25.0832,堵南國小活動中心,堵南里,120,"水災,震災,土石流,海嘯",總務主任葉博仁,02-24511339,是,否,是,True,汐止,40,5514.333115072905,5.514333115072905
5574,新北市五股區,五股里,成泰路二段49巷15號,121.4357,25.0833,五股國民中學,五股里、五福里、貿商里、德泰里、水碓里,230,"水災,海嘯",黃駿逸,02-22916051#113,是,是,否,True,菜寮,37,4841.086346932484,4.841086346932484
5575,基隆市暖暖區,暖東里,東勢街54號,121.7481,25.0833,暖東里民活動中心,暖東里,40,"水災,震災,土石流,海嘯",林淑娟,02-24572981,是,否,是,True,基隆,44,5221.891612695602,5.221891612695602
5576,新北市五股區,五股里,成泰路2段49號,121.4377,25.0834,五股國民小學,五龍里、五股里、五福里、陸一里、民義里、福德里,2532,"水災,土石流,海嘯",黃駿逸,02-22916051#113,是,是,是,True,菜寮,37,4654.778586174541,4.65477858617454
5577,基隆市七堵區,堵北里,福一街136號二樓,121.6953,25.0834,堵北里民活動中心,堵北里,86,"水災,震災,土石流,海嘯",李英翠代理里長,915653312,是,否,是,True,汐止,40,5816.5425853755705,5.81654258537557
5579,臺北市內湖區,,臺北市內湖區港華街100號,121.5725,25.0836,麗山國小,紫陽里、紫星里、瑞光里、瑞陽里、紫雲里、清白里,193,"水災,震災,土石流",陳弘偉,26574158#511,是,否,是,True,松山,39,3772.505984110874,3.7725059841108743
5580,臺北市士林區,,士林區環河北路3段95號,121.507,25.0837,葫蘆國小,社新里富洲里、社子里、福順里、富光里、葫蘆里、葫東里、社園里,35,"水災,震災",許興國,02-28129586#831,是,否,否,True,三重,55,1811.1479095771872,1.8111479095771872
5581,基隆市七堵區,百福里,福五街1號,121.6987,25.0837,百福國中活動中心,百福里,191,"水災,震災,土石流,海嘯",總務主任陳靜婷,02-24511158,是,否,是,True,汐止,40,6152.10103668567,6.15210103668567
5582,臺北市內湖區,,內湖區環山路1段25號,121.5657,25.0838,西湖國小,西湖里、西安里原為96人，回傳資料為76人？？,76,"水災,震災",葉蓁燕,27971267#151,是,否,否,True,松山,39,3964.0618514753814,3.9640618514753814
5583,新北市蘆洲區,保和里,中正路100號,121.47,25.0841,蘆洲國小,中原里、光華里、保和里、仁復里、得勝里、中華里,2139,"水災,震災,土石流,海嘯",沈明輝,02-22811484-119,是,是,是,True,菜寮,37,2013.3836403161408,2.0133836403161407
5584,臺北市內湖區,,臺北市內湖區環山路2段100號,121.5779,25.0841,麗山高中,全區,60,"水災,震災",林永發,26570435#400,是,否,是,True,松山,39,3777.851537131779,3.777851537131779
5585,新北市林口區,湖南里,民權路165號,121.3742,25.0844,湖南市民活動中心,湖南里、湖北里,86,"水災,震災,土石流,海嘯",黃德源,26033111#608,是,是,是,True,林口,34,1129.6886221344305,1.1296886221344304
5587,新北市三重區,富福里,五華街160號,121.490369,25.085115,碧華國民小學,無,0,,許明枝,02-29862345#493,否,否,否,True,三重,55,1427.7610932986297,1.4277610932986298
5588,新北市蘆洲區,鷺江里,民族路7號,121.4769,25.0853,鷺江國小,樓厝里、鷺江里、仁復里、信義里、仁德里、仁義里、福安里,1002,"水災,震災,土石流,海嘯",沈明輝,02-22811484-119,是,是,否,True,菜寮,37,1858.2875686013595,1.8582875686013594
5589,臺北市內湖區,,臺北市內湖區金龍路100號,121.5911,25.0853,碧湖國小,金龍里、金瑞里、碧山里、內湖里、湖濱里,134,"水災,震災,土石流",陳詩添,27907161#151,是,否,否,True,松山,39,4108.096082829528,4.108096082829528
5590,新北市蘆洲區,成功里,長安街311號,121.4575,25.0857,成功國小,永樂里、永康里、忠義里、長安里、成功里、永德里,495,"水災,震災,土石流,海嘯",沈明輝,02-22811484-119,是,是,否,True,菜寮,37,3012.5941760612377,3.0125941760612376
5591,新北市蘆洲區,樓厝里,集賢路221巷11號,121.4837,25.0857,重陽市民活動中心,樓厝里、信義里、玉清里、復興里,58,"水災,震災,土石流,海嘯",沈明輝,22811484-119,是,否,是,True,三重,55,1772.373960904591,1.772373960904591
5592,臺北市內湖區,,內湖區文湖街15號,121.5601,25.0858,文湖國小,西康里、西安里,30,"水災,震災",盧俊吉,26583515#1071,是,否,是,True,中山,45,4267.475955712848,4.2674759557128485
5593,臺北市內湖區,,內湖區環山路1段27號,121.5657,25.0858,西湖國中,西湖里、西安里,106,"水災,震災",藍瑋煥,27991817#310,是,否,是,True,松山,39,4173.926771499614,4.173926771499614
5594,臺北市士林區,,士林區福港街205號,121.5178,25.0862,百齡國小,福中里、前港里、百?里,137,"水災,震災",王正通,02-28817683#850,是,否,否,True,士林,43,1902.006014931865,1.902006014931865
5595,基隆市七堵區,泰安里,泰和街57號,121.7114,25.0864,泰安里民活動中心,泰安里,42,"水災,震災,土石流,海嘯",詹仁豪,02-24522539,是,否,是,True,基隆,44,6820.905127703693,6.820905127703694
5596,新北市三重區,富貴里,三重區集賢路89號,121.4931,25.0865,五華國民小學,富貴里、富福里、碧華里　,327,"水災,震災,土石流,海嘯",許明枝,02-29862345#493,是,是,否,True,三重,55,1540.0819292130193,1.5400819292130192
5597,新北市蘆洲區,保和里,三民路96號,121.4723,25.0866,三民高中,保佑里、水湳里、鷺江里、保和里、信義里、水河里、仁愛里、忠孝里、福安里,5011,"水災,震災,土石流,海嘯",沈明輝,02-22811484-119,是,是,否,True,菜寮,37,2144.142315131564,2.144142315131564
5598,臺北市士林區,,士林區承德路4段177號,121.523,25.087,百齡高中,義信里、仁勇里、承德里,300,"水災,震災",邱彩君,28831568#307,是,否,否,True,士林,43,1919.4668527652805,1.9194668527652805
5599,新北市蘆洲區,中原里,中正路265號,121.4664,25.0871,蘆洲國中,中原里、保佑里、光明里、永德里,2520,土石流,沈明輝,02-22811484-119,是,是,否,True,菜寮,37,2493.8511016389416,2.4938511016389415
5600,新北市三重區,富貴里,三重區重新路五段656號,121.4899,25.0874,新北市立新北高中,五常里、五福里、仁忠里、慈化里、慈祐里、五華里、富貴里、富福里、碧華里、五順里、富華里　,4475,"水災,震災,土石流,海嘯",許明枝,02-29862345#493,是,是,否,True,三重,55,1684.8464676893013,1.6848464676893014
5601,桃園市蘆竹區,山腳里,海山路319號,121.278634,25.088009,山腳國中,山腳里、外社里、坑子里,500,"水災,震災",趙文峰,03-3520000ext.176,是,是,是,True,大園,42,8240.924547760505,8.240924547760505
5602,臺北市內湖區,,內湖區大湖山莊街170號,121.6003,25.0881,大湖國小,秀湖里、大湖里,175,"水災,震災",余文玲,27915870#51,是,否,是,True,汐止,40,4750.203151015134,4.750203151015134
5603,基隆市七堵區,百福里,實踐路263號,121.695,25.0881,百福里民活動中心,百福里,40,"水災,震災,土石流,海嘯",何孟翰,02-24519577,是,否,是,True,汐止,40,5979.080497497872,5.979080497497872
5604,新北市瑞芳區,猴硐里,瑞芳區九芎橋路69-1號,121.8296,25.0889,猴硐國小,弓橋里 猴峒里 光復里 碩仁李,101,"水災,震災,土石流,海嘯",賴佩珊,24960450-102,是,是,否,True,基隆,44,8312.257744541903,8.312257744541903
5605,新北市蘆洲區,正義里,光榮路99號,121.4639,25.0893,忠義國小,正義里、中原里、南港里、保新里,1106,"震災,土石流,海嘯",沈明輝,02-22811484-119,是,是,否,True,菜寮,37,2840.1324431450926,2.8401324431450927
5606,新北市汐止區,拱北里,汐萬路二段279號,121.645595,25.089404,北港國小,拱北里、烘內里、鄉長里、八連里、湖興里、江北里,1307,"水災,震災,土石流,海嘯",宋怡穎,02-26411111#120,是,是,否,True,汐止,40,2610.8593627122327,2.6108593627122327
5608,臺北市士林區,福德里,士商路1號,121.5029,25.0898,臺北市士林運動中心,福德里、仁勇里、義信里、福林里、福志里、舊佳里、福佳港、後港里、福中里、前港里、百齡里、承德里、福華里、明勝里,171,震災,田佳泓,2570-2330轉6428,是,否,否,True,士林,43,2043.6734634065272,2.043673463406527
5609,臺北市士林區,,臺北市士林區延平北路6段308號,121.5029,25.0898,社子國小,富洲里、社新里、社園里、社子里、永倫里、福安里、福順里、富光里、葫蘆里、葫東里,192,"水災,震災",羅泰興,28126195#830,是,否,否,True,士林,43,2043.6734634065272,2.043673463406527
5610,新北市蘆洲區,正義里,長樂路235號,121.4618,25.0903,鷺江國中,正義里、南港里、永樂里、保新里,659,"水災,震災,土石流,海嘯",沈明輝,02-22811484-119,是,是,是,True,菜寮,37,3058.575741715193,3.058575741715193
5611,新北市五股區,成泰里,御史路1巷59號,121.440224,25.090383,公民會館,觀音里、五龍里、陸一里、民義里、成泰里、福德里,182,"水災,震災,土石流,海嘯",黃駿逸,02-22916051#113,是,否,是,True,菜寮,37,4751.762351320597,4.751762351320597
5612,新北市蘆洲區,永樂里,永平街1號4樓,121.4592,25.0904,永平市民活動中心,正義里、南港里、永樂里、永康里、成功里,151,"水災,震災,土石流,海嘯",沈明輝,02-22811484-119,是,否,否,True,菜寮,37,3239.3928253893064,3.2393928253893063
5613,基隆市七堵區,六堵里,工建路104巷17-1號-2號,121.7015,25.0908,六堵里民活動中心,六堵里,48,"水災,震災,土石流,海嘯",廖國勳,02-24514632,是,否,是,True,汐止,40,6699.704269066135,6.699704269066134
5614,新北市蘆洲區,水湳里,民族路488號,121.471,25.0915,仁愛國小,水湳里、復興里、水河里、仁愛里、保新里、忠孝里,584,土石流,沈明輝,02-22811484-119,是,是,否,True,菜寮,37,2694.8501527763037,2.694850152776304
5615,臺北市士林區,,士林區中正路510號,121.5172,25.0918,陽明高中,後港里,110,"水災,震災",陳佑昌,02-28316675#140,是,否,否,True,士林,43,1279.3989243202716,1.2793989243202717
5616,基隆市七堵區,友一里,華新一路59-1號,121.6688,25.0921,友一里民活動中心,友一里,40,"水災,震災,土石流,海嘯",蕭雪,02-24517883,是,否,是,True,汐止,40,4022.222235330702,4.022222235330702
5617,新北市蘆洲區,水湳里,民族路426巷17號,121.4731,25.0927,水湳市民活動中心,水湳里、復興里、水河里、忠孝里,34,"水災,震災,土石流,海嘯",沈明輝,02-22811484-119,是,否,是,True,菜寮,37,2749.5757877520014,2.7495757877520015
5618,臺北市士林區,福德里,臺北市士林區大東路165號,121.5251,25.0928,士林國小,仁勇里、義信里、福林里、福德里、福志里、舊佳里、福佳港、後港里、福中里、前港里、百齡里、承德里、福華里、明勝里,225,"水災,震災",何志宏,02-28812231#231,是,否,否,True,士林,43,1444.6810312392304,1.4446810312392304
5619,臺北市士林區,,士林區中正路345號,121.5226,25.0943,士林國中,福德里,39,"水災,震災",姚興南,02-88613411#500,是,否,否,True,士林,43,1166.702728242301,1.166702728242301
5620,新北市五股區,成功里,西雲路163號,121.4461,25.0944,成功市民活動中心,成州里、成功里、成德里、六福里、成泰里,100,"水災,震災,土石流,海嘯",黃駿逸,02-22916051分#113,是,否,是,True,菜寮,37,4512.320040947707,4.5123200409477064
5622,基隆市七堵區,長興里,東新街22號,121.7173,25.0949,基隆高級商工職業學校,長興里,146,"水災,震災,土石流,海嘯",陳明印,02-24566171,是,否,是,True,基隆,44,5744.806236842368,5.744806236842368
5624,基隆市七堵區,長興里,東新街25號,121.718,25.095,長興里民活動中心,長興里,52,"水災,震災,土石流,海嘯",姚琴富,02-24563563,是,否,是,True,基隆,44,5684.622833271673,5.684622833271673
5626,基隆市暖暖區,暖西里,東勢街26巷69號,121.738,25.0951,暖西里民活動中心,暖西里,96,"水災,震災,土石流,海嘯",周明信,02-24581888,是,否,是,True,基隆,44,4380.484108706634,4.380484108706634
5627,基隆市暖暖區,碇祥里,碇內街100號,121.7538,25.0955,碇祥里民活動中心,碇祥里,85,"水災,震災,土石流,海嘯",林義忠,02-24574591,是,否,是,True,基隆,44,3782.3397847170822,3.7823397847170823
5628,基隆市暖暖區,碇內里,暖碇路15巷136號,121.7538,25.0958,碇內里民活動中心,碇內里,32,"水災,震災,土石流,海嘯",林錦隆,02-24576802,是,否,是,True,基隆,44,3749.5780214095903,3.74957802140959
5629,基隆市暖暖區,碇內里,源遠路152巷75號,121.7495,25.0961,碇內國中,碇內里 碇何里 碇安里 碇祥里,229,"水災,震災,土石流,海嘯",葉士如,02-24586105#31,是,否,是,True,基隆,44,3814.459910901928,3.8144599109019284
5630,基隆市暖暖區,暖暖里,暖暖街281巷58號,121.7354,25.0971,暖暖里民活動中心,暖暖里,60,"水災,震災,土石流,海嘯",陳建興,02-24574808,是,否,是,True,基隆,44,4336.005732977221,4.33600573297722
5631,基隆市七堵區,永平里,明德一路184號2-4樓,121.7136,25.0978,七堵國小活動中心,富民里永平里永安里,150,"水災,震災,土石流,海嘯",總務主任黃青峰,02-24567116,是,否,是,True,基隆,44,5833.035731298732,5.8330357312987315
5632,新北市五股區,成州里,西雲路267號,121.4494,25.0981,成州市民活動中心,集福里、成州里、成功里、成德里、六福里、集賢里、成泰里,75,"水災,震災,土石流,海嘯",黃駿逸,02-22916051#113,是,否,是,True,菜寮,37,4539.201827714836,4.5392018277148365
5633,基隆市七堵區,正光里,光明路21號6樓,121.7166,25.0983,七堵行政大樓6樓,正光里.正明里,200,"水災,震災,土石流,海嘯",謝振和,02-24566171101,是,否,是,True,基隆,44,5558.669584329082,5.558669584329082
5634,臺北市士林區,福志里,士林區福志路75號,121.5297,25.0987,福林國小,福志里、舊佳里,142,"水災,震災",劉順海,02-28316293#204,是,否,否,True,士林,43,1411.7467278485321,1.411746727848532
5635,基隆市七堵區,永平里,崇智街13-1號,121.7134,25.0995,永平里民活動中心,永平里永安里,90,"水災,震災,土石流,海嘯",林東漢,02-24566659,是,否,是,True,基隆,44,5739.362972052534,5.739362972052534
5636,臺北市士林區,,士林區文林路615巷20號,121.5209,25.0996,文昌國小,德華里,75,"水災,震災",陳佩雯,02-28365411#130,是,否,否,True,士林,43,595.1446359340026,0.5951446359340026
5638,新北市五股區,成功里,成泰路3段493號,121.4505,25.0998,成州國民小學,集福里、觀音里、成州里、成功里、五龍里、陸一里、成德里、六福里、集賢里,398,"水災,震災,土石流,海嘯",黃駿逸,02-22916051#113,是,是,是,True,菜寮,37,4599.994889181346,4.599994889181345
5639,基隆市暖暖區,碇安里,源遠路277巷23號,121.7555,25.0998,碇安里民活動中心,碇安里,64,"水災,震災,土石流,海嘯",余冠龍,02-24577135,是,否,是,True,基隆,44,3285.317748364803,3.2853177483648026
5640,桃園市大園區,沙崙里,12鄰41-3號,121.222571,25.101094,沙崙社區活動中心,沙崙里,250,水災,林金和,03-3836396,是,是,否,True,大園,42,4879.730903426897,4.879730903426897
5642,新北市林口區,湖北里,林口區湖北里後湖17之6號,121.3847,25.1013,湖北市民活動中心,湖北里、太平里、嘉寶里、頂福里,73,"水災,震災,土石流,海嘯",黃德源,02-26033111#608,是,是,否,True,林口,34,3228.213228197555,3.228213228197555
5643,基隆市暖暖區,暖同里,暖暖街16巷41號,121.7373,25.1015,暖同里民活動中心,暖同里,64,"水災,震災,土石流,海嘯",李傳河,02-24573552,是,否,是,True,基隆,44,3828.771145899312,3.8287711458993123
5644,基隆市七堵區,自強里,自強路1號,121.7122,25.1022,自強里民活動中心,自強里,44,"水災,震災,土石流,海嘯",張仁化,02-24569686,是,否,是,True,基隆,44,5676.010038489009,5.676010038489009
5645,桃園市蘆竹區,海湖里,海湖東路191巷15號,121.26754,25.10233,海湖國小,海湖里、坑口里,450,"水災,震災",趙文峰,03-3520000ext.176,是,是,是,True,大園,42,7998.645894790717,7.998645894790717
5646,臺北市士林區,,士林區至誠路1段62巷70號,121.5352,25.1027,雨聲國小,岩山里,46,"水災,震災",徐慧娟,28311004轉231,是,否,否,True,士林,43,1870.9136347527904,1.8709136347527904
5647,臺北市士林區,,士林區延平北路7段250號,121.4874,25.1033,福安國中,福安里,30,"水災,震災",胡智為,02-28108766#140,是,否,否,True,士林,43,2951.485413889612,2.9514854138896123
5648,臺北市士林區,臨溪里,臺北市士林區至善路2段360號,121.5555,25.1035,至善國中,臨溪里、翠山里、平等里,170,"水災,震災",林威鎮,02-2841#1350#40,是,否,否,True,士林,43,3917.0437883336235,3.9170437883336233
5649,桃園市大園區,竹圍里,2鄰竹圍街3號,121.244253,25.103671,竹圍國小,竹圍里、海口里,700,"水災,震災",呂昌澤組長,03-3835079#520,是,是,否,True,大園,42,6329.417666121452,6.3294176661214525
5650,新北市瑞芳區,吉慶里,瑞芳區大埔路95號,121.7628,25.1037,吉慶國小,吉安里 吉慶里 上天里,403,"水災,震災,土石流,海嘯",張賢順,24576405-614,是,是,否,True,基隆,44,2834.561846467298,2.834561846467298
5651,臺北市北投區,,北投區文林北路77號,121.5165,25.1045,中正高中,建民里,109,"水災,震災",杜慶進,02-28234811#500,是,否,否,True,士林,43,129.54113604406265,0.12954113604406264
5652,桃園市大園區,竹圍里,8鄰竹圍街90-6號,121.241682,25.104511,竹圍社區活動中心,竹圍里,160,水災,徐德耀,952343988,是,否,否,True,大園,42,6231.607781609141,6.231607781609141
5653,基隆市暖暖區,過港里,過港路54號,121.7383,25.1049,過港里民活動中心,過港里,60,"水災,震災,土石流,海嘯",陳清池,02-24581566,是,否,否,True,基隆,44,3469.8680901654375,3.4698680901654373
5655,臺北市士林區,,士林區忠義街1號,121.5299,25.1053,雨農國小,名山里、聖山里、忠誠里,124,"水災,震災",鄭銘毅,2832-9700#101,是,否,否,True,士林,43,1352.5392002166982,1.3525392002166983
5656,新北市瑞芳區,爪?里,三爪子坑路279-2號,121.8135,25.1056,爪峰里活動中心,新峰里 爪峰里,162,"水災,震災,土石流,海嘯",黃茂峻,24977059,否,否,否,True,基隆,44,5988.847621332569,5.988847621332569
5657,臺北市士林區,,臺北市士林區延平北路8段135號,121.4824,25.1058,富安國小,富洲里,50,"水災,震災",張凱惠,02-28103192#631,是,否,否,True,士林,43,3466.464866460186,3.466464866460186
5658,臺北市北投區,,北投區文林北路155號,121.5147,25.1059,文林國小,文林里、建民里,300,"水災,震災",范揚紹,02-28234212#400,是,否,否,True,士林,43,345.8704966722061,0.3458704966722061
5659,臺北市士林區,,士林區中社路2段66號,121.5638,25.1061,雙溪國小,翠山里,30,"水災,震災",陳淑惠,02-28411038#25,是,否,否,True,士林,43,4763.905130146392,4.763905130146393
5660,新北市瑞芳區,傑魚里,傑魚坑路245巷2-1號2樓,121.788,25.1065,傑魚市民活動中心,傑魚里,231,"水災,震災,土石流",潘天賜,24975222,否,否,否,True,基隆,44,3774.4678326484423,3.774467832648442
5661,新北市瑞芳區,福住里,佛堂巷7號,121.841768,25.106736,福住市民活動中心,福住里,53,"水災,土石流",劉建男,24972250-1104,是,否,否,True,基隆,44,8607.229481583143,8.607229481583143
5662,新北市瑞芳區,新山里,金光路241號之1,121.8515,25.107,新山里活動中心,新山里,41,土石流,李仁林,24961399,否,否,否,True,基隆,44,9543.567821054003,9.543567821054003
5663,新北市瑞芳區,永慶里,瑞芳區崙頂路145號,121.8434,25.1071,九份國小,基山里 崇文里 永慶里 福助里 頌德里,172,"水災,震災,土石流,海嘯",盧瑩甄,24972263-22,是,是,否,True,基隆,44,8753.585098092197,8.753585098092197
5664,基隆市七堵區,友二里,華新二路21號,121.6655,25.1073,復興國小,友二里,35,"水災,震災,土石流,海嘯",楊啟珊,02-24515601轉30,是,否,是,True,汐止,40,5185.455044611796,5.185455044611796
5665,臺北市北投區,,北投區明德路50號,121.5183,25.1075,明德國中,石牌里,88,"水災,震災",林麗枝,28232539-601,是,否,否,True,士林,43,489.4545971112592,0.4894545971112592
5666,新北市瑞芳區,新峰里,瑞芳區三爪子坑路1號,121.8145,25.1075,瑞芳國中,新峰里 爪峰里,1826,"水災,震災,土石流,海嘯",吳紹洪,24972145-230,是,是,否,True,基隆,44,5992.37797262846,5.99237797262846
5667,新北市瑞芳區,龍興里,明燈路3段2號,121.809092,25.107577,瑞龍市民活動中心,瑞芳區,580,"水災,土石流",潘信秀,24972250-1202,是,否,否,True,基隆,44,5493.2531314203525,5.493253131420352
5668,基隆市暖暖區,八堵里,源遠路20號,121.7329,25.1077,基隆高中,暖西里 暖東里 暖暖里 暖同里 八堵里 八中里 八西里 八南里,347,"水災,震災,土石流,海嘯",林永隆,02-24582052#240,是,否,是,True,基隆,44,3626.973333498851,3.6269733334988508
5669,新北市五股區,觀音里,凌雲路三段17之2號,121.43072,25.107778,觀音市民活動中心,觀音里、集賢里,149,"水災,震災,土石流,海嘯",黃駿逸,02-22916051#113,是,否,是,True,淡水,43,6554.50889548811,6.5545088954881106
5670,新北市瑞芳區,龍潭里,瑞芳區中山路2號,121.8039,25.1079,瑞芳國小,龍潭里 龍川里 龍興里 龍安里 東和里,447,"水災,震災,土石流,海嘯",將明淵,2491-2508,是,是,是,True,基隆,44,5010.105116101082,5.010105116101082
5671,新北市林口區,嘉寶里,22號,121.3393,25.1083,嘉寶國小,嘉寶里、下福里,425,"水災,震災,海嘯",呂新立,26052716#830,是,是,否,True,林口,34,4272.005329196224,4.272005329196224
5672,臺北市士林區,,士林區磺溪57號,121.5231,25.1084,蘭雅國小,蘭興里、蘭雅里,30,"水災,震災",邱建華,02-28366052#206,是,否,否,True,士林,43,857.6378919276274,0.8576378919276274
5673,基隆市暖暖區,八南里,源遠路27號,121.7324,25.1086,八南里民活動中心,八南里,66,"水災,震災,土石流,海嘯",陳碧琴,02-24562205,是,否,是,True,基隆,44,3601.3087827658014,3.6013087827658015
5674,桃園市大園區,海口里,4鄰87-1號2樓,121.241381,25.108652,海口社區活動中心,海口里,350,水災,呂定麟,03-3933389,是,是,否,True,大園,42,6574.53741443622,6.574537414436221
5676,基隆市暖暖區,八中里,金華街204號,121.7296,25.1096,八中里民活動中心,八中里,42,"水災,震災,土石流,海嘯",俞偉明,02-24568920,是,否,是,True,基隆,44,3759.227428293526,3.759227428293526
5677,基隆市七堵區,瑪南里,大成街1號,121.6899,25.1099,瑪陵國小活動中心,瑪南里,46,"水災,震災,土石流,海嘯",詹麗娟,02-24565663轉80,是,否,是,True,汐止,40,6921.693159351614,6.921693159351614
5678,臺北市士林區,,臺北市士林區德行東路285號,121.5364,25.1104,芝山國小,岩山里、名山里、聖山里、芝山里、東山里、忠誠里、德行里、德華里、蘭雅里、蘭興里、三玉里、天福里、天祿里、天壽里、天和里、天山里、天玉里、天母里、,40,"水災,震災",董建成,02-28316115#240,是,否,否,True,士林,43,2138.642050224334,2.138642050224334
5679,新北市瑞芳區,龍山里,瑞芳區瑞芳街60號,121.8036,25.1104,瑞芳高工,龍安里 龍山里,1360,"水災,震災,土石流,海嘯",陳政典,24972516-201,是,是,否,True,基隆,44,4858.603629229951,4.858603629229951
5680,臺北市士林區,,士林區忠誠路2段51號,121.531,25.1106,蘭雅國中,三玉里、蘭雅里,130,"水災,震災",徐安國,02-28329377#500,是,否,否,True,士林,43,1654.4948090822422,1.6544948090822422
5681,基隆市暖暖區,八西里,八堵路35-2號,121.7361,25.1106,八西里民活動中心,八西里,10,"水災,震災,土石流,海嘯",蘇欽榮,02-24573066,是,否,是,True,基隆,44,3172.8114918464976,3.1728114918464976
5683,新北市瑞芳區,瓜山里,瑞芳區五號路306號,121.8569,25.1111,瓜山國小,銅山里 新山里 瓜山里 石山里,232,"水災,震災,土石流,海嘯",黃裕斌,24962036-168,是,是,否,True,基隆,44,9969.64997868447,9.96964997868447
5684,臺北市北投區,,北投區明德路190號,121.5218,25.1121,明德國小,榮華里、裕民里,109,"水災,震災",陳勝福,02-28229651#1122,是,否,否,True,士林,43,1099.9442294186101,1.0999442294186101
5685,新北市貢寮區,和美里,龍洞街1-9號,121.9193,25.1123,和美國小,和美里,117,"水災,震災,土石流,海嘯",黃家裕,02-24909431#18,是,是,否,True,基隆,44,16168.092051826192,16.168092051826193
5687,新北市林口區,下福里,下福10之1號,121.3126,25.1124,興福國小,下福里、瑞平里,735,"水災,震災,土石流,海嘯",廖淑珍,2606-2895#200,是,是,是,True,林口,34,6556.361373981719,6.556361373981719
5688,新北市汐止區,長青里,永春一路5號,121.603216,25.112499,翠柏新村安養中心-服務大樓,長青里、烘內里、八連里,203,"水災,震災,土石流,海嘯",宋怡穎,02-26411111#120,是,否,是,True,汐止,40,6374.666564196843,6.3746665641968425
5689,基隆市七堵區,八德里,八德路70號,121.7279,25.1129,八德里民活動中心,八德里,14,"水災,震災,土石流,海嘯",余文財,02-24564002,是,否,是,True,基隆,44,3709.8622181013325,3.7098622181013323
5690,臺北市北投區,,臺北市北投區石牌路1段139號,121.5142,25.1149,石牌國中,永明里、吉利里、立賢里、榮光里、裕民里、福興里、吉慶里、洲美里、建民里、文林里、榮華里、振華里、永欣里、東華里、立農里、石牌里、尊賢里,100,"水災,震災",林豐戊,02-28224682#250,是,否,否,True,士林,43,1304.3474350635308,1.304347435063531
5691,臺北市北投區,,北投區致遠2路80號,121.5117,25.1157,石牌國小,尊賢里、吉利里,112,"水災,震災",高禎禧,02-28227484#331,是,否,否,True,士林,43,1457.7273316011747,1.4577273316011747
5692,臺北市士林區,,士林區天母東路116號,121.5373,25.118,三玉國小,三玉里、天和里,30,"水災,震災",黃瑟雅,02-28751369#717,是,否,否,True,士林,43,2639.7831917797134,2.6397831917797134
5693,臺北市士林區,,士林區天母東路120號,121.5381,25.118,天母國中,三玉里天山里,99,"水災,震災",顏靜虹,02-28754864#243,是,否,否,True,士林,43,2703.8500496849606,2.7038500496849607
5694,基隆市仁愛區,德厚里,南榮路321號,121.7439,25.1194,南榮國小,龍門里德厚里曲水里英仁里,165,"水災,震災,土石流,海嘯",翁瑞宏,02-24223038,是,否,是,True,基隆,44,1955.7609660961637,1.9557609660961637
5695,臺北市北投區,,北投區立農街1段250號,121.5053,25.1195,立農國小,立農里,30,"水災,震災",楊紹齊,02-28210702#300,是,否,否,True,士林,43,2125.436374131907,2.125436374131907
5696,臺北市士林區,,士林區天玉街12號,121.5274,25.1197,天母國小,天玉里、天母里,100,"水災,震災",黃偉國,02-28740889,是,否,否,True,士林,43,2111.0009475990682,2.1110009475990683
5697,臺北市士林區,新安里,臺北市士林區新安里仰德大道3段 61 號,121.5529,25.1198,陽明山國小,新安里、陽明里、菁山里、公館里、永福里,50,"水災,震災,土石流",吳正男,28614832#131,是,否,否,True,士林,43,4084.0830543728493,4.084083054372849
5698,臺北市士林區,溪山里,臺北市士林區至善路三段199號,121.5796,25.1198,溪山國小,溪山里,50,"水災,震災,土石流",李世中,02-28411010#17,是,否,否,True,士林,43,6603.963020158573,6.603963020158573
5699,臺北市北投區,,北投區知行路212號,121.4673,25.1199,關渡國中,關渡里,30,"水災,震災",楊孝偉,02-28581770#50,是,否,否,True,淡水,43,5265.141002182145,5.265141002182145
5700,基隆市仁愛區,育仁里,南榮路269巷28之1號,121.744,25.1204,育仁里民活動中心,育仁里,25,海嘯,林香垂,24301122 ext.307,是,否,是,True,基隆,44,1888.0684742659312,1.8880684742659313
5701,新北市瑞芳區,東和里,中山路20號,121.8879,25.1204,東和市民活動中心,東和里,95,"水災,土石流",周樹木,24972704,否,否,否,True,基隆,44,12929.134119091706,12.929134119091707
5703,新北市瑞芳區,瑞濱里,瑞濱路34號,121.820317,25.120495,瑞濱國小,瑞濱里 深澳里 海濱里,877,"水災,震災,土石流,海嘯",王喬木,24978184,否,否,否,True,基隆,44,6152.516748903523,6.152516748903523
5704,新北市瑞芳區,鼻頭里,瑞芳區鼻頭路99號,121.9194,25.1208,鼻頭國小,南雅里、鼻頭地區,251,"水災,震災,土石流,海嘯",李琇貞,24911571-13,是,是,否,True,基隆,44,16096.006519161501,16.096006519161502
5705,基隆市安樂區,鶯歌里,基隆市安樂區安樂路二段一六四號九樓,121.7232,25.121,鶯歌里民活動中心,鶯歌里,127,"水災,震災,土石流,海嘯",何進守,02-24319835,是,否,是,True,基隆,44,3825.242241175354,3.825242241175354
5706,基隆市安樂區,鶯安里,基隆市安樂區安樂路二段一六四號二樓,121.7232,25.1211,安樂區公所二樓禮堂,鶯安里,76,"水災,震災,土石流,海嘯",駱文章,02-24312118,是,否,是,True,基隆,44,3822.6361828200393,3.8226361828200393
5707,新北市瑞芳區,瑞濱里,瑞芳區建基路1段4之2號,121.8205,25.1212,瑞濱市民活動中心,深澳里 瑞濱里 海濱里,115,"水災,震災,土石流",胡長安,24976599,是,否,否,True,基隆,44,6159.054581628693,6.159054581628693
5708,基隆市安樂區,壯觀里,基隆市安樂區樂利二街62巷282號地下層,121.7155,25.1213,壯觀里民活動中心,壯觀里,30,"水災,震災,土石流,海嘯",楊添發,02-24342001,是,否,是,True,基隆,44,4576.94548339832,4.57694548339832
5710,基隆市七堵區,瑪東里,大同街29-3號,121.6984,25.1219,瑪東里民活動中心,瑪東里,56,"水災,震災,土石流,海嘯",李文良,02-24565293,是,否,是,True,基隆,44,6269.52518877444,6.269525188774439
5711,新北市瑞芳區,?洞里,瑞芳區凍頂路101巷80號,121.8598,25.1223,濂洞國小,濂洞里,228,"水災,震災,土石流,海嘯",王佩君,24961330-12,是,是,否,True,基隆,44,10087.439437737057,10.087439437737057
5712,基隆市安樂區,七賢里,基隆市安樂區安和一街十號,121.7231,25.1228,七賢里民活動中心,七賢里,54,"水災,震災,土石流,海嘯",林慶寶,02-24323787,是,否,是,True,基隆,44,3792.931994169411,3.792931994169411
5713,基隆市仁愛區,吉仁里,南新街29之6號,121.7442,25.1233,吉仁里民活動中心,吉仁里,40,"水災,震災,土石流,海嘯",范鴻軒,24301122 ext.319,是,否,是,True,基隆,44,1726.006832054721,1.7260068320547208
5714,基隆市信義區,,深澳坑路256-1號,121.7913,25.1236,孝岡里民活動中心,孝岡里,43,"水災,震災,土石流,海嘯",吳石金,02-24662675,是,否,是,True,基隆,44,3210.5534032239566,3.2105534032239564
5716,基隆市仁愛區,獅球里,獅球路50號,121.7367,25.1241,獅球書院聯合里民活動中心,獅球、書院里,42,"震災,土石流,海嘯",林香垂許玉芬,24301122 ext.308,是,否,是,True,基隆,44,2421.2523682180454,2.4212523682180453
5717,基隆市安樂區,五福里,基隆市安樂區樂利三街34巷52號,121.7136,25.1249,長樂國小餐廳旁空間,五福里,101,"水災,震災,土石流,海嘯",總務主任禹金華,02-24323252,是,否,是,True,基隆,44,4708.538673916513,4.708538673916514
5719,基隆市仁愛區,光華里,光一路28號5樓,121.7367,25.1252,光華里民活動中心,光華里,70,"水災,震災,土石流",范鴻軒,24301122 ext.315,是,否,是,True,基隆,44,2395.9295228731053,2.3959295228731055
5720,基隆市仁愛區,兆連里,獅球路25巷8號,121.7389,25.1253,兆連里民活動中心,兆連里,49,"震災,土石流",吳純菁,24301122 ext.308,是,否,是,True,基隆,44,2176.0104208977864,2.176010420897786
5721,基隆市仁愛區,林泉里,復興街60巷2號,121.7525,25.1254,林泉里民活動中心,林泉里,60,"水災,震災,土石流,海嘯",王偉鋕,02-24301122 ext.313,是,否,是,True,基隆,44,868.7449457367786,0.8687449457367786
5722,新北市八里區,下罟里,下罟子臨8-3號,121.3883,25.1257,長坑市民活動中心,下罟里、長坑里,100,"水災,震災,土石流",黃暐家,02-26102621117,是,否,否,True,林口,34,5763.721276012413,5.763721276012413
5723,新北市八里區,長坑里,長坑里25號,121.3905,25.1257,長坑國小,長坑里、下罟里,224,"水災,震災,土石流,海嘯",賴介仁,26102237113,是,是,否,True,林口,34,5855.824254648843,5.855824254648843
5724,新北市淡水區,福德里,自強路33號,121.464,25.1257,竹圍國小自強分校,福德里,207,"土石流,海嘯",陳碧雲,02-28093245,是,是,是,True,淡水,43,4548.143746252078,4.548143746252078
5725,基隆市安樂區,四維里,基隆市安樂區安和一街一二八之一號,121.7239,25.1258,四維里民活動中心,四維里,60,"水災,震災,土石流,海嘯",蔣加偉,02-24335805,是,否,是,True,基隆,44,3665.0900777436564,3.6650900777436566
5726,基隆市仁愛區,福仁里,南榮路117巷31弄1號,121.7438,25.1258,福仁里民活動中心,福仁、誠仁里,34,"水災,震災,土石流,海嘯",吳聖惠,24301122 ext.319,是,否,是,True,基隆,44,1681.1926568802298,1.6811926568802298
5727,基隆市安樂區,長樂里,基隆市安樂區樂利三街30巷123號,121.7116,25.1261,長樂國小活動中心,長樂里、六合里,212,"水災,震災,土石流,海嘯",總務主任禹金華,02-24323252,是,否,是,True,基隆,44,4898.211835517444,4.898211835517444
5728,基隆市安樂區,三民里,基隆市安樂區麥金路439巷2號,121.719,25.1261,三民里民活動中心,三民里,89,"水災,震災,土石流,海嘯",許超勝,02-24345158,是,否,是,True,基隆,44,4154.101005856248,4.154101005856248
5729,基隆市仁愛區,和明里,仁二路137巷2弄1之3號,121.7459,25.1261,和明里民活動中心,和明里,74,"震災,土石流,海嘯",劉慈芬,24301122 ext.316,是,否,是,True,基隆,44,1467.3985703144028,1.4673985703144028
5730,基隆市信義區,,東明路77巷68號,121.7617,25.1262,禮儀里民活動中心,禮儀里,15,"震災,土石流,海嘯",郭金德,02-24654871,是,否,是,True,基隆,44,368.10611140340745,0.36810611140340743
5731,臺北市北投區,,北投區中央北路4段581號,121.4668,25.1268,關渡國小,關渡里,110,"水災,震災",林莉珊,02-28912847#241,是,否,否,True,淡水,43,4535.760009590675,4.535760009590675
5732,臺北市北投區,,北投區公?路220號,121.5076,25.1269,清江國小,清江里、大同里,30,"水災,震災",高美莉,02-28912764#300,是,否,否,True,士林,43,2765.1174254376087,2.7651174254376087
5733,基隆市信義區,,深澳坑路75號,121.7854,25.1269,孝深里民活動中心,孝深里,52,"水災,震災,土石流,海嘯",陳茂松,02-24651433,是,否,是,True,基隆,44,2568.0649005279247,2.568064900527925
5734,基隆市信義區,,東明路67巷7號,121.7624,25.127,禮東里民活動中心,禮東里,24,"水災,震災,土石流,海嘯",賴興泉,02-24659320,是,否,是,True,基隆,44,336.88775338546304,0.33688775338546306
5735,基隆市信義區,,東信路35巷47號1樓,121.767,25.127,東明里民活動中心,東明里,27,"震災,土石流,海嘯",賴賢義,02-24651989,是,否,是,True,基隆,44,740.2504629133731,0.7402504629133732
5736,基隆市仁愛區,文安里,仁五路20號2樓,121.7411,25.1271,文安里民活動中心,文安、崇文里,20,"水災,震災,土石流",賴煒曾,24301122 ext.312,是,否,是,True,基隆,44,1925.2283112244959,1.925228311224496
5737,基隆市仁愛區,玉田里,愛四路2巷22之1號,121.7438,25.1271,玉田里民活動中心,玉田里,30,"水災,震災,土石流,海嘯",邱啟毓,02-24301122 ext.312,是,否,是,True,基隆,44,1655.2039661510678,1.6552039661510678
5738,基隆市仁愛區,智仁里,延平街7號,121.7486,25.1272,智仁里民活動中心,智仁里,74,"震災,土石流",陳建任,24301122 ext.308,是,否,是,True,基隆,44,1175.6165101425518,1.1756165101425518
5739,基隆市仁愛區,花崗里,劉銘傳路11巷24弄3號,121.7518,25.1272,花崗里活動中心,花崗里,26,"水災,震災,土石流",胡燿麟,24301122 ext.308,是,否,是,True,基隆,44,860.5932145766092,0.8605932145766092
5740,基隆市仁愛區,忠勇里,仁三路3巷2弄1-1號,121.7445,25.1274,新忠勇里民活動中心,忠勇里,30,"水災,震災,土石流,海嘯",謝秉均,905721731,是,否,是,True,基隆,44,1580.86380764212,1.58086380764212
5741,基隆市仁愛區,忠勇里,愛五路6巷32號,121.745,25.1274,忠勇里民活動中心,忠勇里,30,"震災,土石流,海嘯",謝秉均,24301122 ext.312,是,否,是,True,基隆,44,1530.8435276010664,1.5308435276010663
5742,基隆市信義區,,仁一路7巷61號,121.7544,25.1275,智慧里民活動中心,智慧里、智誠里,54,"震災,土石流",蔡美玉,02-24227999,是,否,是,True,基隆,44,599.5099666135424,0.5995099666135424
5743,基隆市仁愛區,明德里,自來街13巷5之2號,121.739,25.1276,明德里民活動中心,明德里,29,"震災,土石流",黃旭惠,24301122 ext.309,是,否,是,True,基隆,44,2130.4115494808284,2.1304115494808284
5744,基隆市仁愛區,和明里,仁二路139號,121.746,25.128,仁愛國小,智仁里和明里忠勇里,171,"水災,震災,土石流",陳建宏,02-24289131,是,否,是,True,基隆,44,1423.315859333186,1.4233158593331858
5745,基隆市仁愛區,博愛里,愛一路8號3樓之7,121.7408,25.1282,博愛里民活動中心,博愛里,53,"水災,震災,土石流",吳靜宜,24301122 ext.316,是,否,是,True,基隆,44,1944.760675352033,1.944760675352033
5746,基隆市仁愛區,虹橋里,仁二路53號,121.7498,25.1282,虹橋水錦聯合里民活動中心,虹橋、水錦里,62,"水災,震災,土石流",邱啟毓、胡燿麟,24301122ext.311.308,是,否,是,True,基隆,44,1039.7659817084316,1.0397659817084315
5747,基隆市仁愛區,朝棟里,成功一路133巷5號,121.7362,25.1283,朝棟里民活動中心,朝棟里,85,"震災,土石流",陳家麟,24301122 ext.310,是,否,是,True,基隆,44,2407.59472629331,2.40759472629331
5748,新北市林口區,太平里,後坑路34之1號,121.3493,25.1284,瑞平國小,太平、瑞平、下福里、嘉寶里,219,"水災,震災,土石流",黃信源,26052779#13,是,否,是,True,林口,34,5817.5792996480905,5.817579299648091
5749,基隆市信義區,,信一路6號4樓,121.7553,25.1285,義民里民活動中心,義民里,71,"水災,震災,土石流",連轉旺,02-24235023,是,否,是,True,基隆,44,485.26111515857787,0.48526111515857784
5750,基隆市七堵區,瑪西里,大華三路75之1號,121.6774,25.1286,瑪西里民活動中心,瑪西里,73,"水災,震災,土石流,海嘯",林飛龍,02-24564665,是,否,是,True,汐止,40,7831.710016266383,7.831710016266383
5751,基隆市信義區,,東信路10-2號,121.7681,25.1286,東安里民活動中心,東安里,78,"震災,土石流,海嘯",林睿騰,02-24655474,是,否,是,True,基隆,44,813.5996275880655,0.8135996275880655
5752,基隆市仁愛區,新店里,孝一路100之1號2樓旁通道,121.7406,25.1287,新店里民活動中心,新店里,34,"水災,震災,土石流",吳靜宜,24301122 ext.316,是,否,是,True,基隆,44,1962.6546651563995,1.9626546651563994
5753,基隆市信義區,,信一路6號3樓,121.7575,25.1287,義和里民活動中心,義和里,71,"水災,震災,土石流,海嘯",蔡麗月,02-24654065,是,否,是,True,基隆,44,262.8912313241085,0.2628912313241085
5754,基隆市仁愛區,同風里,孝二路39號七樓12室（忠孝大樓）,121.7394,25.1289,同風里民活動中心,同風里,13,"水災,震災,土石流,海嘯",黃麗梅,24301122 ext.307,是,否,是,True,基隆,44,2083.190678505189,2.083190678505189
5755,臺北市士林區,,士林區平等里平菁街101號,121.5763,25.1291,平等國小,平等里,20,"水災,震災",李公元,02-28610503#12,是,否,否,True,士林,43,6656.7988572135,6.6567988572135
5756,基隆市信義區,,信二路40-1號,121.7569,25.1293,市立體育館,轄內各里,817,"震災,土石流",王漢興,02-24275518 ext.22,是,否,是,True,基隆,44,318.596400145891,0.31859640014589097
5757,基隆市信義區,,信二路157號,121.7526,25.1294,義昭里民活動中心,義昭里,118,"震災,土石流",龔信謀,02-24249039,是,否,是,True,基隆,44,752.3160176963518,0.7523160176963518
5758,基隆市中山區,新建里,成功二路2之1號,121.7373,25.1295,新建里民活動中心,新建里,20,"水災,震災,土石流,海嘯",高瑞堂,02-24260823,是,否,是,True,基隆,44,2295.0381268187175,2.2950381268187177
5760,新北市瑞芳區,深澳里,深澳路67 之1號,121.817974,25.129623,深澳里市民活動中心,深澳里,113,"水災,土石流",賴信秀,24972250-1202,是,否,否,True,基隆,44,5840.7800238542695,5.840780023854269
5761,基隆市仁愛區,仁德里,孝一路82之1號2樓旁通道,121.7412,25.1297,仁德里民活動中心,仁德里,36,"震災,土石流",黃麗梅,24301122 ext.307,是,否,是,True,基隆,44,1902.3766665494602,1.9023766665494601
5762,基隆市信義區,,東信路258巷54號,121.7627,25.1298,東信里民活動中心,東信里,36,"震災,土石流,海嘯",賴姵綺,224684012,是,否,是,True,基隆,44,275.690343824607,0.275690343824607
5763,基隆市安樂區,永康里,基隆市安樂區安一路177巷23號,121.7302,25.1302,安樂國小活動中心,永康里、嘉仁里,274,"水災,震災,土石流,海嘯",總務主任李狀翔,（02）24220814#30、31,是,否,是,True,基隆,44,3012.8771212791185,3.0128771212791183
5764,基隆市信義區,,東峰街154號,121.7767,25.1305,孝德里民活動中心,孝德里,57,"水災,震災,土石流,海嘯",朱志偉,022466-7566,是,否,是,True,基隆,44,1684.8826116619612,1.684882611661961
5765,基隆市仁愛區,文昌里,孝四路10之1號（陸橋下）,121.7385,25.1307,文昌里民活動中心,文昌里,36,"震災,土石流",黃旭惠,24301122 ext.309,是,否,是,True,基隆,44,2180.3447575755226,2.1803447575755226
5766,基隆市信義區,,信二路246巷32號,121.7508,25.1307,仁義里民活動中心,仁義里,37,"水災,震災,土石流",王柏力,02-24287750,是,否,是,True,基隆,44,948.7040332222134,0.9487040332222134
5767,基隆市中山區,安民里,安一路94號,121.7361,25.1309,安民里民活動中心,安民里,50,"水災,震災,土石流,海嘯",羅聰德,02-24248836,是,否,是,True,基隆,44,2423.3523878320707,2.423352387832071
5768,臺北市士林區,,士林區仰德大道4段75號,121.5468,25.1311,格致國中,陽明里菁山里,47,"水災,震災",高毓璇,02-28610079#107,是,否,否,True,士林,43,4323.388073918256,4.323388073918256
5769,基隆市中山區,西華里,西定路102號,121.7354,25.1317,西華里民活動中心,西華里,20,"水災,震災,土石流,海嘯",陳麗環,02-24263535,是,否,是,True,基隆,44,2502.099257356325,2.502099257356325
5770,基隆市安樂區,安和里,基隆市安樂區安一路一七七巷廿三之1號,121.7319,25.1318,安和及慈仁里民活動中心,安和里、慈仁里、樂一里,140,"水災,震災,土石流,海嘯",童意鵬,02-24224479,是,否,是,True,基隆,44,2854.1970562911815,2.8541970562911816
5771,基隆市中山區,安平里,中山一路91號,121.7377,25.1319,安平里民活動中心,安平里,25,"水災,震災,土石流,海嘯",楊榮豐,02-24235071,是,否,是,True,基隆,44,2274.619658381505,2.274619658381505
5772,新北市八里區,龍源里,龍源里龍米路1段223號,121.4511,25.132,龍米市民活動中心,龍源里,125,"水災,震災,土石流",徐玉蘭,02-26181246,是,否,否,True,淡水,43,3604.808501925202,3.604808501925202
5773,基隆市信義區,,正信路26號,121.7605,25.1321,東信國小,信綠里,160,"水災,震災,土石流,海嘯",王信傑,02-24652133 ext.30,是,否,是,True,基隆,44,327.9642208192014,0.3279642208192014
5774,基隆市安樂區,干城里,基隆市安樂區安一路278巷31之1號,121.7296,25.1324,干城里民活動中心,干城里,200,"水災,震災,土石流,海嘯",俞秀真,02-24237172,是,否,是,True,基隆,44,3091.9897899564075,3.0919897899564077
5775,臺北市北投區,,臺北市新市街30號6樓,121.5024,25.1325,北投區區民活動中心,清江、八仙、溫泉、奇岩,90,"水災,震災",尤湘禎,2891-2105#221,是,否,否,True,士林,43,3535.7857997899637,3.5357857997899638
5776,基隆市中山區,西榮里,西定路80巷48號,121.7363,25.1332,西榮里民活動中心,西榮里,50,"水災,震災,海嘯",許美玉,02-24282233,是,否,是,True,基隆,44,2436.8465895522254,2.4368465895522253
5777,基隆市安樂區,定國里,基隆市安樂區安一路360號,121.7333,25.1336,安樂高中活動中心,定國里,175,"水災,震災,土石流,海嘯",王培倫,224236600,是,否,是,True,基隆,44,2742.382117705632,2.742382117705632
5778,臺北市北投區,,臺北市北投區中央北路1段173號,121.5003,25.1342,北投國小,大同里、中央里、中庸里、中和里、文化里、豐年里、桃源里、一德里、長安里、關渡里、智仁里,195,"水災,震災",沈俊志,02-28912052#131,是,否,否,True,士林,43,3795.753049114578,3.795753049114578
5779,臺北市北投區,,北投區溫泉路62號,121.5042,25.1345,北投國中,溫泉里,30,"水災,震災",張淑美,02-28912091#400,是,否,否,True,士林,43,3673.2366091888716,3.6732366091888715
5780,基隆市中山區,中山里,中山一路219號二樓,121.7394,25.1345,中山里民活動中心,中山里,40,"水災,震災,土石流,海嘯",張金發,02-24242334,是,否,是,True,基隆,44,2165.0843720664802,2.16508437206648
5781,基隆市中山區,民治里,中山一路219號一樓,121.7395,25.1345,民治里民活動中心,民治里,40,"水災,震災,土石流,海嘯",施財濃,02-24234213,是,否,是,True,基隆,44,2155.3848549059085,2.1553848549059085
5782,基隆市信義區,,崇法街133號地下室,121.7683,25.1345,東光里民活動中心,東光里,107,"水災,震災,土石流,海嘯",黃元良,02-24650489,是,否,是,True,基隆,44,1019.8404797288403,1.0198404797288403
5783,臺北市北投區,,北投區中央北路4段48號,121.4773,25.1347,桃源國中,桃源里、一德里,55,"水災,震災",鄒優楊,02-28929633#241,是,否,否,True,淡水,43,4347.360776387586,4.347360776387586
5784,基隆市中正區,港通里,義一路87號7樓之1,121.7467,25.1347,港通及正義里民活動中心,港通里、正義里,26,"水災,震災,土石流",簡進發或駱錫賢,02-24201335/24224901,是,否,是,True,基隆,44,1479.7080801696036,1.4797080801696036
5786,基隆市中正區,信義里,信六路21號2樓,121.7477,25.135,信義里民活動中心,信義里、義重里、德義里,61,"水災,震災,土石流",江添丁,02-24256399,是,否,是,True,基隆,44,1403.5379803559856,1.4035379803559855
5787,新北市林口區,太平里,汕頭32號,121.366375,25.135255,太平市民活動中心,太平里、瑞平里,82,"水災,震災,土石流,海嘯",黃德源,2603-3111#608,是,是,否,True,林口,34,6343.657392844949,6.343657392844949
5788,基隆市中正區,新豐里,新豐街482號3樓,121.7852,25.1356,新豐里民活動中心,新豐里,23,"水災,震災,土石流,海嘯",王慧童,02-24693885,是,否,是,True,基隆,44,2633.732991011726,2.6337329910117258
5789,基隆市中正區,中船里,中船路36巷4號,121.7511,25.1357,中正國小活動中心,中船里、入船里、正船里,270,"震災,土石流,海嘯",總務主任劉仕容,02-24223064#30,是,否,是,True,基隆,44,1157.2863833314086,1.1572863833314087
5790,基隆市安樂區,興寮里,基隆市安樂區基金一路41號,121.7203,25.136,興寮里民活動中心,興寮里,74,"水災,震災,土石流,海嘯",連淑慧,022433-6691,是,否,是,True,基隆,44,4079.7563603454473,4.079756360345447
5791,基隆市安樂區,西川里,基隆市安樂區新西街一號,121.7322,25.1365,西川里民活動中心,西川里,70,"水災,震災,土石流,海嘯",王忠誠,02-24247319,是,否,是,True,基隆,44,2924.0404713334406,2.9240404713334405
5792,臺北市北投區,,北投區文化3路1號,121.4967,25.1371,文化國小,文化里、豐年里,30,"水災,震災",蔡雅芬,02-28933828#131,是,否,否,True,士林,43,4246.986396252393,4.246986396252393
5793,基隆市中山區,西定里,西定路230號三樓,121.7323,25.1371,西定里民活動中心,西定里,100,"水災,震災,土石流,海嘯",陳文宗,02-24270156,是,否,是,True,基隆,44,2933.567403877949,2.933567403877949
5794,基隆市中山區,中興里,中山二路11號,121.7407,25.1371,中興里民活動中心,中興里,40,"水災,震災,土石流,海嘯",李進發,02-24279141,是,否,是,True,基隆,44,2140.516906415223,2.1405169064152227
5795,基隆市中正區,,中船路11號2樓,121.7503,25.1374,三砂灣聯合里民活動中心,入船里正船里,40,"水災,土石流",江惠卿,02-24271535,是,否,否,True,基隆,44,1341.465386238114,1.341465386238114
5796,基隆市安樂區,外寮里,基隆市安樂區基金一路129巷6-1號,121.7111,25.1375,外寮里民活動中心,外寮里,70,"水災,震災,土石流,海嘯",吳芊汝,02-24335651,是,否,是,True,基隆,44,5022.163795412826,5.022163795412826
5797,新北市淡水區,民生里,民生路27號,121.4613,25.138,民生活動中心,竹圍里、福德里、民權里、民生里、坪頂里,72,"水災,震災,土石流",蘇惠珊,02-26221020#7710,是,否,是,True,淡水,43,3177.2190663185143,3.1772190663185143
5800,臺北市北投區,,臺北市北投區新民路2號,121.5052,25.1383,逸仙國小,稻香里、大屯里、中心里,164,"水災,震災,土石流",林功寅,02-28914537#34,是,否,是,True,士林,43,4041.293134337958,4.041293134337958
5801,臺北市北投區,,臺北市北投區新民路10號,121.5065,25.1389,新民國中,林泉里、秀山里、開明里,207,"水災,震災,土石流",吳佳鴻,02-28979001#500,是,否,否,True,士林,43,4070.0454782289453,4.070045478228946
5802,臺北市北投區,吉利里,石牌路一段39巷100號,121.5065,25.1389,臺北市北投運動中心,吉利里、吉慶里、尊賢里,384,震災,田佳泓,2570-2330轉6428,是,否,否,True,士林,43,4070.0454782289453,4.070045478228946
5804,基隆市中正區,砂子里,調和街3號3樓,121.7965,25.1391,砂子里民活動中心,砂子里,72,"水災,土石流",黃余葉,02-24691248,是,否,是,True,基隆,44,3836.1168764393697,3.8361168764393696
5805,臺北市北投區,,北投區中央北路3段40巷45號,121.4845,25.1396,桃源國小,桃源里、稻香里,30,"水災,震災",潘同泰,02-28941208#108,是,否,是,True,淡水,43,4499.420883210571,4.499420883210571
5806,新北市八里區,荖阡里,荖阡坑路15號,121.4013,25.1399,八里國中,荖阡里、訊塘里、舊城里,2360,"水災,震災,土石流,海嘯",林真真,26102016101,是,是,否,True,淡水,43,5548.30165384545,5.54830165384545
5807,基隆市安樂區,新西里,基隆市安樂區新西街106-1號,121.7271,25.14,新西里民活動中心,新西里,74,"水災,震災,土石流,海嘯",陳漢昭,02-24223094,是,否,是,True,基隆,44,3533.1956725894697,3.5331956725894695
5808,基隆市中正區,新豐里,新豐街100號,121.7885,25.1401,八斗高中活動中心,新豐里、新富里,84,"水災,震災,土石流,海嘯",施麗玲,02-24692366#31,是,否,是,True,基隆,44,3113.4163084627185,3.1134163084627184
5809,基隆市中山區,仁正里,中山二路105巷144號,121.735,25.1405,中山高中分部活動中心,仁正里,200,"水災,震災,海嘯",王美娥,02-24242802#32,是,否,是,True,基隆,44,2821.2557104349476,2.8212557104349476
5810,基隆市中山區,仁正里,中山二路109巷13號,121.7387,25.1407,仁正里民活動中心,仁正里,50,"水災,震災,海嘯",陳炳楠,02-24251521,是,否,是,True,基隆,44,2503.8963904923253,2.5038963904923253
5811,基隆市中正區,中砂里,豐稔街50號,121.7608,25.1408,中砂里民活動中心,中砂里,22,"震災,土石流",廖正龍,02-24628991,是,否,是,True,基隆,44,1290.7911251301707,1.2907911251301707
5812,基隆市中正區,碧砂里,環港街84號2樓,121.7926,25.141,碧砂里民活動中心,碧砂里,60,"水災,土石流",黃志強,02-24692155,是,否,是,True,基隆,44,3533.7323528553184,3.5337323528553184
5813,基隆市中山區,西康里,復興路24號,121.727,25.1416,西康里民活動中心,西康里,30,"水災,震災,土石流,海嘯",張繼志,02-24227490,是,否,是,True,基隆,44,3606.5521804376463,3.6065521804376464
5814,基隆市中山區,中和里,中平街95號,121.7225,25.1418,中和里民活動中心,中和里,70,"水災,震災,海嘯",陳恭訊,02-24281890,是,否,是,True,基隆,44,4037.2753958808166,4.037275395880816
5815,臺北市北投區,,北投區珠海路155號,121.5093,25.142,義方國小,開明里,120,"水災,震災",魏早成,28917433#131,是,否,否,True,士林,43,4346.16536803547,4.346165368035471
5816,基隆市中正區,正砂里,中正路211號,121.7604,25.142,正砂里民活動中心,真砂里、正砂里,60,"震災,土石流",俞明發,02-24620698,是,否,是,True,基隆,44,1421.9585225017622,1.4219585225017621
5817,基隆市中正區,砂灣里,祥豐街66號3樓,121.7639,25.142,砂灣里民活動中心,砂灣里,58,"水災,震災,土石流",簡曉東,02-24626870,是,否,是,True,基隆,44,1473.4345305337774,1.4734345305337775
5818,基隆市中山區,健民里,健民街5號,121.7376,25.1423,健民里民活動中心,健民里,50,"水災,震災,海嘯",劉健鑑,02-24220926,是,否,是,True,基隆,44,2691.415133013962,2.691415133013962
5819,基隆市中山區,和平里,中山三路103巷82之2號,121.7444,25.1427,和平里民活動中心,和平里,20,"水災,震災,海嘯",張和妹,02-24246436,是,否,是,True,基隆,44,2177.0322361722688,2.177032236172269
5820,基隆市安樂區,中崙里,基隆市安樂區基金二路三巷三號,121.7023,25.143,中崙里民活動中心,中崙里、武崙里、新崙里,131,"水災,震災,土石流,海嘯",李源林,02-24310558,是,否,是,True,基隆,44,6022.0507666701815,6.022050766670182
5821,基隆市中正區,八斗里,八斗街57號,121.7967,25.1432,八斗里民活動中心,八斗里、長潭里,41,"水災,土石流",范玉蘭,02-24691302,是,否,是,True,基隆,44,4008.7004998442385,4.008700499844238
5822,臺北市北投區,,北投區復興四路70號,121.5018,25.1437,復興高中,大屯里,300,"水災,震災",趙乃興,02-28914131,是,否,否,True,士林,43,4715.14109052917,4.71514109052917
5823,基隆市中山區,居仁里,通仁街162號,121.7341,25.1438,居仁里民活動中心,居仁里,55,"水災,震災,海嘯",鄭淑華,02-24222301,是,否,是,True,基隆,44,3078.561402836647,3.0785614028366473
5825,基隆市中山區,通化里,復旦路10號,121.7393,25.1455,通化里民活動中心,通化里,90,"水災,震災,海嘯",徐麗玲,02-24282050,是,否,是,True,基隆,44,2766.5239539062304,2.7665239539062303
5826,基隆市中山區,居仁里,通仁街28號,121.735939,25.14597,中山國小,居仁里,86,"水災,震災,土石流,海嘯",王雁音,02-24223053,是,否,是,True,基隆,44,3062.382379745743,3.0623823797457432
5827,新北市淡水區,八勢里,竹林路35號,121.4617,25.146,竹圍高中,八勢里、竹圍里、民生里、民權里、福德里,612,"土石流,海嘯",陳麗晶,02-28091557#131,是,是,是,True,淡水,43,2403.6159440748693,2.4036159440748692
5828,基隆市中正區,建國里,祥豐街467號2樓,121.7696,25.146,建國里民活動中心,建國里,54,"水災,震災,土石流,海嘯",陳?信,02-24620798,是,否,是,True,基隆,44,2098.326814656439,2.0983268146564393
5829,基隆市中山區,中和里,中和路64號,121.7204,25.1462,中和國小,中和里,50,"水災,震災,土石流,海嘯",楊文正,02-24371751,是,否,是,True,基隆,44,4421.463444436879,4.421463444436879
5830,基隆市中山區,德和里,復興路206號,121.7268,25.1464,德和里民活動中心,德和里,50,"水災,震災,土石流,海嘯",曾聖為,02-24373167,是,否,是,True,基隆,44,3858.612090706246,3.858612090706246
5831,新北市八里區,米倉里,龍米路2段129巷1號,121.4454,25.1468,米倉國小,米倉里,688,"水災,震災,土石流,海嘯",林愛玲校長,26182202201,是,是,是,True,淡水,43,1998.4101280376697,1.9984101280376696
5832,基隆市中山區,仙洞里,仁安街141號,121.747111,25.147188,仙洞國小,仙洞里,76,震災,陳建宏,02-24223031,是,否,是,True,基隆,44,2385.0962744884787,2.3850962744884785
5833,新北市淡水區,八勢里,中正東路2段145號,121.4602,25.1475,竹圍國小,八勢里、竹圍里、民生里、民權里,580,"水災,震災,土石流,海嘯",黃博亭,02-28091475#215,是,是,是,True,淡水,43,2183.329980392816,2.1833299803928163
5834,基隆市中山區,仙洞里,太白街2之3號,121.7464,25.1477,仙洞里民活動中心,仙洞里,60,"水災,震災,海嘯",何銘松,02-24264626,是,否,是,True,基隆,44,2471.967837867042,2.4719678378670418
5835,基隆市中山區,通明里,中華路42號,121.7382,25.1479,通明里休閒活動中心,通明里,60,"水災,震災,土石流,海嘯",林寶?,02-24238842,是,否,是,True,基隆,44,3027.0121171764295,3.0270121171764295
5836,基隆市中正區,海濱里,祥豐街246號,121.7715,25.148,基隆海事活動中心,海濱里,148,"土石流,海嘯",總務主任楊孟山,02-24621602,是,否,是,True,基隆,44,2384.0487675261575,2.3840487675261572
5837,基隆市中山區,通明里,中華路46巷2號,121.7382,25.1483,通明里民活動中心,通明里,60,"水災,震災,土石流,海嘯",林寶?,02-24238842,是,否,是,True,基隆,44,3057.5543529456622,3.057554352945662
5838,基隆市中正區,中濱里,武昌街70巷23號,121.7642,25.1485,中濱里民活動中心,中濱里,40,"水災,震災,土石流,海嘯",黃凱義,02-24620181,是,否,是,True,基隆,44,2181.938785512148,2.181938785512148
5839,新北市八里區,舊城里,中山路2段251號1樓,121.4029,25.1487,文化活動中心,舊城里、訊塘里、荖阡里、長坑里、下罟里,50,"水災,震災,土石流",鄭鳳英,02-86303264,是,否,否,True,淡水,43,4988.679145406363,4.988679145406363
5840,臺北市北投區,,臺北市北投區東昇路34號,121.5243,25.1492,泉源國小,泉源里、湖田里,30,"水災,震災",劉得劦,28951258#141,是,否,否,True,陽明,44,3751.1672858955694,3.7511672858955696
5841,新北市八里區,舊城里,中山路二段338號,121.403,25.1495,八里國小,舊城里、訊塘里、荖阡里,1243,"水災,震災,土石流",蔡國臣,2.61E+11,是,是,否,True,淡水,43,4948.774874994083,4.948774874994083
5842,基隆市中正區,中正里,中正路656巷146號,121.7672,25.1495,中正里民活動中心,中正里,60,"震災,土石流,海嘯",梁火龍,02-24621889,是,否,是,True,基隆,44,2364.716633321905,2.364716633321905
5843,基隆市中山區,德安里,復興路259巷1之1號,121.7264,25.1499,德安里民活動中心,德安里,45,"水災,震災,海嘯",謝銘傳,02-24374723,是,否,是,True,基隆,44,4097.705004600324,4.097705004600324
5844,臺北市北投區,,臺北市北投區湖底路11號,121.5355,25.15,湖山國小,湖山里、永和里,20,"水災,震災",陳立偉,28610148#130,是,否,否,True,陽明,44,3673.3099041172395,3.6733099041172395
5845,基隆市中正區,海濱里,北寧路2號,121.776731,25.150069,國立臺灣海洋大學,海濱里,629,震災,吳晴香,02-24622192#1143,是,否,否,True,基隆,44,2861.461807857784,2.861461807857784
5846,基隆市中山區,和慶里,中和路168巷10弄37號,121.7153,25.151,大慶活動中心,和慶里,120,"水災,震災,土石流,海嘯",葉錦地,02-24377878,是,否,是,True,基隆,44,5120.03573544163,5.12003573544163
5848,基隆市中山區,太白里,光華路7號2樓,121.743,25.1518,太白里民活動中心,太白里,40,"水災,震災,海嘯",陳貴文,02-24264512,是,否,是,True,基隆,44,3040.2664035324556,3.0402664035324554
5850,基隆市中山區,文化里,文化路161巷44之5號,121.7317,25.1535,文化里民活動中心,文化里,60,"水災,震災,海嘯",梁高淑榛,02-24239180,是,否,是,True,基隆,44,3929.3863387846927,3.929386338784693
5851,基隆市中山區,文化里,文化路162號,121.7307,25.1542,中山高中活動中心,協和里,160,"水災,震災,土石流,海嘯",郭偉志,02-24248191,是,否,是,True,基隆,44,4055.958121348583,4.055958121348583
5852,基隆市中正區,社寮里,和一路155巷14號,121.7643,25.1546,和平島聯合里民活動中心,社寮里、和憲里,55,"水災,震災,土石流",范詠翔,02-24628668,是,否,是,True,基隆,44,2849.5789131355577,2.8495789131355576
5853,臺北市北投區,,北投區復興三路312號,121.5043,25.1547,大屯國小,大屯里,20,"水災,震災",黃騏堯,02-28914353#13,是,否,否,True,陽明,44,4016.229640106466,4.016229640106466
5854,基隆市中正區,平寮里,和一路186號,121.7638,25.1551,平寮里民活動中心,平寮里、和憲里,21,"水災,震災,土石流",蔡淑貞,02-24631305,是,否,是,True,基隆,44,2897.3494973305287,2.897349497330529
5855,基隆市中正區,社寮里,和一路84巷26號,121.766067,25.15565,和平國小活動中心,社寮里、和憲里,100,"水災,震災,土石流,海嘯",莊校長士杰,02-24622106,是,否,否,True,基隆,44,2995.5325232699197,2.9955325232699197
5856,基隆市安樂區,內寮里,基隆市安樂區武聖街九號,121.6965,25.1569,內寮里民活動中心,內寮里,127,"水災,震災,土石流,海嘯",陳玉慧,02-24327738,是,否,是,True,基隆,44,7106.610009690182,7.106610009690182
5857,基隆市中山區,協和里,協和路150號,121.7345,25.1573,協和里民活動中心,協和里,50,"水災,震災,土石流",張中信,02-24276688,是,否,是,True,基隆,44,4043.6987355042074,4.043698735504208
5858,新北市淡水區,坪頂里,小坪頂18號,121.4839,25.1583,坪頂國小,坪頂里、樹興里,395,"水災,震災,土石流",吳龍財,02-86263105#12,是,是,是,True,淡水,43,3561.041292017476,3.561041292017476
5859,新北市八里區,大崁里,中山路1段21號,121.4221,25.1589,大崁老人活動中心,大崁里、埤頭里、頂罟里,100,"水災,震災,土石流",林淑芳,26102621#231,是,否,否,True,淡水,43,2805.3167655089496,2.8053167655089495
5860,新北市八里區,米倉里,渡船頭街11巷8號,121.4344,25.1589,渡船頭市民活動中心,米倉里、龍源里,50,"水災,震災,土石流",陳守延,02-86301527,是,否,否,True,淡水,43,1619.4255662615963,1.6194255662615962
5861,新北市八里區,大崁里,中山路1段95號,121.4152,25.1591,大埤頂市民活動中心,大崁里、埤頭里、頂罟里,70,"水災,震災,土石流",黃淑慧,02-86305857,是,否,否,True,淡水,43,3483.204804980825,3.483204804980825
5862,新北市萬里區,崁?里,崁腳里崁腳路59號,121.6486,25.1599,崁腳國小,雙興、溪底、崁腳及中幅4里,251,"震災,土石流,海嘯",曾怡琄,02-24922064#332,是,是,否,True,汐止,40,10404.355094366743,10.404355094366743
5863,新北市八里區,大崁里,忠八街2號,121.4194,25.1603,大崁國小,大崁里、埤頭里、頂罟里,1193,"水災,震災,土石流,海嘯",黃家業,86305678,是,是,否,True,淡水,43,3043.8112773236867,3.0438112773236865
5864,新北市萬里區,崁?里,崁腳里崁腳路55-1號,121.6497,25.1605,崁腳活動中心,雙興、溪底、崁腳及中幅四里,30,"震災,土石流,海嘯",曾怡琄,02-24922064#332,是,否,是,True,汐止,40,10479.537194776844,10.479537194776844
5865,新北市淡水區,竿蓁里,中正東路一段3巷6號,121.451437,25.163513,竿蓁活動中心,八勢里、坪頂里、竿蓁里,193,"水災,震災,土石流,海嘯",蘇惠珊,02-26221020,是,否,是,True,淡水,43,247.07991487720065,0.24707991487720066
5867,新北市萬里區,雙興里,萬里區雙興里大坪路19號,121.6364,25.1642,大坪國小,萬里、北基、龜吼、崁腳、溪底、雙興6里,240,"震災,土石流,海嘯",曾怡琄,02-24922064#332,是,是,否,True,汐止,40,10860.061546657573,10.860061546657573
5869,臺北市北投區,,北投區竹子湖路17-2號,121.5387,25.1684,湖田國小,湖田里,20,"水災,震災",張正宇,28616963#10,是,否,否,True,陽明,44,1833.3816429072676,1.8333816429072676
5870,新北市淡水區,樹興里,樹林口14-2號,121.476943,25.168467,樹興里活動中心,樹興里,30,"水災,震災,土石流,海嘯",許秋芳,02-26232496,是,否,否,True,淡水,43,2827.094541420611,2.8270945414206112
5872,新北市淡水區,長庚里,中山路72巷1弄10號,121.4432,25.1711,長庚活動中心,樹興里、竿蓁里、鄧公里、中興里、長庚里、清文里、草東里、永吉里、民安里、幸福里、學府里,74,"水災,震災,土石流",蘇惠珊,02-26221020#7710,是,否,是,True,淡水,43,951.3375222577203,0.9513375222577203
5873,新北市淡水區,學府里,學府路99號,121.4493,25.1713,鄧公國小,竿蓁里、鄧公里、學府里、幸福里、中興里、長庚里、樹興里,1066,"水災,震災,土石流,海嘯",吳建中,02-26297121#150,是,是,是,True,淡水,43,753.2415121756184,0.7532415121756184
5874,新北市淡水區,中興里,水源街一段29號,121.4432,25.1723,中興活動中心,中興里、幸福里、鄧公里、協元里、長庚里、清文里、草東里、永吉里、民安里、幸福里,57,"水災,震災,土石流",蘇惠珊,02-26221020#7710,是,否,是,True,淡水,43,1056.907694113085,1.056907694113085
5875,新北市淡水區,協元里,中山路160號,121.4414,25.1734,淡水國小,協元里、永吉里、草東里、清文里、新生里、新義里,665,"水災,震災,土石流,海嘯",許維凌,02-26212755,是,是,是,True,淡水,43,1263.437975676216,1.263437975676216
5876,新北市淡水區,文化里,真理街6號,121.4374,25.174,文化國小,文化里、新生里、民安里,436,"水災,震災,土石流",宋宏懋,02-26212031#851,是,是,是,True,淡水,43,1591.0843574160708,1.591084357416071
5877,新北市淡水區,文化里,真理街10號,121.4367,25.1747,淡水國中,文化里、油車里、新民里、新生里,1608,"震災,土石流,海嘯",蕭淑雲,02-26212758#23,是,是,是,True,淡水,43,1695.3273013494386,1.6953273013494385
5878,新北市萬里區,萬里里,萬里里瑪鋉路18號,121.689132,25.176187,萬里國小,雙興、溪底、崁腳、中幅、萬里、北基共6里,897,"水災,震災,土石流",曾怡琄,02-24922064#332,是,是,否,True,基隆,44,8846.480071906846,8.846480071906846
5879,新北市萬里區,萬里里,獅頭路24號,121.694414,25.177791,萬里國中,萬里、北基、雙興、中幅共4里,475,"水災,震災,土石流,海嘯",曾怡琄,02-24922064#332,是,否,否,True,基隆,44,8532.860576990062,8.532860576990062
5880,新北市萬里區,,萬里里瑪鋉路123號6樓,121.6854,25.1778,萬里區行政大樓,萬里、北基、龜吼及野?4里,214,"水災,震災,土石流,海嘯",楊慧茸,02-24922064332,是,否,是,True,基隆,44,9256.093087604977,9.256093087604977
5881,新北市萬里區,萬里里,瑪鋉路15號,121.685353,25.177827,中華商業海事職業學校,萬里、北基、中幅3里,125,"震災,土石流,海嘯",曾怡琄,02-24922064#332,是,是,否,True,基隆,44,9261.68640277608,9.26168640277608
5883,新北市淡水區,水碓里,中山北路158號,121.4442,25.178,水碓活動中心,水碓里、正德里、北新里、新興里,102,"水災,震災,土石流",蘇惠珊,02-26221020#7710,是,否,是,True,淡水,43,1579.2706544842003,1.5792706544842003
5884,新北市萬里區,萬里里,萬里里瑪鋉路123號6樓,121.689623,25.178167,萬里區行政大樓,萬里、北基、龜吼、野?、中幅5里,214,"水災,震災,土石流",曾怡琄,02-24922064#332,是,否,是,True,基隆,44,8937.937187966218,8.937937187966218
5885,新北市淡水區,新義里,大義街18號,121.443054,25.178396,新興活動中心,新義里、新民里、新春里、正德里、北新里、水碓里、新興里,446,"水災,震災,土石流",蘇惠珊,02-26221020#7710,是,否,是,True,淡水,43,1660.6929992470007,1.6606929992470008
5886,新北市淡水區,北新里,北新路109號,121.4476,25.179,正德國中,正德里、北新里、崁頂里、水碓里、北投里,2005,"震災,土石流,海嘯",張淑玲,02-26205136#142,是,是,是,True,淡水,43,1614.5989340830686,1.6145989340830686
5887,新北市淡水區,新興里,新興街123號,121.44,25.1797,新興國小,新興里、新義里、新春里、新民里、沙崙里、崁頂里,663,"震災,土石流,海嘯",張瓊烽,02-26203646#198,是,是,是,True,淡水,43,1924.0686063713638,1.9240686063713637
5888,新北市淡水區,油車里,淡海路72巷26號,121.4243,25.1816,天生國小,沙崙里、油車里、大庄里,798,"震災,土石流,海嘯",曾獻輝,02-28052695#23,是,是,是,True,淡水,43,3147.5698861391716,3.1475698861391717
5889,新北市淡水區,大庄里,淡海路111號,121.422969,25.181789,淡海活動中心,沙崙里、油車里、大庄里,148,"水災,震災,土石流,海嘯",蘇惠珊,02-26221020#7710,是,否,是,True,淡水,43,3267.946975132826,3.2679469751328263
5891,新北市淡水區,水源里,北新路二段15號,121.4765,25.1858,水源國小,水源里、忠寮里,614,"水災,土石流,海嘯",黃建書,02-26211347#12,是,是,是,True,淡水,43,3621.7931258776102,3.6217931258776104
5892,新北市淡水區,水源里,北新路二段15號2樓,121.476527,25.185817,水源里活動中心,水源里,85,"水災,震災,土石流,海嘯",徐榮樹,02-26213059,是,否,否,True,淡水,43,3625.0845614060036,3.6250845614060037
5893,新北市淡水區,北投里,中山北路二段200號,121.44451,25.186023,新市國小,北投里、埤島里、崁頂里、新春里,1490,"水災,震災,土石流",高林瑋,02-2626-2141#831,否,否,是,True,淡水,43,2431.2301567235463,2.4312301567235464
5894,新北市淡水區,埤島里,商工路307號,121.454,25.1868,淡水商工,埤島里、忠寮里、水源里、北投里,1264,"水災,震災,土石流,海嘯",陳俊良,02-26203930#205,是,是,是,True,淡水,43,2516.296773096989,2.516296773096989
5896,新北市淡水區,埤島里,埤島里14號,121.4449,25.197,育英國小,埤島里、義山里、興仁里、忠山里,261,"水災,震災,土石流,海嘯",陳建男,02-26214390#102,是,是,否,True,淡水,43,3626.4054573909198,3.62640545739092
5898,新北市淡水區,忠山里,行忠路899號,121.48,25.2011,忠山國小,忠山里、忠寮里、番薯里、義山里、水源里,213,"水災,土石流,海嘯",翁韻淇,02-26216139#12,是,是,是,True,淡水,43,5103.792203594564,5.103792203594564
5900,新北市萬里區,野柳里,野柳里港東路1-5號,121.6861,25.2029,野柳活動中心,野柳、磺潭及大鵬3里,216,"水災,震災,土石流",曾怡琄,02-24922064#332,是,否,是,True,基隆,44,11058.639304140679,11.058639304140678
5901,新北市三芝區,興華里,田心子5號,121.501531,25.203711,新北市三芝區興華國民小學,興華里、店子里,408,"水災,震災,土石流",吳秉樺,26371366-205,是,是,否,True,陽明,44,3660.383586093108,3.660383586093108
5902,新北市萬里區,野柳里,港東路167號,121.689442,25.205606,野柳國小,大鵬、野柳、龜吼共3里,658,"水災,震災,土石流",曾怡琄,02-24922064#332,是,是,否,True,基隆,44,11062.032161931664,11.062032161931663
5903,新北市萬里區,大鵬里,萬里加投14號,121.650866,25.208821,大鵬國小,大鵬、野柳、龜吼、磺潭共4里,1306,"水災,震災,土石流",曾怡琄,02-24922064#332,是,是,否,True,陽明,44,12560.594653222732,12.560594653222731
5904,新北市萬里區,大鵬里,頂社路18號之6,121.655728,25.210529,頂寮活動中心,大鵬里、磺潭里,69,"水災,震災,土石流",曾怡琄,02-24922064#332,是,否,是,True,陽明,44,13081.108821389791,13.08110882138979
5905,新北市金山區,五湖里,月眉路,121.631809,25.213216,公館崙公園,全區,500,,范雅鈞,24985966轉173,否,否,否,True,陽明,44,10842.128204521769,10.842128204521769
5906,新北市淡水區,興仁里,興仁路101巷10號,121.4511,25.2175,興仁國小,興仁里、義山里、賢孝里、屯山里、番薯里、中和里,450,"水災,震災,土石流",陳曉音,02-2621378#33,是,是,是,True,淡水,43,5873.671661675014,5.873671661675013
5908,新北市金山區,重和里,金山區重和里六股林口38號,121.6029,25.2189,三和國小,全區,156,"水災,土石流,海嘯",范雅鈞,02-24985965轉188,是,是,否,True,陽明,44,8405.611880004262,8.405611880004262
5910,新北市三芝區,圓山里,木屐寮32號,121.5295,25.221698,新北市三芝區圓山里活動中心,圓山里,24,"水災,震災,土石流",江美樺,02-26362111-293,是,是,是,True,陽明,44,4317.329841459158,4.317329841459158
5911,新北市金山區,美田里,金山區美田里忠孝一路111號,121.6327,25.2217,金美國小,全區,892,"水災,震災,土石流,海嘯",范雅鈞,24986503,是,是,否,True,陽明,44,11253.199278753556,11.253199278753556
5912,新北市金山區,大同里,金山區大同里溫泉路2巷10號,121.6408,25.2217,中山堂〈1樓禮堂〉,全區,501,"水災,震災,土石流,海嘯",范雅鈞,02-24985965,是,否,否,True,陽明,44,12011.122545388494,12.011122545388494
5913,新北市金山區,大同里,金山區大同里金包里街180號,121.6367,25.2237,金山國小,全區,503,"水災,震災,土石流",范雅鈞,02-24985966,是,是,是,True,陽明,44,11710.489823221878,11.710489823221879
5914,新北市淡水區,中和里,中和里北勢子5號,121.4847,25.2241,中泰國小,中和里、蕃薯里、屯山里、賢孝里,915,"水災,土石流,海嘯",林文安,02-28012033#113,是,是,是,True,陽明,44,6439.42566470349,6.4394256647034895
5915,新北市金山區,美田里,金山區美田里文化路2號,121.6372,25.2246,金山高中,全區,520,"水災,震災,土石流",范雅鈞,02-24985966轉188,是,是,否,True,陽明,44,11795.767232174845,11.795767232174844
5916,新北市金山區,磺港里,金山區磺港里青年路1號,121.6411,25.2259,金山青年活動中心,全區,23369,"水災,震災,土石流,海嘯",范雅鈞,02-24985965,是,否,否,True,陽明,44,12213.729541108714,12.213729541108714
5917,新北市金山區,六股里,三界壇路101-1號,121.620711,25.230093,六三社區活動中心,全區,45,"水災,震災,海嘯",范雅鈞,02-24985966轉188,是,否,否,True,陽明,44,10576.807294700266,10.576807294700266
5920,新北市三芝區,八賢里,八連溪41號,121.513105,25.237065,新北市三芝區八賢里活動中心,八賢里,45,"水災,震災,土石流",余美華,02-26362111-299,否,否,是,True,陽明,44,6244.3353307835905,6.24433533078359
5921,新北市淡水區,中和里,淡金路五段111號,121.4564,25.2373,屯山國小,屯山里、賢孝里、興仁里、中和里,251,"水災,震災,土石流",林玟漣,02-28012591#810,是,是,是,True,淡水,43,8096.113592148029,8.09611359214803
5922,新北市金山區,萬壽里,金山區萬壽里海興路49號,121.6306,25.2398,中角國小,全區,249,"水災,震災,土石流,海嘯",范雅鈞,02-24985965轉188,是,是,否,True,富貴角,60,11383.875664035282,11.383875664035282
5923,新北市金山區,萬壽里,海興路69號之1,121.631354,25.2405,萬壽活動中心,全區,73,土石流,范雅鈞,02-24985966轉188,是,否,否,True,富貴角,60,11404.51881546987,11.40451881546987
5927,新北市三芝區,埔頭里,新北區三芝區育英街22號,121.5016,25.2579,新北市三芝區三芝國民小學,茂長里、埔頭里、古庄里、後厝里、埔坪里,956,"水災,震災,土石流,海嘯",陳文龍主任李明珊組長,26362005,是,是,否,True,富貴角,60,5566.602679838885,5.566602679838885
5929,新北市三芝區,橫山里,大坑86號,121.529765,25.258894,新北市三芝區橫山國民小學,橫山里,319,,陳志哲,02-26362473-13,是,是,否,True,富貴角,60,4256.247779301461,4.256247779301462
5930,新北市三芝區,埔坪里,新北區三芝區淡金路一段38號,121.5028,25.26,新北市立三芝國民中學,古庄里、錫板里、茂長里、福德里,1182,"水災,震災,土石流,海嘯",彝育成組長陳永隆主任,26362004-19,是,是,是,True,富貴角,60,5310.249485763197,5.310249485763197
5931,新北市石門區,茂林里,石門區茂林社區74號,121.5923,25.2693,乾華國小禮堂,乾華里,671,"水災,震災,土石流,海嘯",王光平,02-26381269,是,是,否,True,富貴角,60,6387.000886277138,6.387000886277138
5932,新北市石門區,茂林里,茂林社區1-1號,121.591831,25.27188,茂林里活動中心,"茂林里,乾華里",110,"水災,震災,土石流,海嘯",鍾國勳,2638-1721#301,是,是,否,True,富貴角,60,6213.260682248357,6.2132606822483565
5933,新北市石門區,草里里,草里里阿里荖33號之1,121.606719,25.28074,草里里活動中心,草里里 有電梯,78,"水災,震災,土石流",鍾國勳,2638-1721#301,是,否,是,True,富貴角,60,7285.599339706186,7.285599339706185
5934,新北市石門區,德茂里,德茂里下員坑 33-6號,121.519157,25.283263,北海岸風景管理處德茂里活動中心,德茂里,25,"水災,土石流",鍾小姐,8635-5100#2137,是,否,否,True,富貴角,60,2308.4163910053376,2.3084163910053377
5935,新北市石門區,老梅里,石門區老梅老梅路10號,121.545,25.2889,老梅國小教室,老梅里 警衛:廖信仲0920391857,426,"震災,土石流",張雅俐,02-26381721605,是,是,否,True,富貴角,60,1220.6235247435977,1.2206235247435977
5936,新北市石門區,富基里,富基里楓林37-6號,121.540628,25.289023,富基里活動中心,富基里,69,"水災,震災,土石流,海嘯",鐘國勳,2638-1721#301,是,是,是,True,富貴角,60,955.2151837068457,0.9552151837068457
5937,新北市石門區,老梅里,老梅里老梅路43號3樓,121.545195,25.289433,老梅里活動中心,老梅里 有電梯,54,"水災,土石流",鍾國勳,2638-1721#301,是,否,是,True,富貴角,60,1193.1397398375955,1.1931397398375956
5938,新北市石門區,山溪里,山溪里老崩山6-5號,121.55172,25.290889,山溪里活動中心,山溪里,275,土石流,鐘國勳,2638-1721#301,是,否,否,True,富貴角,60,1661.0482369873919,1.6610482369873918
5939,新北市石門區,石門里,石門街一號,121.565885,25.291194,石門里活動中心,石門里,52,土石流,鍾國勳,2638-1721#301,是,否,否,True,富貴角,60,3017.184781385896,3.017184781385896
5940,新北市石門區,石門里,石門區石門里中央路1-9號,121.5645,25.2912,石門區體育館,石門里,325,"水災,震災,土石流",花家郎,02-2638-1273轉134,是,是,是,True,富貴角,60,2880.7162459899005,2.8807162459899005
5942,新北市石門區,石門里,石門區尖鹿里中央路1--9號,121.5646,25.2913,石門國民中學,尖鹿里、石門里,435,土石流,花家郎,2638-1273轉134,是,是,否,True,富貴角,60,2888.1844122532652,2.888184412253265
5943,新北市石門區,尖鹿里,中央路9號,121.56704,25.291855,石門國小,尖鹿里石門里,695,"水災,震災,土石流",黃朝傳主任,963061365,是,是,否,True,富貴角,60,3117.335415579374,3.117335415579374
5944,新北市石門區,尖鹿里,尖鹿里中央路9之3號1樓,121.566842,25.292022,尖鹿里活動中心,尖鹿里,25,土石流,鐘國勳,2638-1721#301,是,否,否,True,富貴角,60,3094.4799530898254,3.0944799530898255
5947,連江縣南竿鄉,仁愛村,95號,119.9311,26.1409,仁愛國小教室,仁愛村,0,"水災,震災,土石流",曹正偉,912547147,是,否,是,True,馬祖,61,2588.081036440715,2.5880810364407147
5949,連江縣南竿鄉,介壽村,374號,119.9551,26.1541,國立馬祖高中,介壽村,0,"水災,震災,土石流,海嘯",賴哲彥,988071001,是,否,是,True,馬祖,61,240.97581717027305,0.24097581717027305
5950,連江縣南竿鄉,介壽村,374-2號,119.9533,26.155,連江縣體育館,介壽村,0,"水災,震災,土石流,海嘯",林建國,921932002,是,否,是,True,馬祖,61,151.42459329873572,0.15142459329873573
5951,連江縣南竿鄉,介壽村,156號,119.9575,26.1551,老人活動中心,介壽村,0,"水災,震災,土石流",王芳琳,920121824,是,否,是,True,馬祖,61,500.89328069541875,0.5008932806954187
5952,連江縣南竿鄉,馬祖村,4號,119.9254,26.1591,中正國中小學教室,馬祖村,0,"水災,震災,土石流,海嘯",陳松梗,928812999,是,否,是,True,馬祖,61,2795.9810150097996,2.7959810150097995
5953,連江縣南竿鄉,介壽村,13號,119.9551,26.1601,介壽國中小學教室,介壽村,0,"水災,震災,土石流,海嘯",陳祖武,919919621,是,否,是,True,馬祖,61,744.042134882199,0.744042134882199
5954,連江縣南竿鄉,福沃村,港口,119.9494,26.1605,福沃候船大樓,福沃村,0,"水災,震災,土石流",李慧英,937505830,是,否,是,True,馬祖,61,819.806457487187,0.8198064574871871
5955,連江縣北竿鄉,白沙村,72號,119.969141,26.205717,港務大樓,白沙村,100,,陳振火,937505820,否,否,否,True,馬祖,61,5988.481217122975,5.988481217122975
5956,連江縣北竿鄉,,59號,119.974369,26.215342,?里國小,?里村,0,,劉碧雲,937077397,否,否,否,True,馬祖,61,7160.3437406500325,7.160343740650032
5957,連江縣北竿鄉,塘岐村,55號,119.997023,26.223545,塘岐國小,塘岐村,0,,陳功德,937770312,否,否,否,True,馬祖,61,8912.340638517877,8.912340638517877
5959,連江縣北竿鄉,芹壁村,84號,119.980487,26.224023,中山國中,芹壁村,0,,蕭建福,919919713,否,否,否,True,馬祖,61,8267.128205771472,8.267128205771472
5960,連江縣北竿鄉,塘岐村,260-1號,119.997413,26.225534,老人活動中心,塘岐村,0,,陳如嵐,919133461,否,否,否,True,馬祖,61,9123.250084379264,9.123250084379263
5961,連江縣北竿鄉,塘岐村,北竿鄉塘岐村,119.996627,26.227096,塘歧羽球館,塘岐村,0,,陳冠國,911837560,否,否,否,True,馬祖,61,9236.935215994392,9.236935215994391
5963,連江縣東引鄉,樂華村,72-1號,120.487955,26.366913,東引鄉活動中心,樂華村,0,,林美春,933768131,否,否,否,True,馬祖,61,58450.24611068324,58.45024611068324
5964,連江縣東引鄉,中柳村,94號,120.488451,26.367919,東引國中小教室,中柳村,0,,王禮民,921932933,否,否,否,True,馬祖,61,58540.44761268903,58.54044761268903
5965,連江縣東引鄉,中柳村,95號,120.487894,26.368364,東引鄉體育館,中柳村,0,,林美春,933768131,否,否,否,True,馬祖,61,58509.516245525425,58.509516245525425
